DATE;TIME;PC0672_OP.PV
10/31/2017;00:00:00;89.092396075389
10/31/2017;01:00:00;75.5204787634357
10/31/2017;02:00:00;71.9911843556915
10/31/2017;03:00:00;73.2696360871611
10/31/2017;04:00:00;73.3396334040044
10/31/2017;05:00:00;72.7731930482619
10/31/2017;06:00:00;71.5586687844043
10/31/2017;07:00:00;72.2346523522583
10/31/2017;08:00:00;72.6667448242583
10/31/2017;09:00:00;71.3001890360482
10/31/2017;10:00:00;70.3238838326861
10/31/2017;11:00:00;72.264255363047
10/31/2017;12:00:00;72.852148903052
10/31/2017;13:00:00;70.905445746572
10/31/2017;14:00:00;68.4866492131459
10/31/2017;15:00:00;68.2996541301689
10/31/2017;16:00:00;67.7342461315916
10/31/2017;17:00:00;65.7472522384224
10/31/2017;18:00:00;66.4318371995827
10/31/2017;19:00:00;67.2552706290637
10/31/2017;20:00:00;66.743624625055
10/31/2017;21:00:00;66.7614881363873
10/31/2017;22:00:00;66.5198022506139
10/31/2017;23:00:00;66.3360610182095
11/01/2017;00:00:00;66.0578381815208
11/01/2017;01:00:00;66.6739209156904
11/01/2017;02:00:00;66.5763205915839
11/01/2017;03:00:00;66.2557563312709
11/01/2017;04:00:00;65.880935309626
11/01/2017;05:00:00;66.2304543761224
11/01/2017;06:00:00;65.9133862505654
11/01/2017;07:00:00;65.4854179966317
11/01/2017;08:00:00;65.7182404736622
11/01/2017;09:00:00;65.5105269178263
11/01/2017;10:00:00;66.016979311329
11/01/2017;11:00:00;65.9885570159099
11/01/2017;12:00:00;66.452283024235
11/01/2017;13:00:00;65.4608071922549
11/01/2017;14:00:00;65.690561130398
11/01/2017;15:00:00;65.7094549082368
11/01/2017;16:00:00;66.7027360562856
11/01/2017;17:00:00;66.6570046412085
11/01/2017;18:00:00;66.4743582952856
11/01/2017;19:00:00;66.0189254764623
11/01/2017;20:00:00;66.6459908634504
11/01/2017;21:00:00;66.0011158964253
11/01/2017;22:00:00;65.4069315462909
11/01/2017;23:00:00;65.5854223279025
11/02/2017;00:00:00;65.6977900822791
11/02/2017;01:00:00;65.0592306765378
11/02/2017;02:00:00;65.3015721140322
11/02/2017;03:00:00;65.1483787001432
11/02/2017;04:00:00;65.7083467834527
11/02/2017;05:00:00;65.5829695968756
11/02/2017;06:00:00;65.4984481833944
11/02/2017;07:00:00;66.2605807358417
11/02/2017;08:00:00;67.639205359833
11/02/2017;09:00:00;67.9741609361635
11/02/2017;10:00:00;66.9296461216591
11/02/2017;11:00:00;66.564513612643
11/02/2017;12:00:00;67.9745223581959
11/02/2017;13:00:00;68.3532102793017
11/02/2017;14:00:00;67.2308088257002
11/02/2017;15:00:00;67.4925707663067
11/02/2017;16:00:00;67.4647565972295
11/02/2017;17:00:00;67.5041529247006
11/02/2017;18:00:00;69.6028254584506
11/02/2017;19:00:00;70.3428933727102
11/02/2017;20:00:00;70.1059038875457
11/02/2017;21:00:00;68.9815421350976
11/02/2017;22:00:00;68.8182282717385
11/02/2017;23:00:00;69.0464224686083
11/03/2017;00:00:00;68.8411506338157
11/03/2017;01:00:00;69.0056150992234
11/03/2017;02:00:00;68.5825733263892
11/03/2017;03:00:00;68.0495464209364
11/03/2017;04:00:00;68.2464357460242
11/03/2017;05:00:00;67.9027074047527
11/03/2017;06:00:00;68.1766711013385
11/03/2017;07:00:00;68.1072633800333
11/03/2017;08:00:00;68.7111909381428
11/03/2017;09:00:00;68.0643712688767
11/03/2017;10:00:00;67.4618715030702
11/03/2017;11:00:00;68.7908765346417
11/03/2017;12:00:00;67.851695318296
11/03/2017;13:00:00;68.2987801480723
11/03/2017;14:00:00;67.3420877712142
11/03/2017;15:00:00;66.8723654886159
11/03/2017;16:00:00;66.8495191309145
11/03/2017;17:00:00;64.3558782308583
11/03/2017;18:00:00;65.5541659889134
11/03/2017;19:00:00;66.1155487730263
11/03/2017;20:00:00;65.5499225438915
11/03/2017;21:00:00;65.9575971303248
11/03/2017;22:00:00;64.9028371702721
11/03/2017;23:00:00;64.5956559258255
11/04/2017;00:00:00;65.5784829553927
11/04/2017;01:00:00;65.8295838641985
11/04/2017;02:00:00;65.7773498523633
11/04/2017;03:00:00;66.4374849013764
11/04/2017;04:00:00;66.03751848469
11/04/2017;05:00:00;66.2139177139956
11/04/2017;06:00:00;66.3105973454807
11/04/2017;07:00:00;66.4978761469303
11/04/2017;08:00:00;67.3561598505266
11/04/2017;09:00:00;66.2129541065599
11/04/2017;10:00:00;66.9326789216821
11/04/2017;11:00:00;67.7982651656768
11/04/2017;12:00:00;67.990676806707
11/04/2017;13:00:00;66.9689271901144
11/04/2017;14:00:00;67.3074922628058
11/04/2017;15:00:00;66.9268974184641
11/04/2017;16:00:00;65.547788607333
11/04/2017;17:00:00;66.2771298780412
11/04/2017;18:00:00;67.466401231572
11/04/2017;19:00:00;68.3503440324199
11/04/2017;20:00:00;67.8104304998215
11/04/2017;21:00:00;69.3206261840006
11/04/2017;22:00:00;70.2234834315847
11/04/2017;23:00:00;69.6123578755705
11/05/2017;00:00:00;68.509048534356
11/05/2017;01:00:00;68.124053733045
11/05/2017;02:00:00;68.2574194201624
11/05/2017;03:00:00;67.9427681637519
11/05/2017;04:00:00;68.1906958692751
11/05/2017;05:00:00;68.1781178494599
11/05/2017;06:00:00;69.0332008725936
11/05/2017;07:00:00;68.8120243686346
11/05/2017;08:00:00;68.7802138475735
11/05/2017;09:00:00;67.1128666335481
11/05/2017;10:00:00;67.2275993358275
11/05/2017;11:00:00;66.6690858182138
11/05/2017;12:00:00;66.8726941741228
11/05/2017;13:00:00;66.1544267963825
11/05/2017;14:00:00;66.4040061443095
11/05/2017;15:00:00;65.3452917138334
11/05/2017;16:00:00;65.7924116688346
11/05/2017;17:00:00;65.6861320929918
11/05/2017;18:00:00;66.4343272597703
11/05/2017;19:00:00;66.8002947172577
11/05/2017;20:00:00;67.616860856104
11/05/2017;21:00:00;67.2115653307009
11/05/2017;22:00:00;66.9791662996319
11/05/2017;23:00:00;67.2229457046195
11/06/2017;00:00:00;66.9992274471529
11/06/2017;01:00:00;68.7477224905237
11/06/2017;02:00:00;68.4444790826904
11/06/2017;03:00:00;68.3806189863373
11/06/2017;04:00:00;68.30830632406
11/06/2017;05:00:00;67.9687695227735
11/06/2017;06:00:00;67.7140394819973
11/06/2017;07:00:00;67.8540960925875
11/06/2017;08:00:00;68.002969405667
11/06/2017;09:00:00;66.6131785030667
11/06/2017;10:00:00;66.6882717077649
11/06/2017;11:00:00;66.1785818898434
11/06/2017;12:00:00;66.8280023112815
11/06/2017;13:00:00;65.3794686092253
11/06/2017;14:00:00;68.180241930429
11/06/2017;15:00:00;68.9805582479659
11/06/2017;16:00:00;69.2238117660066
11/06/2017;17:00:00;66.5887515003824
11/06/2017;18:00:00;66.6564389910276
11/06/2017;19:00:00;66.1293209868503
11/06/2017;20:00:00;66.0590075821118
11/06/2017;21:00:00;65.865384471512
11/06/2017;22:00:00;66.1529749034483
11/06/2017;23:00:00;65.9091549233255
11/07/2017;00:00:00;65.7828114868747
11/07/2017;01:00:00;65.9825955612379
11/07/2017;02:00:00;67.244494754137
11/07/2017;03:00:00;67.5136195425959
11/07/2017;04:00:00;67.0259544799042
11/07/2017;05:00:00;66.8162580637168
11/07/2017;06:00:00;67.0828302879215
11/07/2017;07:00:00;68.4763715906968
11/07/2017;08:00:00;68.8319487120096
11/07/2017;09:00:00;69.9273716227517
11/07/2017;10:00:00;69.4125097708019
11/07/2017;11:00:00;66.4458918858492
11/07/2017;12:00:00;66.6892087539728
11/07/2017;13:00:00;66.4475366769624
11/07/2017;14:00:00;66.0680604805887
11/07/2017;15:00:00;65.5833471780013
11/07/2017;16:00:00;67.7913300831884
11/07/2017;17:00:00;66.6360975953492
11/07/2017;18:00:00;66.972358287349
11/07/2017;19:00:00;66.6777795378268
11/07/2017;20:00:00;66.8042140875494
11/07/2017;21:00:00;68.2376955060759
11/07/2017;22:00:00;68.1332450157202
11/07/2017;23:00:00;67.3273316394351
11/08/2017;00:00:00;68.5686899064552
11/08/2017;01:00:00;67.6686155352206
11/08/2017;02:00:00;66.9293375853609
11/08/2017;03:00:00;67.3164467323757
11/08/2017;04:00:00;68.5291766630109
11/08/2017;05:00:00;68.0983494363747
11/08/2017;06:00:00;68.9328117933965
11/08/2017;07:00:00;69.10232925284
11/08/2017;08:00:00;69.9381737193511
11/08/2017;09:00:00;69.3469516671504
11/08/2017;10:00:00;69.8755734589737
11/08/2017;11:00:00;69.5809968345194
11/08/2017;12:00:00;68.5245217222252
11/08/2017;13:00:00;67.9661531585289
11/08/2017;14:00:00;68.1899358879413
11/08/2017;15:00:00;68.117563363596
11/08/2017;16:00:00;69.0049575963556
11/08/2017;17:00:00;68.3119872420981
11/08/2017;18:00:00;68.4277089648485
11/08/2017;19:00:00;67.1637747261528
11/08/2017;20:00:00;65.856715844523
11/08/2017;21:00:00;66.1458980062685
11/08/2017;22:00:00;66.9514451438199
11/08/2017;23:00:00;66.3141414278056
11/09/2017;00:00:00;66.0256034158149
11/09/2017;01:00:00;66.6263535992419
11/09/2017;02:00:00;65.8273095603833
11/09/2017;03:00:00;66.0851424245927
11/09/2017;04:00:00;66.6798452037909
11/09/2017;05:00:00;66.4518561506973
11/09/2017;06:00:00;65.5478740841134
11/09/2017;07:00:00;65.985044625048
11/09/2017;08:00:00;67.3244848181421
11/09/2017;09:00:00;65.9774841769747
11/09/2017;10:00:00;65.7832787106242
11/09/2017;11:00:00;65.3295398418778
11/09/2017;12:00:00;65.276725232089
11/09/2017;13:00:00;65.3121300935097
11/09/2017;14:00:00;65.8688343074757
11/09/2017;15:00:00;66.2418270812307
11/09/2017;16:00:00;66.0850993220478
11/09/2017;17:00:00;64.3190135805892
11/09/2017;18:00:00;65.5491587794168
11/09/2017;19:00:00;65.9976951984052
11/09/2017;20:00:00;65.3490559691501
11/09/2017;21:00:00;65.0730763248217
11/09/2017;22:00:00;65.3271469187296
11/09/2017;23:00:00;64.9962940483268
11/10/2017;00:00:00;66.260303815122
11/10/2017;01:00:00;66.3292420178213
11/10/2017;02:00:00;66.0926513932073
11/10/2017;03:00:00;65.7490079832083
11/10/2017;04:00:00;66.0016505494821
11/10/2017;05:00:00;66.0433120714687
11/10/2017;06:00:00;67.2486445708439
11/10/2017;07:00:00;71.1338133761172
11/10/2017;08:00:00;70.2835881242357
11/10/2017;09:00:00;69.8096490970406
11/10/2017;10:00:00;68.7280267811981
11/10/2017;11:00:00;65.6544439679742
11/10/2017;12:00:00;66.4405856308157
11/10/2017;13:00:00;67.0754443472752
11/10/2017;14:00:00;67.3905909096282
11/10/2017;15:00:00;67.0843464721238
11/10/2017;16:00:00;66.6448481623464
11/10/2017;17:00:00;67.0863882693937
11/10/2017;18:00:00;67.5965272747305
11/10/2017;19:00:00;68.9120604934239
11/10/2017;20:00:00;67.9155169329886
11/10/2017;21:00:00;67.8004835725118
11/10/2017;22:00:00;69.0422739311647
11/10/2017;23:00:00;69.4244328141136
11/11/2017;00:00:00;68.174591446943
11/11/2017;01:00:00;67.2739180079726
11/11/2017;02:00:00;66.8741973408422
11/11/2017;03:00:00;66.7036703566337
11/11/2017;04:00:00;67.0642037882537
11/11/2017;05:00:00;66.5165605994756
11/11/2017;06:00:00;67.6321597250249
11/11/2017;07:00:00;67.5721756207041
11/11/2017;08:00:00;68.9228314767502
11/11/2017;09:00:00;68.3476179528679
11/11/2017;10:00:00;68.5609472744983
11/11/2017;11:00:00;67.9566643943368
11/11/2017;12:00:00;67.644653252108
11/11/2017;13:00:00;66.9546743995181
11/11/2017;14:00:00;67.0926871605057
11/11/2017;15:00:00;66.9755659017955
11/11/2017;16:00:00;67.5110243037689
11/11/2017;17:00:00;68.270680572402
11/11/2017;18:00:00;67.2759964651826
11/11/2017;19:00:00;66.9621810097902
11/11/2017;20:00:00;68.7874610006945
11/11/2017;21:00:00;68.5645130643797
11/11/2017;22:00:00;68.3850808596476
11/11/2017;23:00:00;67.8256906888484
11/12/2017;00:00:00;66.7404413365167
11/12/2017;01:00:00;66.9485043757922
11/12/2017;02:00:00;67.0056144469269
11/12/2017;03:00:00;66.4298367557687
11/12/2017;04:00:00;66.9015945975592
11/12/2017;05:00:00;66.9451894197047
11/12/2017;06:00:00;67.3507093451609
11/12/2017;07:00:00;67.2021864453909
11/12/2017;08:00:00;67.2510084849459
11/12/2017;09:00:00;67.8030304246082
11/12/2017;10:00:00;66.9796651532523
11/12/2017;11:00:00;67.5406104229493
11/12/2017;12:00:00;66.8774801893632
11/12/2017;13:00:00;67.6864256700159
11/12/2017;14:00:00;66.8431762147772
11/12/2017;15:00:00;66.7995700209434
11/12/2017;16:00:00;68.0586325379773
11/12/2017;17:00:00;68.3827299653336
11/12/2017;18:00:00;67.7394730987662
11/12/2017;19:00:00;66.6654734826127
11/12/2017;20:00:00;67.7667848994353
11/12/2017;21:00:00;66.5567773411799
11/12/2017;22:00:00;66.9064685393287
11/12/2017;23:00:00;66.5460892864017
11/13/2017;00:00:00;65.2978084257856
11/13/2017;01:00:00;67.464398980537
11/13/2017;02:00:00;67.9835449047609
11/13/2017;03:00:00;67.7759806823715
11/13/2017;04:00:00;68.1716473020125
11/13/2017;05:00:00;69.3733890912292
11/13/2017;06:00:00;69.49439171463
11/13/2017;07:00:00;70.5520943724872
11/13/2017;08:00:00;69.859561818279
11/13/2017;09:00:00;70.2610794422087
11/13/2017;10:00:00;69.7535295269954
11/13/2017;11:00:00;69.9679011944656
11/13/2017;12:00:00;68.0611892244503
11/13/2017;13:00:00;68.6632764162711
11/13/2017;14:00:00;67.8624236792391
11/13/2017;15:00:00;68.2481432466286
11/13/2017;16:00:00;68.8130116129859
11/13/2017;17:00:00;68.332850040216
11/13/2017;18:00:00;68.6894992221679
11/13/2017;19:00:00;68.4429306102715
11/13/2017;20:00:00;69.2958081054187
11/13/2017;21:00:00;68.6670132522601
11/13/2017;22:00:00;69.9865043625058
11/13/2017;23:00:00;69.0403653716541
11/14/2017;00:00:00;68.6380866020996
11/14/2017;01:00:00;67.3447707281936
11/14/2017;02:00:00;67.3400827573696
11/14/2017;03:00:00;68.1639016244996
11/14/2017;04:00:00;67.6678878076654
11/14/2017;05:00:00;67.4492955997848
11/14/2017;06:00:00;68.30547874958
11/14/2017;07:00:00;66.9979711198091
11/14/2017;08:00:00;67.5775088487777
11/14/2017;09:00:00;67.4875407118917
11/14/2017;10:00:00;68.7175477463697
11/14/2017;11:00:00;68.736303440387
11/14/2017;12:00:00;66.1193317043245
11/14/2017;13:00:00;65.6311665384171
11/14/2017;14:00:00;65.8164612309426
11/14/2017;15:00:00;65.797953167286
11/14/2017;16:00:00;67.3416190730242
11/14/2017;17:00:00;68.6014046554944
11/14/2017;18:00:00;68.7590448650843
11/14/2017;19:00:00;70.3879698606685
11/14/2017;20:00:00;69.9196998873669
11/14/2017;21:00:00;69.2776929094631
11/14/2017;22:00:00;68.9348790754505
11/14/2017;23:00:00;68.7012350860306
11/15/2017;00:00:00;68.9244555315355
11/15/2017;01:00:00;67.3279301555752
11/15/2017;02:00:00;67.3941179889793
11/15/2017;03:00:00;66.9901327214491
11/15/2017;04:00:00;66.2238597307103
11/15/2017;05:00:00;66.2395682942668
11/15/2017;06:00:00;66.1460550331711
11/15/2017;07:00:00;66.9048970504743
11/15/2017;08:00:00;66.329132429983
11/15/2017;09:00:00;66.2975521885579
11/15/2017;10:00:00;65.3393806794806
11/15/2017;11:00:00;65.4434246974336
11/15/2017;12:00:00;65.8864512532496
11/15/2017;13:00:00;65.7505003843798
11/15/2017;14:00:00;65.2432332603332
11/15/2017;15:00:00;65.0962790633909
11/15/2017;16:00:00;65.866126347311
11/15/2017;17:00:00;66.3515738747542
11/15/2017;18:00:00;65.8380535074894
11/15/2017;19:00:00;65.2332893117189
11/15/2017;20:00:00;65.9179991480587
11/15/2017;21:00:00;66.0762090973941
11/15/2017;22:00:00;66.4103213363068
11/15/2017;23:00:00;65.6096471466023
11/16/2017;00:00:00;66.2425903367761
11/16/2017;01:00:00;65.767552986666
11/16/2017;02:00:00;64.6894804759057
11/16/2017;03:00:00;64.726148147209
11/16/2017;04:00:00;64.8920662722369
11/16/2017;05:00:00;66.1253411851463
11/16/2017;06:00:00;67.8187774514553
11/16/2017;07:00:00;67.8171761895542
11/16/2017;08:00:00;66.7108574926944
11/16/2017;09:00:00;66.9226486351939
11/16/2017;10:00:00;66.9947662037716
11/16/2017;11:00:00;67.0061149712129
11/16/2017;12:00:00;67.8842417624292
11/16/2017;13:00:00;67.2457965254154
11/16/2017;14:00:00;67.6289867229465
11/16/2017;15:00:00;67.8725995656005
11/16/2017;16:00:00;67.8499620682351
11/16/2017;17:00:00;68.4506496845835
11/16/2017;18:00:00;68.8311336795963
11/16/2017;19:00:00;67.3737917784262
11/16/2017;20:00:00;66.9366332206993
11/16/2017;21:00:00;68.6745795579533
11/16/2017;22:00:00;67.411134953691
11/16/2017;23:00:00;66.8850512297719
11/17/2017;00:00:00;67.964548495442
11/17/2017;01:00:00;68.6570362556496
11/17/2017;02:00:00;69.6373275664764
11/17/2017;03:00:00;69.0092488238154
11/17/2017;04:00:00;69.1165943455885
11/17/2017;05:00:00;69.8067897072471
11/17/2017;06:00:00;69.1745754033982
11/17/2017;07:00:00;70.4032041265754
11/17/2017;08:00:00;71.2963627911204
11/17/2017;09:00:00;69.2900612700465
11/17/2017;10:00:00;67.116817874384
11/17/2017;11:00:00;65.9445440225167
11/17/2017;12:00:00;68.4561716800924
11/17/2017;13:00:00;70.0212215626924
11/17/2017;14:00:00;68.87790873391
11/17/2017;15:00:00;69.2453974104519
11/17/2017;16:00:00;68.049116123523
11/17/2017;17:00:00;69.1489003984898
11/17/2017;18:00:00;69.2606914010418
11/17/2017;19:00:00;70.7416077985011
11/17/2017;20:00:00;68.6743893488129
11/17/2017;21:00:00;70.5281882418626
11/17/2017;22:00:00;71.7463864198315
11/17/2017;23:00:00;71.9507884730996
11/18/2017;00:00:00;68.987035615115
11/18/2017;01:00:00;66.6140480991176
11/18/2017;02:00:00;67.7535644899582
11/18/2017;03:00:00;68.3230103070521
11/18/2017;04:00:00;67.6406200706318
11/18/2017;05:00:00;68.4452395086281
11/18/2017;06:00:00;69.1701055247762
11/18/2017;07:00:00;69.7948418505911
11/18/2017;08:00:00;70.3242176735103
11/18/2017;09:00:00;70.2181426327809
11/18/2017;10:00:00;70.1414428277806
11/18/2017;11:00:00;68.2107457218601
11/18/2017;12:00:00;68.9284675672688
11/18/2017;13:00:00;69.0601287182757
11/18/2017;14:00:00;68.1663653084049
11/18/2017;15:00:00;69.0480092431664
11/18/2017;16:00:00;69.8940797625692
11/18/2017;17:00:00;70.2209081339722
11/18/2017;18:00:00;69.5929864397986
11/18/2017;19:00:00;69.9368664515157
11/18/2017;20:00:00;70.1967801683961
11/18/2017;21:00:00;70.6493303135296
11/18/2017;22:00:00;71.2604621946931
11/18/2017;23:00:00;72.8073002282644
11/19/2017;00:00:00;69.6874489359239
11/19/2017;01:00:00;68.3097269434684
11/19/2017;02:00:00;68.1459105846085
11/19/2017;03:00:00;68.5487563549007
11/19/2017;04:00:00;69.20165109379
11/19/2017;05:00:00;67.769230244598
11/19/2017;06:00:00;68.1179964475679
11/19/2017;07:00:00;68.0197881909353
11/19/2017;08:00:00;69.0184448217567
11/19/2017;09:00:00;69.5578834816817
11/19/2017;10:00:00;68.8712277061687
11/19/2017;11:00:00;69.0288444992566
11/19/2017;12:00:00;69.0309506193606
11/19/2017;13:00:00;68.3040340517653
11/19/2017;14:00:00;69.1682009397511
11/19/2017;15:00:00;69.1660612978537
11/19/2017;16:00:00;69.7246880085382
11/19/2017;17:00:00;70.145835352197
11/19/2017;18:00:00;70.6327071883897
11/19/2017;19:00:00;70.2736119010473
11/19/2017;20:00:00;68.4345535575158
11/19/2017;21:00:00;68.0445388372615
11/19/2017;22:00:00;68.5071137633946
11/19/2017;23:00:00;69.1014038829385
11/20/2017;00:00:00;69.2527992891709
11/20/2017;01:00:00;68.4593251986419
11/20/2017;02:00:00;67.1076705978871
11/20/2017;03:00:00;67.0823105297984
11/20/2017;04:00:00;66.8677564946617
11/20/2017;05:00:00;73.7039203705945
11/20/2017;06:00:00;75.4307252867463
11/20/2017;07:00:00;82.7683689255974
11/20/2017;08:00:00;79.2738132392162
11/20/2017;09:00:00;75.2412202436964
11/20/2017;10:00:00;79.5333270596351
11/20/2017;11:00:00;76.8341575286486
11/20/2017;12:00:00;75.7614207039693
11/20/2017;13:00:00;72.9737432616077
11/20/2017;14:00:00;70.6775788836916
11/20/2017;15:00:00;70.8556051157655
11/20/2017;16:00:00;67.0341779066553
11/20/2017;17:00:00;69.7836592722813
11/20/2017;18:00:00;72.1853549117346
11/20/2017;19:00:00;71.1758245250989
11/20/2017;20:00:00;71.5799141967848
11/20/2017;21:00:00;71.839491299872
11/20/2017;22:00:00;73.2835522941271
11/20/2017;23:00:00;74.5040391048602
11/21/2017;00:00:00;74.1252989957829
11/21/2017;01:00:00;74.2198617314109
11/21/2017;02:00:00;72.3815949174827
11/21/2017;03:00:00;71.0042909308811
11/21/2017;04:00:00;70.7126104966422
11/21/2017;05:00:00;71.3557434155012
11/21/2017;06:00:00;71.5520562431035
11/21/2017;07:00:00;70.1554370074203
11/21/2017;08:00:00;66.9446845833656
11/21/2017;09:00:00;66.5452990003394
11/21/2017;10:00:00;68.7553699635164
11/21/2017;11:00:00;68.6577427921608
11/21/2017;12:00:00;67.7100014868166
11/21/2017;13:00:00;66.7616104043439
11/21/2017;14:00:00;67.0653119033759
11/21/2017;15:00:00;66.2351395658192
11/21/2017;16:00:00;68.3480526621722
11/21/2017;17:00:00;66.2264495962472
11/21/2017;18:00:00;67.9660098620805
11/21/2017;19:00:00;67.6028407529991
11/21/2017;20:00:00;66.9889667383969
11/21/2017;21:00:00;65.9965135137808
11/21/2017;22:00:00;65.1343877942115
11/21/2017;23:00:00;66.8315071883313
11/22/2017;00:00:00;67.2296009655258
11/22/2017;01:00:00;68.0403376997231
11/22/2017;02:00:00;67.9525339370525
11/22/2017;03:00:00;68.0657063001755
11/22/2017;04:00:00;67.7463224262943
11/22/2017;05:00:00;68.7614573549275
11/22/2017;06:00:00;68.9101898009119
11/22/2017;07:00:00;69.3530440094796
11/22/2017;08:00:00;69.8902187647268
11/22/2017;09:00:00;69.0841704708107
11/22/2017;10:00:00;72.5945809386239
11/22/2017;11:00:00;72.5766703996733
11/22/2017;12:00:00;72.8471745770901
11/22/2017;13:00:00;70.7942922878325
11/22/2017;14:00:00;70.4089215808585
11/22/2017;15:00:00;69.00332389104
11/22/2017;16:00:00;69.1862115984463
11/22/2017;17:00:00;68.2061830142116
11/22/2017;18:00:00;68.2741114789805
11/22/2017;19:00:00;67.5754383461213
11/22/2017;20:00:00;68.3324131831613
11/22/2017;21:00:00;68.8549098803167
11/22/2017;22:00:00;69.4382474004009
11/22/2017;23:00:00;67.9796727936159
11/23/2017;00:00:00;67.5226505325841
11/23/2017;01:00:00;67.6526495621312
11/23/2017;02:00:00;68.1182312845356
11/23/2017;03:00:00;68.8295796721144
11/23/2017;04:00:00;68.6546924660721
11/23/2017;05:00:00;69.02835967678
11/23/2017;06:00:00;71.1181639449153
11/23/2017;07:00:00;71.6007682712854
11/23/2017;08:00:00;70.1561350332031
11/23/2017;09:00:00;69.8692693923293
11/23/2017;10:00:00;70.1960739023505
11/23/2017;11:00:00;69.5224021591033
11/23/2017;12:00:00;69.0570703137958
11/23/2017;13:00:00;68.4280636151372
11/23/2017;14:00:00;68.5279399479182
11/23/2017;15:00:00;69.1334432803423
11/23/2017;16:00:00;69.0791069805434
11/23/2017;17:00:00;71.2002105566554
11/23/2017;18:00:00;71.4623491104314
11/23/2017;19:00:00;72.0603697299255
11/23/2017;20:00:00;69.3454128803591
11/23/2017;21:00:00;68.8320250911148
11/23/2017;22:00:00;67.9865673912207
11/23/2017;23:00:00;67.3285556120054
11/24/2017;00:00:00;66.9250145314253
11/24/2017;01:00:00;66.7786247548092
11/24/2017;02:00:00;66.4970282239007
11/24/2017;03:00:00;66.5807510650888
11/24/2017;04:00:00;66.5237457980844
11/24/2017;05:00:00;66.6659389902379
11/24/2017;06:00:00;67.2865166646003
11/24/2017;07:00:00;67.3576618234153
11/24/2017;08:00:00;67.616754263248
11/24/2017;09:00:00;67.2715981549853
11/24/2017;10:00:00;67.3709840582823
11/24/2017;11:00:00;68.3233109262399
11/24/2017;12:00:00;67.6809640924876
11/24/2017;13:00:00;67.7440047513525
11/24/2017;14:00:00;67.3778212243805
11/24/2017;15:00:00;67.7967059010507
11/24/2017;16:00:00;69.70550462633
11/24/2017;17:00:00;69.1452416072556
11/24/2017;18:00:00;67.9927156769037
11/24/2017;19:00:00;67.5569305078131
11/24/2017;20:00:00;67.4563207604559
11/24/2017;21:00:00;66.9098073541217
11/24/2017;22:00:00;66.7906369636517
11/24/2017;23:00:00;66.6822586712817
11/25/2017;00:00:00;66.4837629674945
11/25/2017;01:00:00;66.7005146811992
11/25/2017;02:00:00;66.5052382167483
11/25/2017;03:00:00;65.1041599405548
11/25/2017;04:00:00;64.8177525970416
11/25/2017;05:00:00;64.9144506654476
11/25/2017;06:00:00;64.9079228604757
11/25/2017;07:00:00;66.56020187973
11/25/2017;08:00:00;66.5247493847063
11/25/2017;09:00:00;66.7952486234587
11/25/2017;10:00:00;67.9623484584617
11/25/2017;11:00:00;67.6080238249138
11/25/2017;12:00:00;67.4371806347198
11/25/2017;13:00:00;67.5554886118105
11/25/2017;14:00:00;68.2084063651431
11/25/2017;15:00:00;69.3717491770055
11/25/2017;16:00:00;68.1614619047501
11/25/2017;17:00:00;68.0974457677019
11/25/2017;18:00:00;69.2233193466621
11/25/2017;19:00:00;68.8026110328136
11/25/2017;20:00:00;69.1376254737014
11/25/2017;21:00:00;69.3464275090926
11/25/2017;22:00:00;68.765536860049
11/25/2017;23:00:00;69.4372134461026
11/26/2017;00:00:00;69.9595440569583
11/26/2017;01:00:00;76.7264929761594
11/26/2017;02:00:00;78.8753584032407
11/26/2017;03:00:00;76.8991012540856
11/26/2017;04:00:00;76.3919264064065
11/26/2017;05:00:00;74.6432934770664
11/26/2017;06:00:00;73.9159611355436
11/26/2017;07:00:00;75.0778021362085
11/26/2017;08:00:00;73.957709770097
11/26/2017;09:00:00;70.0950061665388
11/26/2017;10:00:00;73.6808323428765
11/26/2017;11:00:00;73.3931797531744
11/26/2017;12:00:00;71.5739720221786
11/26/2017;13:00:00;69.6486904885091
11/26/2017;14:00:00;71.4183083546993
11/26/2017;15:00:00;67.4655833130522
11/26/2017;16:00:00;67.7166481566055
11/26/2017;17:00:00;68.8265174739333
11/26/2017;18:00:00;67.8222528752366
11/26/2017;19:00:00;69.8443129748608
11/26/2017;20:00:00;70.1493964400837
11/26/2017;21:00:00;70.6779314991616
11/26/2017;22:00:00;71.6670918784608
11/26/2017;23:00:00;70.3528335666222
11/27/2017;00:00:00;69.1781563658246
11/27/2017;01:00:00;68.5827891847208
11/27/2017;02:00:00;68.6143205715145
11/27/2017;03:00:00;68.5341018000413
11/27/2017;04:00:00;69.5541342020522
11/27/2017;05:00:00;69.7621443075855
11/27/2017;06:00:00;69.790895761244
11/27/2017;07:00:00;69.5022162014962
11/27/2017;08:00:00;73.8000139088931
11/27/2017;09:00:00;75.8444500151274
11/27/2017;10:00:00;77.3025894730834
11/27/2017;11:00:00;87.937397375885
11/27/2017;12:00:00;94.6651392904493
11/27/2017;13:00:00;109.894099288286
11/27/2017;14:00:00;114
11/27/2017;15:00:00;114
11/27/2017;16:00:00;114
11/27/2017;17:00:00;114
11/27/2017;18:00:00;114
11/27/2017;19:00:00;114
11/27/2017;20:00:00;114
11/27/2017;21:00:00;114
11/27/2017;22:00:00;114
11/27/2017;23:00:00;114
11/28/2017;00:00:00;114
11/28/2017;01:00:00;114
11/28/2017;02:00:00;114
11/28/2017;03:00:00;114
11/28/2017;04:00:00;114
11/28/2017;05:00:00;114
11/28/2017;06:00:00;114
11/28/2017;07:00:00;114
11/28/2017;08:00:00;114
11/28/2017;09:00:00;114
11/28/2017;10:00:00;114
11/28/2017;11:00:00;114
11/28/2017;12:00:00;114
11/28/2017;13:00:00;113.999766727199
11/28/2017;14:00:00;113.99562381338
11/28/2017;15:00:00;113.990086141621
11/28/2017;16:00:00;113.681843058035
11/28/2017;17:00:00;113.702440063459
11/28/2017;18:00:00;113.360669238951
11/28/2017;19:00:00;113.996585965553
11/28/2017;20:00:00;113.990267288816
11/28/2017;21:00:00;113.976067600801
11/28/2017;22:00:00;113.662561714468
11/28/2017;23:00:00;113.111460964229
11/29/2017;00:00:00;111.481036103183
11/29/2017;01:00:00;108.889318015923
11/29/2017;02:00:00;112.106490351643
11/29/2017;03:00:00;111.53777711731
11/29/2017;04:00:00;113.897401062581
11/29/2017;05:00:00;102.311502067189
11/29/2017;06:00:00;113.580986084126
11/29/2017;07:00:00;113.994979711244
11/29/2017;08:00:00;113.986783369707
11/29/2017;09:00:00;113.97683081459
11/29/2017;10:00:00;113.995097888279
11/29/2017;11:00:00;113.997175290708
11/29/2017;12:00:00;113.999109872239
11/29/2017;13:00:00;0
11/29/2017;14:00:00;0
11/29/2017;15:00:00;0
11/29/2017;16:00:00;0
11/29/2017;17:00:00;0
11/29/2017;18:00:00;0
11/29/2017;19:00:00;0
11/29/2017;20:00:00;0
11/29/2017;21:00:00;0
11/29/2017;22:00:00;0
11/29/2017;23:00:00;0
11/30/2017;00:00:00;0
11/30/2017;01:00:00;0
11/30/2017;02:00:00;0
11/30/2017;03:00:00;0
11/30/2017;04:00:00;0
11/30/2017;05:00:00;0
11/30/2017;06:00:00;0
11/30/2017;07:00:00;0
11/30/2017;08:00:00;0
11/30/2017;09:00:00;0
11/30/2017;10:00:00;0
11/30/2017;11:00:00;0
11/30/2017;12:00:00;0
11/30/2017;13:00:00;0
11/30/2017;14:00:00;0
11/30/2017;15:00:00;0.35132542014955
11/30/2017;16:00:00;97.5196013659921
11/30/2017;17:00:00;114
11/30/2017;18:00:00;114
11/30/2017;19:00:00;114
11/30/2017;20:00:00;114
11/30/2017;21:00:00;114
11/30/2017;22:00:00;114
11/30/2017;23:00:00;114
12/01/2017;00:00:00;114
12/01/2017;01:00:00;114
12/01/2017;02:00:00;114
12/01/2017;03:00:00;114
12/01/2017;04:00:00;114
12/01/2017;05:00:00;114
12/01/2017;06:00:00;114
12/01/2017;07:00:00;114
12/01/2017;08:00:00;114
12/01/2017;09:00:00;114
12/01/2017;10:00:00;114
12/01/2017;11:00:00;114
12/01/2017;12:00:00;114
12/01/2017;13:00:00;114
12/01/2017;14:00:00;114
12/01/2017;15:00:00;114
12/01/2017;16:00:00;113.997473459874
12/01/2017;17:00:00;113.990451196012
12/01/2017;18:00:00;113.664561320853
12/01/2017;19:00:00;84.1530783341378
12/01/2017;20:00:00;57.5137488474515
12/01/2017;21:00:00;55.6455286644651
12/01/2017;22:00:00;54.6843108544873
12/01/2017;23:00:00;53.3952171239897
12/02/2017;00:00:00;51.0656598387166
12/02/2017;01:00:00;53.1416713252066
12/02/2017;02:00:00;53.4113449801851
12/02/2017;03:00:00;52.8807096521197
12/02/2017;04:00:00;55.2607935228464
12/02/2017;05:00:00;52.9334947529602
12/02/2017;06:00:00;51.7951456886209
12/02/2017;07:00:00;53.1625351087851
12/02/2017;08:00:00;52.5758949675753
12/02/2017;09:00:00;53.0457988118878
12/02/2017;10:00:00;52.3455181246672
12/02/2017;11:00:00;54.1672739807596
12/02/2017;12:00:00;54.3437047308458
12/02/2017;13:00:00;54.3177572933614
12/02/2017;14:00:00;53.5219554663896
12/02/2017;15:00:00;54.7153950046513
12/02/2017;16:00:00;53.9913563954551
12/02/2017;17:00:00;53.4657204364103
12/02/2017;18:00:00;54.8300703140561
12/02/2017;19:00:00;54.3235518201125
12/02/2017;20:00:00;55.2088732334665
12/02/2017;21:00:00;56.9737816473644
12/02/2017;22:00:00;54.9820491078195
12/02/2017;23:00:00;56.9075015899531
12/03/2017;00:00:00;56.42063857755
12/03/2017;01:00:00;55.3587341163416
12/03/2017;02:00:00;54.7037975423994
12/03/2017;03:00:00;55.7905093619788
12/03/2017;04:00:00;55.3286740175781
12/03/2017;05:00:00;55.4626268992143
12/03/2017;06:00:00;55.7356155821749
12/03/2017;07:00:00;54.8817333915353
12/03/2017;08:00:00;56.6934337031683
12/03/2017;09:00:00;56.9185767235376
12/03/2017;10:00:00;55.3303376783992
12/03/2017;11:00:00;57.2275683773253
12/03/2017;12:00:00;56.0531000612967
12/03/2017;13:00:00;55.2148901230769
12/03/2017;14:00:00;56.9806322471329
12/03/2017;15:00:00;57.545715691899
12/03/2017;16:00:00;58.1833371072148
12/03/2017;17:00:00;56.9672847547849
12/03/2017;18:00:00;57.1602980880819
12/03/2017;19:00:00;56.7549909330189
12/03/2017;20:00:00;57.4897500396705
12/03/2017;21:00:00;57.2085051944119
12/03/2017;22:00:00;56.5143490126449
12/03/2017;23:00:00;57.2045963582301
12/04/2017;00:00:00;56.4820727238791
12/04/2017;01:00:00;58.6988101718916
12/04/2017;02:00:00;59.1645798327326
12/04/2017;03:00:00;57.3993940898831
12/04/2017;04:00:00;56.7752685612439
12/04/2017;05:00:00;58.9806695350156
12/04/2017;06:00:00;59.2009763473801
12/04/2017;07:00:00;59.2966423704964
12/04/2017;08:00:00;58.7136031339177
12/04/2017;09:00:00;56.0492386789864
12/04/2017;10:00:00;57.9429072330719
12/04/2017;11:00:00;57.8368894690922
12/04/2017;12:00:00;57.9749994355464
12/04/2017;13:00:00;58.4180621858135
12/04/2017;14:00:00;58.1645580819406
12/04/2017;15:00:00;57.4404034085509
12/04/2017;16:00:00;57.47893657313
12/04/2017;17:00:00;57.4032319229735
12/04/2017;18:00:00;57.0241387476943
12/04/2017;19:00:00;58.0484438586658
12/04/2017;20:00:00;58.7881684426284
12/04/2017;21:00:00;58.4503431163071
12/04/2017;22:00:00;58.0502216042883
12/04/2017;23:00:00;57.8958033755501
12/05/2017;00:00:00;58.1656051475195
12/05/2017;01:00:00;57.7398936209976
12/05/2017;02:00:00;58.1252400709639
12/05/2017;03:00:00;57.766995100528
12/05/2017;04:00:00;58.0569693946784
12/05/2017;05:00:00;55.9081888150319
12/05/2017;06:00:00;58.3646257924728
12/05/2017;07:00:00;55.2156122668462
12/05/2017;08:00:00;55.1901158626121
12/05/2017;09:00:00;55.4457160940109
12/05/2017;10:00:00;55.4388458492409
12/05/2017;11:00:00;54.861222882762
12/05/2017;12:00:00;58.9747232993933
12/05/2017;13:00:00;59.6670809968767
12/05/2017;14:00:00;60.0812570751167
12/05/2017;15:00:00;60.2717355392549
12/05/2017;16:00:00;60.5703016511941
12/05/2017;17:00:00;60.0507551499819
12/05/2017;18:00:00;60.2999254940242
12/05/2017;19:00:00;61.5829126119928
12/05/2017;20:00:00;61.1018413101842
12/05/2017;21:00:00;59.9754971497767
12/05/2017;22:00:00;61.5651491402461
12/05/2017;23:00:00;61.3391895203015
12/06/2017;00:00:00;61.335776426713
12/06/2017;01:00:00;63.1876173318124
12/06/2017;02:00:00;62.6290241080681
12/06/2017;03:00:00;62.1632860972361
12/06/2017;04:00:00;61.271052408142
12/06/2017;05:00:00;61.2732297004377
12/06/2017;06:00:00;60.3109999458926
12/06/2017;07:00:00;61.1035506494879
12/06/2017;08:00:00;60.5583515803848
12/06/2017;09:00:00;60.4244346056658
12/06/2017;10:00:00;60.842019263194
12/06/2017;11:00:00;61.0621158458862
12/06/2017;12:00:00;62.1063490045463
12/06/2017;13:00:00;61.1993612813606
12/06/2017;14:00:00;62.2269869560135
12/06/2017;15:00:00;60.790766050323
12/06/2017;16:00:00;60.981207912572
12/06/2017;17:00:00;60.2289702731907
12/06/2017;18:00:00;60.1378855425268
12/06/2017;19:00:00;60.1716599877399
12/06/2017;20:00:00;60.1977017765247
12/06/2017;21:00:00;60.4055596465807
12/06/2017;22:00:00;60.1437606250702
12/06/2017;23:00:00;60.1940465735499
12/07/2017;00:00:00;59.4971998165556
12/07/2017;01:00:00;59.1828432168047
12/07/2017;02:00:00;59.0902978429818
12/07/2017;03:00:00;59.3136874437722
12/07/2017;04:00:00;59.633401174929
12/07/2017;05:00:00;59.7362153126597
12/07/2017;06:00:00;59.5132735786787
12/07/2017;07:00:00;59.4398826051518
12/07/2017;08:00:00;58.1198992388692
12/07/2017;09:00:00;55.4165419559441
12/07/2017;10:00:00;55.6265368517993
12/07/2017;11:00:00;55.419851225994
12/07/2017;12:00:00;55.2182700913394
12/07/2017;13:00:00;54.9585662427521
12/07/2017;14:00:00;55.2433886318233
12/07/2017;15:00:00;55.272916252856
12/07/2017;16:00:00;55.8322001353587
12/07/2017;17:00:00;55.9923532397176
12/07/2017;18:00:00;56.4815075779118
12/07/2017;19:00:00;56.788456718604
12/07/2017;20:00:00;56.6531527970003
12/07/2017;21:00:00;56.9119882253627
12/07/2017;22:00:00;56.3705911876024
12/07/2017;23:00:00;56.8599422989522
12/08/2017;00:00:00;57.4027312447441
12/08/2017;01:00:00;57.35331270878
12/08/2017;02:00:00;57.188003309231
12/08/2017;03:00:00;56.7426614955009
12/08/2017;04:00:00;56.6958875195867
12/08/2017;05:00:00;57.2477601483704
12/08/2017;06:00:00;57.1485746365118
12/08/2017;07:00:00;57.1034672694087
12/08/2017;08:00:00;57.6013841074075
12/08/2017;09:00:00;57.4746127180799
12/08/2017;10:00:00;57.6211968900832
12/08/2017;11:00:00;57.6854739202373
12/08/2017;12:00:00;57.6489987406275
12/08/2017;13:00:00;57.2601420505582
12/08/2017;14:00:00;57.0999251473808
12/08/2017;15:00:00;57.4268600875929
12/08/2017;16:00:00;57.3077243095862
12/08/2017;17:00:00;57.5886618809273
12/08/2017;18:00:00;57.8829347208663
12/08/2017;19:00:00;57.2088411982009
12/08/2017;20:00:00;57.6593594791416
12/08/2017;21:00:00;58.2083582316045
12/08/2017;22:00:00;58.2873087325832
12/08/2017;23:00:00;57.9269561512566
12/09/2017;00:00:00;58.4146229691212
12/09/2017;01:00:00;58.2687758593078
12/09/2017;02:00:00;57.7129858533973
12/09/2017;03:00:00;57.6872704191995
12/09/2017;04:00:00;60.4252228571352
12/09/2017;05:00:00;57.146456023045
12/09/2017;06:00:00;57.2740116167582
12/09/2017;07:00:00;57.115616545727
12/09/2017;08:00:00;58.4746775629333
12/09/2017;09:00:00;56.439531802139
12/09/2017;10:00:00;56.424204964942
12/09/2017;11:00:00;62.1614296445693
12/09/2017;12:00:00;64.2011116276714
12/09/2017;13:00:00;58.8390792681789
12/09/2017;14:00:00;58.9110743825874
12/09/2017;15:00:00;58.3804805846972
12/09/2017;16:00:00;59.1202129679974
12/09/2017;17:00:00;59.274859560006
12/09/2017;18:00:00;58.569794176129
12/09/2017;19:00:00;58.1491342885056
12/09/2017;20:00:00;58.8059985383992
12/09/2017;21:00:00;58.6906749534342
12/09/2017;22:00:00;59.1919804708285
12/09/2017;23:00:00;57.249218948717
12/10/2017;00:00:00;57.8233332750861
12/10/2017;01:00:00;57.3696547521036
12/10/2017;02:00:00;57.2157839570373
12/10/2017;03:00:00;57.5899746805557
12/10/2017;04:00:00;57.9728753985327
12/10/2017;05:00:00;57.1741320713517
12/10/2017;06:00:00;57.9821084738643
12/10/2017;07:00:00;58.3738325523845
12/10/2017;08:00:00;59.3840262834678
12/10/2017;09:00:00;59.876911096535
12/10/2017;10:00:00;59.7865212609929
12/10/2017;11:00:00;59.8950156387202
12/10/2017;12:00:00;59.2051307619963
12/10/2017;13:00:00;60.1449641568491
12/10/2017;14:00:00;60.6659889672357
12/10/2017;15:00:00;60.4815589393908
12/10/2017;16:00:00;59.8769314417168
12/10/2017;17:00:00;58.1780097465435
12/10/2017;18:00:00;58.3825283016078
12/10/2017;19:00:00;58.3836165100222
12/10/2017;20:00:00;58.3607822111228
12/10/2017;21:00:00;58.135303754696
12/10/2017;22:00:00;62.6940428140826
12/10/2017;23:00:00;60.157626981747
12/11/2017;00:00:00;60.7718958725283
12/11/2017;01:00:00;59.776822629668
12/11/2017;02:00:00;60.4594122874405
12/11/2017;03:00:00;60.4541956489443
12/11/2017;04:00:00;59.208678955363
12/11/2017;05:00:00;58.2897297637534
12/11/2017;06:00:00;57.5960431613957
12/11/2017;07:00:00;57.1240418725247
12/11/2017;08:00:00;56.9922764909028
12/11/2017;09:00:00;56.6310289157583
12/11/2017;10:00:00;56.7413777807991
12/11/2017;11:00:00;56.0894930912349
12/11/2017;12:00:00;56.2757129115892
12/11/2017;13:00:00;55.9434535852617
12/11/2017;14:00:00;56.914452035732
12/11/2017;15:00:00;55.5533759924236
12/11/2017;16:00:00;55.5507810190238
12/11/2017;17:00:00;56.7232069103831
12/11/2017;18:00:00;56.8715241300777
12/11/2017;19:00:00;56.828424694056
12/11/2017;20:00:00;57.0118529754618
12/11/2017;21:00:00;56.648421014622
12/11/2017;22:00:00;56.979515931939
12/11/2017;23:00:00;57.54350111099
12/12/2017;00:00:00;56.3576372296918
12/12/2017;01:00:00;56.471234624371
12/12/2017;02:00:00;57.2620172166892
12/12/2017;03:00:00;58.0945798926173
12/12/2017;04:00:00;57.4296911758969
12/12/2017;05:00:00;56.307935570881
12/12/2017;06:00:00;55.6333912100995
12/12/2017;07:00:00;56.0046656203538
12/12/2017;08:00:00;55.8008808353801
12/12/2017;09:00:00;55.8187103448307
12/12/2017;10:00:00;57.0313332468119
12/12/2017;11:00:00;57.2116380622592
12/12/2017;12:00:00;56.6546115348983
12/12/2017;13:00:00;56.5343225085821
12/12/2017;14:00:00;56.6041992948169
12/12/2017;15:00:00;57.6562486065033
12/12/2017;16:00:00;58.2228035227119
12/12/2017;17:00:00;57.940547930876
12/12/2017;18:00:00;57.7396842052402
12/12/2017;19:00:00;57.9850973010169
12/12/2017;20:00:00;58.7969546242129
12/12/2017;21:00:00;58.8741397537596
12/12/2017;22:00:00;60.0857816488862
12/12/2017;23:00:00;59.1666534574933
12/13/2017;00:00:00;58.9227682110448
12/13/2017;01:00:00;59.8547325331338
12/13/2017;02:00:00;60.174848039827
12/13/2017;03:00:00;60.4815281854372
12/13/2017;04:00:00;57.7400710943824
12/13/2017;05:00:00;56.993761460187
12/13/2017;06:00:00;56.9550564390225
12/13/2017;07:00:00;57.1824773024046
12/13/2017;08:00:00;57.3464166200328
12/13/2017;09:00:00;57.696926573478
12/13/2017;10:00:00;57.7622264774801
12/13/2017;11:00:00;57.6608301879998
12/13/2017;12:00:00;59.9878055055374
12/13/2017;13:00:00;58.7156281055714
12/13/2017;14:00:00;58.8943602121963
12/13/2017;15:00:00;59.2286268146256
12/13/2017;16:00:00;60.3885776752121
12/13/2017;17:00:00;59.1973756819808
12/13/2017;18:00:00;58.9240187326158
12/13/2017;19:00:00;58.8689997346169
12/13/2017;20:00:00;58.7944325969038
12/13/2017;21:00:00;58.8345281328892
12/13/2017;22:00:00;60.6917001038341
12/13/2017;23:00:00;60.3888872310598
12/14/2017;00:00:00;59.0477188837624
12/14/2017;01:00:00;59.2561809929382
12/14/2017;02:00:00;58.9429945776132
12/14/2017;03:00:00;58.0719452586974
12/14/2017;04:00:00;58.5763232125421
12/14/2017;05:00:00;58.1084107896753
12/14/2017;06:00:00;59.5147748311107
12/14/2017;07:00:00;59.5276328413986
12/14/2017;08:00:00;59.4366852464306
12/14/2017;09:00:00;57.9196004474971
12/14/2017;10:00:00;57.1124105793205
12/14/2017;11:00:00;57.2700300937623
12/14/2017;12:00:00;56.7017362854425
12/14/2017;13:00:00;56.2865726687538
12/14/2017;14:00:00;56.255035562843
12/14/2017;15:00:00;57.3183217431557
12/14/2017;16:00:00;56.3401685324283
12/14/2017;17:00:00;56.627883175652
12/14/2017;18:00:00;56.2127690952436
12/14/2017;19:00:00;55.9295768390406
12/14/2017;20:00:00;56.1133508812697
12/14/2017;21:00:00;56.3038455296279
12/14/2017;22:00:00;56.3650711162918
12/14/2017;23:00:00;56.5254574805376
12/15/2017;00:00:00;55.9076603952529
12/15/2017;01:00:00;56.4089094220806
12/15/2017;02:00:00;55.9030636025885
12/15/2017;03:00:00;55.5733456421159
12/15/2017;04:00:00;55.9649978497009
12/15/2017;05:00:00;55.7469613246119
12/15/2017;06:00:00;55.6129138388534
12/15/2017;07:00:00;55.3055661508219
12/15/2017;08:00:00;55.2408988870639
12/15/2017;09:00:00;55.2740989553862
12/15/2017;10:00:00;56.1054684442345
12/15/2017;11:00:00;55.3326877994101
12/15/2017;12:00:00;55.3058507125712
12/15/2017;13:00:00;55.441967997075
12/15/2017;14:00:00;55.429764665448
12/15/2017;15:00:00;54.9146967670908
12/15/2017;16:00:00;54.5816560507049
12/15/2017;17:00:00;54.9022199967854
12/15/2017;18:00:00;56.3274339739614
12/15/2017;19:00:00;56.4821504198801
12/15/2017;20:00:00;56.3169158208135
12/15/2017;21:00:00;55.6574475445715
12/15/2017;22:00:00;55.2549017477675
12/15/2017;23:00:00;55.8675669818254
12/16/2017;00:00:00;54.8600265536712
12/16/2017;01:00:00;54.6563140708061
12/16/2017;02:00:00;54.8748186036438
12/16/2017;03:00:00;54.9879072989197
12/16/2017;04:00:00;56.1142939312205
12/16/2017;05:00:00;56.6247847989414
12/16/2017;06:00:00;56.5130634540813
12/16/2017;07:00:00;57.7096473890348
12/16/2017;08:00:00;57.4791258750489
12/16/2017;09:00:00;57.2686200337081
12/16/2017;10:00:00;56.3326053941736
12/16/2017;11:00:00;57.9413529623059
12/16/2017;12:00:00;56.9455843328585
12/16/2017;13:00:00;59.0021652670261
12/16/2017;14:00:00;57.3114041457154
12/16/2017;15:00:00;55.3399697054258
12/16/2017;16:00:00;55.5554022417353
12/16/2017;17:00:00;56.0404646348679
12/16/2017;18:00:00;55.5304675473752
12/16/2017;19:00:00;55.3871890481281
12/16/2017;20:00:00;55.6775752590069
12/16/2017;21:00:00;55.0543840922344
12/16/2017;22:00:00;55.4537554579434
12/16/2017;23:00:00;55.5326028442265
12/17/2017;00:00:00;54.9537237619544
12/17/2017;01:00:00;54.7769425047935
12/17/2017;02:00:00;54.7253191836627
12/17/2017;03:00:00;54.7099486970753
12/17/2017;04:00:00;54.7685444235661
12/17/2017;05:00:00;55.2924399066699
12/17/2017;06:00:00;55.6235146836853
12/17/2017;07:00:00;55.8047122983202
12/17/2017;08:00:00;55.4736485837908
12/17/2017;09:00:00;55.4784106537141
12/17/2017;10:00:00;55.2965595114271
12/17/2017;11:00:00;55.0773641236798
12/17/2017;12:00:00;54.8238320071765
12/17/2017;13:00:00;54.9036683995344
12/17/2017;14:00:00;54.9611996378285
12/17/2017;15:00:00;55.0009415078551
12/17/2017;16:00:00;55.1511296100048
12/17/2017;17:00:00;55.1594581839452
12/17/2017;18:00:00;56.0974054710205
12/17/2017;19:00:00;53.9048168309881
12/17/2017;20:00:00;55.206553141669
12/17/2017;21:00:00;54.1949286893131
12/17/2017;22:00:00;54.3621039205709
