DATE;TIME;FCS0028_SQR.PV
10/31/2017;00:00:00;61.8083526781499
10/31/2017;01:00:00;61.9688323395606
10/31/2017;02:00:00;62.0307843251569
10/31/2017;03:00:00;61.9993152546819
10/31/2017;04:00:00;61.9960060463661
10/31/2017;05:00:00;62.0266597038086
10/31/2017;06:00:00;62.0315062370254
10/31/2017;07:00:00;62.0475790628888
10/31/2017;08:00:00;62.0182447842446
10/31/2017;09:00:00;62.0135423251128
10/31/2017;10:00:00;61.9977171053415
10/31/2017;11:00:00;62.0379451442769
10/31/2017;12:00:00;62.0032122536356
10/31/2017;13:00:00;62.0122008442118
10/31/2017;14:00:00;62.0192025586531
10/31/2017;15:00:00;62.0043855552354
10/31/2017;16:00:00;62.0070999556432
10/31/2017;17:00:00;62.0295953606097
10/31/2017;18:00:00;62.0140424970383
10/31/2017;19:00:00;62.0126246095879
10/31/2017;20:00:00;62.0224133993667
10/31/2017;21:00:00;62.0049092876856
10/31/2017;22:00:00;62.002710992216
10/31/2017;23:00:00;62.0184221875817
11/01/2017;00:00:00;62.0221295341401
11/01/2017;01:00:00;62.0058080766893
11/01/2017;02:00:00;62.0220557504297
11/01/2017;03:00:00;62.0207195056901
11/01/2017;04:00:00;61.9938580548449
11/01/2017;05:00:00;62.0180000839152
11/01/2017;06:00:00;62.0060848776121
11/01/2017;07:00:00;62.0220247596683
11/01/2017;08:00:00;62.0081640950295
11/01/2017;09:00:00;62.0201776538734
11/01/2017;10:00:00;62.025351797418
11/01/2017;11:00:00;61.9973863929948
11/01/2017;12:00:00;62.0090560826789
11/01/2017;13:00:00;62.0336436341095
11/01/2017;14:00:00;61.9970890766537
11/01/2017;15:00:00;61.9858470905103
11/01/2017;16:00:00;62.0161372624291
11/01/2017;17:00:00;61.9918235944378
11/01/2017;18:00:00;62.0277962209227
11/01/2017;19:00:00;62.0221838519831
11/01/2017;20:00:00;62.002442537788
11/01/2017;21:00:00;62.011645984041
11/01/2017;22:00:00;62.0552670219864
11/01/2017;23:00:00;62.0179674964232
11/02/2017;00:00:00;62.0203493905502
11/02/2017;01:00:00;62.0339036786942
11/02/2017;02:00:00;62.0106912272754
11/02/2017;03:00:00;62.0224624065223
11/02/2017;04:00:00;62.0186338025656
11/02/2017;05:00:00;62.024249454047
11/02/2017;06:00:00;61.9997702893757
11/02/2017;07:00:00;62.0129523185171
11/02/2017;08:00:00;62.016901058526
11/02/2017;09:00:00;62.0090687471131
11/02/2017;10:00:00;61.9880850426926
11/02/2017;11:00:00;62.0155932572936
11/02/2017;12:00:00;62.026019252014
11/02/2017;13:00:00;62.02461593348
11/02/2017;14:00:00;62.02971686684
11/02/2017;15:00:00;62.0249797425198
11/02/2017;16:00:00;62.0067435714094
11/02/2017;17:00:00;62.0249719130128
11/02/2017;18:00:00;62.0216107569088
11/02/2017;19:00:00;62.0298714657579
11/02/2017;20:00:00;62.0092838494824
11/02/2017;21:00:00;62.0250892831222
11/02/2017;22:00:00;62.0127789452125
11/02/2017;23:00:00;62.0245054807928
11/03/2017;00:00:00;61.9811982617
11/03/2017;01:00:00;62.004377005727
11/03/2017;02:00:00;62.0177289890235
11/03/2017;03:00:00;62.000129540845
11/03/2017;04:00:00;62.0129128873382
11/03/2017;05:00:00;62.031320927255
11/03/2017;06:00:00;61.9931058755477
11/03/2017;07:00:00;62.03842290238
11/03/2017;08:00:00;62.0300146064311
11/03/2017;09:00:00;62.000576999911
11/03/2017;10:00:00;62.0040250727885
11/03/2017;11:00:00;62.0050701395907
11/03/2017;12:00:00;62.0121293617009
11/03/2017;13:00:00;61.9933850900611
11/03/2017;14:00:00;61.9841231549882
11/03/2017;15:00:00;62.0196058234112
11/03/2017;16:00:00;62.0017740035805
11/03/2017;17:00:00;62.0297791549537
11/03/2017;18:00:00;62.0119515072157
11/03/2017;19:00:00;62.0237947156022
11/03/2017;20:00:00;62.0113281817318
11/03/2017;21:00:00;62.0297823485924
11/03/2017;22:00:00;61.999175709977
11/03/2017;23:00:00;62.0106757051924
11/04/2017;00:00:00;61.9961958778432
11/04/2017;01:00:00;62.0186909107086
11/04/2017;02:00:00;62.024120094681
11/04/2017;03:00:00;62.0072679604319
11/04/2017;04:00:00;62.0237192064897
11/04/2017;05:00:00;62.0205363918934
11/04/2017;06:00:00;62.0252770886202
11/04/2017;07:00:00;61.9994761194741
11/04/2017;08:00:00;62.0421164473649
11/04/2017;09:00:00;62.014094413059
11/04/2017;10:00:00;62.0248814925752
11/04/2017;11:00:00;62.0011861954154
11/04/2017;12:00:00;62.0142509853295
11/04/2017;13:00:00;62.018437191173
11/04/2017;14:00:00;62.027573228841
11/04/2017;15:00:00;62.0334425005778
11/04/2017;16:00:00;62.0139981744253
11/04/2017;17:00:00;62.0150597747969
11/04/2017;18:00:00;62.0036698774255
11/04/2017;19:00:00;62.0161828910812
11/04/2017;20:00:00;62.0300809877965
11/04/2017;21:00:00;62.0024171530671
11/04/2017;22:00:00;62.0151002284966
11/04/2017;23:00:00;61.9960374952649
11/05/2017;00:00:00;62.1663192691668
11/05/2017;01:00:00;62.2666272722467
11/05/2017;02:00:00;62.2522852928824
11/05/2017;03:00:00;62.26189712436
11/05/2017;04:00:00;62.2637610754458
11/05/2017;05:00:00;62.2318817806614
11/05/2017;06:00:00;62.2565440291248
11/05/2017;07:00:00;62.2698603987192
11/05/2017;08:00:00;62.2572061155439
11/05/2017;09:00:00;62.2577551978084
11/05/2017;10:00:00;62.2688564460958
11/05/2017;11:00:00;62.2641160125925
11/05/2017;12:00:00;62.2612942901942
11/05/2017;13:00:00;62.2550507876541
11/05/2017;14:00:00;62.2526298153046
11/05/2017;15:00:00;62.2758619054277
11/05/2017;16:00:00;62.2344564930778
11/05/2017;17:00:00;62.249174337513
11/05/2017;18:00:00;62.2717273516819
11/05/2017;19:00:00;62.2616318797108
11/05/2017;20:00:00;62.2599627239654
11/05/2017;21:00:00;62.252086016118
11/05/2017;22:00:00;62.2624659925256
11/05/2017;23:00:00;62.2751239181347
11/06/2017;00:00:00;62.274181158241
11/06/2017;01:00:00;62.2691933864262
11/06/2017;02:00:00;62.2591396725884
11/06/2017;03:00:00;62.2658433188069
11/06/2017;04:00:00;62.276565493703
11/06/2017;05:00:00;62.2571676444216
11/06/2017;06:00:00;62.2738093318062
11/06/2017;07:00:00;62.259769669705
11/06/2017;08:00:00;62.2638960566279
11/06/2017;09:00:00;62.2620699126016
11/06/2017;10:00:00;62.3045324826992
11/06/2017;11:00:00;62.2569923465449
11/06/2017;12:00:00;62.2556952024251
11/06/2017;13:00:00;62.2809485850874
11/06/2017;14:00:00;62.5968928459268
11/06/2017;15:00:00;63.2469708348367
11/06/2017;16:00:00;63.2599731135586
11/06/2017;17:00:00;63.2366685655297
11/06/2017;18:00:00;63.2406398094658
11/06/2017;19:00:00;63.231803619622
11/06/2017;20:00:00;63.2255447450755
11/06/2017;21:00:00;63.2290635578707
11/06/2017;22:00:00;63.243250160085
11/06/2017;23:00:00;63.2536777226042
11/07/2017;00:00:00;63.2586609507336
11/07/2017;01:00:00;63.2370495668261
11/07/2017;02:00:00;63.2520558614677
11/07/2017;03:00:00;63.2567721319731
11/07/2017;04:00:00;63.2491019296404
11/07/2017;05:00:00;63.2399768434227
11/07/2017;06:00:00;63.2284283917499
11/07/2017;07:00:00;63.2338431576392
11/07/2017;08:00:00;63.2527230564117
11/07/2017;09:00:00;63.2482854579237
11/07/2017;10:00:00;63.2445361930414
11/07/2017;11:00:00;63.2386648561616
11/07/2017;12:00:00;63.2515151585952
11/07/2017;13:00:00;63.2530006250908
11/07/2017;14:00:00;63.2596289186845
11/07/2017;15:00:00;63.2428047567809
11/07/2017;16:00:00;63.2465114045706
11/07/2017;17:00:00;63.2458284769491
11/07/2017;18:00:00;63.2654792278978
11/07/2017;19:00:00;63.2470082540062
11/07/2017;20:00:00;63.2325427205211
11/07/2017;21:00:00;63.2468849210986
11/07/2017;22:00:00;63.2405092178315
11/07/2017;23:00:00;63.2346782930361
11/08/2017;00:00:00;63.2395874714128
11/08/2017;01:00:00;63.2226399735841
11/08/2017;02:00:00;63.2575130735586
11/08/2017;03:00:00;63.2324725535643
11/08/2017;04:00:00;63.2510137302559
11/08/2017;05:00:00;63.2374000616738
11/08/2017;06:00:00;63.2445714778197
11/08/2017;07:00:00;63.2251886060825
11/08/2017;08:00:00;63.2647857718764
11/08/2017;09:00:00;63.2457915734084
11/08/2017;10:00:00;63.2436727897333
11/08/2017;11:00:00;63.2626933120369
11/08/2017;12:00:00;63.2426953876537
11/08/2017;13:00:00;63.2245451157159
11/08/2017;14:00:00;63.2307593068306
11/08/2017;15:00:00;63.2439968674274
11/08/2017;16:00:00;63.2257287916019
11/08/2017;17:00:00;63.2415834284441
11/08/2017;18:00:00;63.2369648849844
11/08/2017;19:00:00;63.2322631325617
11/08/2017;20:00:00;63.2286132341186
11/08/2017;21:00:00;63.2604026954416
11/08/2017;22:00:00;63.2470171669471
11/08/2017;23:00:00;63.2456796222037
11/09/2017;00:00:00;63.2295359966042
11/09/2017;01:00:00;63.2255556430401
11/09/2017;02:00:00;63.2416378926318
11/09/2017;03:00:00;63.2202871469271
11/09/2017;04:00:00;63.2526432960784
11/09/2017;05:00:00;63.258123683465
11/09/2017;06:00:00;63.26050382232
11/09/2017;07:00:00;63.2537266728669
11/09/2017;08:00:00;63.2359555194565
11/09/2017;09:00:00;63.2331682910391
11/09/2017;10:00:00;63.2331272858587
11/09/2017;11:00:00;63.2357882328789
11/09/2017;12:00:00;63.2452872487891
11/09/2017;13:00:00;63.250332881224
11/09/2017;14:00:00;63.254036273906
11/09/2017;15:00:00;63.2376200878195
11/09/2017;16:00:00;63.2333501943242
11/09/2017;17:00:00;63.2329783829803
11/09/2017;18:00:00;63.2398935256419
11/09/2017;19:00:00;63.2357579035536
11/09/2017;20:00:00;63.257933651551
11/09/2017;21:00:00;63.2645985922465
11/09/2017;22:00:00;63.2306361808412
11/09/2017;23:00:00;63.2426646351062
11/10/2017;00:00:00;63.2478053615889
11/10/2017;01:00:00;63.2553351932528
11/10/2017;02:00:00;63.2450012872819
11/10/2017;03:00:00;63.256662608776
11/10/2017;04:00:00;63.2622659205472
11/10/2017;05:00:00;63.2658559851311
11/10/2017;06:00:00;63.2309399748649
11/10/2017;07:00:00;63.2248551021667
11/10/2017;08:00:00;63.248340919877
11/10/2017;09:00:00;63.2216156521454
11/10/2017;10:00:00;63.2298722709661
11/10/2017;11:00:00;63.2511754994161
11/10/2017;12:00:00;63.2353086539677
11/10/2017;13:00:00;63.2575312874454
11/10/2017;14:00:00;63.2138897203108
11/10/2017;15:00:00;63.2379161259406
11/10/2017;16:00:00;63.2418170875719
11/10/2017;17:00:00;63.2276573743309
11/10/2017;18:00:00;63.2708396559139
11/10/2017;19:00:00;63.263926688207
11/10/2017;20:00:00;63.2254924505787
11/10/2017;21:00:00;63.2422248901225
11/10/2017;22:00:00;63.2537620863018
11/10/2017;23:00:00;63.2376331417479
11/11/2017;00:00:00;63.2344508122388
11/11/2017;01:00:00;63.2120922323332
11/11/2017;02:00:00;63.2560674242257
11/11/2017;03:00:00;63.2497505223626
11/11/2017;04:00:00;63.2097188312786
11/11/2017;05:00:00;63.2449009880725
11/11/2017;06:00:00;63.2193055072777
11/11/2017;07:00:00;63.2642191992323
11/11/2017;08:00:00;63.2490890393055
11/11/2017;09:00:00;63.2527372232808
11/11/2017;10:00:00;63.2373827426051
11/11/2017;11:00:00;63.2388498849152
11/11/2017;12:00:00;63.260123051399
11/11/2017;13:00:00;63.2545902076031
11/11/2017;14:00:00;63.2436180406729
11/11/2017;15:00:00;63.229269690466
11/11/2017;16:00:00;63.2509733610091
11/11/2017;17:00:00;63.2484381296988
11/11/2017;18:00:00;63.2273938958163
11/11/2017;19:00:00;63.2562454081158
11/11/2017;20:00:00;63.2382959111386
11/11/2017;21:00:00;63.2712380815076
11/11/2017;22:00:00;63.2361962880104
11/11/2017;23:00:00;63.235441644236
11/12/2017;00:00:00;63.246851451724
11/12/2017;01:00:00;63.2352069581599
11/12/2017;02:00:00;63.2374748770985
11/12/2017;03:00:00;63.2578087939162
11/12/2017;04:00:00;63.2308926489114
11/12/2017;05:00:00;63.2421558829855
11/12/2017;06:00:00;63.2349550446702
11/12/2017;07:00:00;63.2276689919519
11/12/2017;08:00:00;63.2344412939019
11/12/2017;09:00:00;63.2303536153806
11/12/2017;10:00:00;63.2402157746648
11/12/2017;11:00:00;63.2502740244824
11/12/2017;12:00:00;63.2191966186032
11/12/2017;13:00:00;63.2932826920466
11/12/2017;14:00:00;63.2389375570058
11/12/2017;15:00:00;63.2495574399733
11/12/2017;16:00:00;63.2315331189848
11/12/2017;17:00:00;63.2594600169449
11/12/2017;18:00:00;63.231155982829
11/12/2017;19:00:00;63.2309735975266
11/12/2017;20:00:00;63.2296583932724
11/12/2017;21:00:00;63.2393546383455
11/12/2017;22:00:00;63.2505929929524
11/12/2017;23:00:00;63.2285485383788
11/13/2017;00:00:00;63.3688747678803
11/13/2017;01:00:00;63.4904109475807
11/13/2017;02:00:00;63.491164138173
11/13/2017;03:00:00;63.489001340282
11/13/2017;04:00:00;63.4801155599015
11/13/2017;05:00:00;63.4914114571474
11/13/2017;06:00:00;63.4886206486825
11/13/2017;07:00:00;63.4955158295993
11/13/2017;08:00:00;63.4816490839851
11/13/2017;09:00:00;63.4791076563777
11/13/2017;10:00:00;63.47033743778
11/13/2017;11:00:00;63.4866018309505
11/13/2017;12:00:00;63.4953682508496
11/13/2017;13:00:00;63.5037698592505
11/13/2017;14:00:00;63.5051843654513
11/13/2017;15:00:00;63.4886424837865
11/13/2017;16:00:00;63.4886789190899
11/13/2017;17:00:00;63.5092239893498
11/13/2017;18:00:00;63.4807787951671
11/13/2017;19:00:00;63.492128962714
11/13/2017;20:00:00;63.4886570310436
11/13/2017;21:00:00;63.5130887580518
11/13/2017;22:00:00;63.4948844091448
11/13/2017;23:00:00;63.5321212996217
11/14/2017;00:00:00;63.5032669510144
11/14/2017;01:00:00;63.48158089251
11/14/2017;02:00:00;63.5108791909598
11/14/2017;03:00:00;63.4866472229043
11/14/2017;04:00:00;63.5138607388461
11/14/2017;05:00:00;63.4925235148286
11/14/2017;06:00:00;63.5194466027167
11/14/2017;07:00:00;63.4655547283936
11/14/2017;08:00:00;63.4729834675905
11/14/2017;09:00:00;63.5161136559537
11/14/2017;10:00:00;63.5139261675773
11/14/2017;11:00:00;63.5096127742101
11/14/2017;12:00:00;63.4917938327911
11/14/2017;13:00:00;63.4749445113253
11/14/2017;14:00:00;63.4961579533846
11/14/2017;15:00:00;63.5195377918617
11/14/2017;16:00:00;63.49068166023
11/14/2017;17:00:00;63.4684290317151
11/14/2017;18:00:00;63.4889976261495
11/14/2017;19:00:00;63.5137649378567
11/14/2017;20:00:00;63.4706865624113
11/14/2017;21:00:00;63.473237904203
11/14/2017;22:00:00;63.5027668674664
11/14/2017;23:00:00;63.5014801564269
11/15/2017;00:00:00;63.4750674038228
11/15/2017;01:00:00;63.4998312445285
11/15/2017;02:00:00;63.4806298674288
11/15/2017;03:00:00;63.4778995380006
11/15/2017;04:00:00;63.4588582960041
11/15/2017;05:00:00;63.4618750640503
11/15/2017;06:00:00;63.4602788472105
11/15/2017;07:00:00;63.4746205556479
11/15/2017;08:00:00;63.4618110847243
11/15/2017;09:00:00;63.5147743940807
11/15/2017;10:00:00;63.4731229496348
11/15/2017;11:00:00;63.5166990639231
11/15/2017;12:00:00;63.4813205115315
11/15/2017;13:00:00;63.4598380079054
11/15/2017;14:00:00;63.453860119291
11/15/2017;15:00:00;63.4821879607788
11/15/2017;16:00:00;62.7080768036946
11/15/2017;17:00:00;61.5627919928032
11/15/2017;18:00:00;61.3968160222714
11/15/2017;19:00:00;61.3998634927763
11/15/2017;20:00:00;61.3970278701101
11/15/2017;21:00:00;61.3930786669049
11/15/2017;22:00:00;61.4007331337396
11/15/2017;23:00:00;61.4092048948468
11/16/2017;00:00:00;61.403491362323
11/16/2017;01:00:00;61.389383656519
11/16/2017;02:00:00;61.3889572931685
11/16/2017;03:00:00;61.4096363514096
11/16/2017;04:00:00;61.4056867702929
11/16/2017;05:00:00;61.3887351273209
11/16/2017;06:00:00;61.4108140560404
11/16/2017;07:00:00;61.3885913062394
11/16/2017;08:00:00;61.3956524609016
11/16/2017;09:00:00;61.4258021538823
11/16/2017;10:00:00;61.3752575440296
11/16/2017;11:00:00;61.4083618753876
11/16/2017;12:00:00;61.4061573119057
11/16/2017;13:00:00;61.3979250259963
11/16/2017;14:00:00;61.4029222872984
11/16/2017;15:00:00;61.3826586826846
11/16/2017;16:00:00;61.4125115600344
11/16/2017;17:00:00;61.4127100400098
11/16/2017;18:00:00;61.3753022172262
11/16/2017;19:00:00;61.3884106437259
11/16/2017;20:00:00;61.3973199064694
11/16/2017;21:00:00;61.4189805741934
11/16/2017;22:00:00;61.3873534713645
11/16/2017;23:00:00;61.3797100529852
11/17/2017;00:00:00;61.3936086585056
11/17/2017;01:00:00;61.4233255385771
11/17/2017;02:00:00;61.3832815919324
11/17/2017;03:00:00;61.3902471335492
11/17/2017;04:00:00;61.4086101599038
11/17/2017;05:00:00;61.3972417241733
11/17/2017;06:00:00;61.3766899891066
11/17/2017;07:00:00;61.4022290980489
11/17/2017;08:00:00;61.3850623619432
11/17/2017;09:00:00;61.3832630227271
11/17/2017;10:00:00;61.3764784152301
11/17/2017;11:00:00;61.4056619328089
11/17/2017;12:00:00;61.3827327674659
11/17/2017;13:00:00;61.3906947907759
11/17/2017;14:00:00;61.3926441936557
11/17/2017;15:00:00;61.3889849135537
11/17/2017;16:00:00;61.4014189091772
11/17/2017;17:00:00;61.4085969968307
11/17/2017;18:00:00;61.3876870853213
11/17/2017;19:00:00;61.3927751772596
11/17/2017;20:00:00;61.3817361730686
11/17/2017;21:00:00;61.3736864704399
11/17/2017;22:00:00;61.4122363573679
11/17/2017;23:00:00;61.4205559304904
11/18/2017;00:00:00;61.3849967601005
11/18/2017;01:00:00;61.3920716432703
11/18/2017;02:00:00;61.3970346060521
11/18/2017;03:00:00;61.3867759026961
11/18/2017;04:00:00;61.4206785122387
11/18/2017;05:00:00;61.4262215999831
11/18/2017;06:00:00;61.420034715971
11/18/2017;07:00:00;61.4138153395137
11/18/2017;08:00:00;61.4049078580565
11/18/2017;09:00:00;61.4324171057556
11/18/2017;10:00:00;61.3694537471732
11/18/2017;11:00:00;61.401555464716
11/18/2017;12:00:00;61.3872323842386
11/18/2017;13:00:00;61.4101538881887
11/18/2017;14:00:00;61.4019944095909
11/18/2017;15:00:00;61.3862780262346
11/18/2017;16:00:00;61.4060275667545
11/18/2017;17:00:00;61.3991399039561
11/18/2017;18:00:00;61.3937803145162
11/18/2017;19:00:00;61.4117067523599
11/18/2017;20:00:00;61.4076006665666
11/18/2017;21:00:00;61.3891401579567
11/18/2017;22:00:00;61.4060998180327
11/18/2017;23:00:00;61.4152796311106
11/19/2017;00:00:00;61.4175684222387
11/19/2017;01:00:00;61.3909031777088
11/19/2017;02:00:00;61.4208878942901
11/19/2017;03:00:00;61.4005802984315
11/19/2017;04:00:00;61.3857402351519
11/19/2017;05:00:00;61.3875642348375
11/19/2017;06:00:00;61.3919916544769
11/19/2017;07:00:00;61.4074445569901
11/19/2017;08:00:00;61.3920628899905
11/19/2017;09:00:00;61.3628655217164
11/19/2017;10:00:00;61.4025692878486
11/19/2017;11:00:00;61.3987819213025
11/19/2017;12:00:00;61.4215545774868
11/19/2017;13:00:00;61.396881213728
11/19/2017;14:00:00;61.3929721035528
11/19/2017;15:00:00;61.4176811575115
11/19/2017;16:00:00;61.3984942262508
11/19/2017;17:00:00;61.3911557333871
11/19/2017;18:00:00;61.4092942647652
11/19/2017;19:00:00;61.4173430891685
11/19/2017;20:00:00;61.4122357949814
11/19/2017;21:00:00;61.3988349853004
11/19/2017;22:00:00;61.4056475539324
11/19/2017;23:00:00;61.3925632156771
11/20/2017;00:00:00;61.3962261271645
11/20/2017;01:00:00;61.3895779353597
11/20/2017;02:00:00;61.4227874485901
11/20/2017;03:00:00;61.4131889337801
11/20/2017;04:00:00;61.5701550229633
11/20/2017;05:00:00;61.6532488420648
11/20/2017;06:00:00;61.658356233294
11/20/2017;07:00:00;61.6464188859896
11/20/2017;08:00:00;61.6416799239826
11/20/2017;09:00:00;62.0009829800161
11/20/2017;10:00:00;62.0237266600356
11/20/2017;11:00:00;62.0001486008347
11/20/2017;12:00:00;61.9926328231401
11/20/2017;13:00:00;62.2332046199211
11/20/2017;14:00:00;62.2512810035859
11/20/2017;15:00:00;62.2351868029886
11/20/2017;16:00:00;62.2868246440039
11/20/2017;17:00:00;62.2665999520809
11/20/2017;18:00:00;62.2518544158371
11/20/2017;19:00:00;62.2415791462369
11/20/2017;20:00:00;62.2523541684326
11/20/2017;21:00:00;62.2937960199784
11/20/2017;22:00:00;62.2390562057637
11/20/2017;23:00:00;62.2886165064631
11/21/2017;00:00:00;62.2808507112452
11/21/2017;01:00:00;62.6216619699951
11/21/2017;02:00:00;62.6016871780977
11/21/2017;03:00:00;62.6231311223361
11/21/2017;04:00:00;62.6523760995563
11/21/2017;05:00:00;62.6339852950483
11/21/2017;06:00:00;62.6547522889494
11/21/2017;07:00:00;62.608481382522
11/21/2017;08:00:00;62.6017291815031
11/21/2017;09:00:00;62.6315705554912
11/21/2017;10:00:00;62.6529630758769
11/21/2017;11:00:00;62.6178876886127
11/21/2017;12:00:00;62.6204383968763
11/21/2017;13:00:00;62.6310669429733
11/21/2017;14:00:00;62.6043707568676
11/21/2017;15:00:00;62.6281110930399
11/21/2017;16:00:00;62.6443263197895
11/21/2017;17:00:00;62.6167830030675
11/21/2017;18:00:00;62.630653137447
11/21/2017;19:00:00;62.654677953918
11/21/2017;20:00:00;62.614951625477
11/21/2017;21:00:00;62.6108282016973
11/21/2017;22:00:00;62.6240029088
11/21/2017;23:00:00;62.6383270617271
11/22/2017;00:00:00;62.6354635054349
11/22/2017;01:00:00;62.6380144406942
11/22/2017;02:00:00;62.6255648776619
11/22/2017;03:00:00;62.6273873140827
11/22/2017;04:00:00;62.6187098567402
11/22/2017;05:00:00;62.6166956912948
11/22/2017;06:00:00;62.6351455433926
11/22/2017;07:00:00;62.6268389186402
11/22/2017;08:00:00;62.626838289058
11/22/2017;09:00:00;62.6541588964204
11/22/2017;10:00:00;62.6325034789017
11/22/2017;11:00:00;62.6193936749702
11/22/2017;12:00:00;62.6228353839166
11/22/2017;13:00:00;62.6169454357765
11/22/2017;14:00:00;62.6226625523796
11/22/2017;15:00:00;62.6311289646468
11/22/2017;16:00:00;62.6247964138668
11/22/2017;17:00:00;62.62874279536
11/22/2017;18:00:00;62.6298265173381
11/22/2017;19:00:00;62.6544130148681
11/22/2017;20:00:00;62.614532145831
11/22/2017;21:00:00;62.6094998253119
11/22/2017;22:00:00;62.6321853980701
11/22/2017;23:00:00;62.6590855577181
11/23/2017;00:00:00;62.6366269648302
11/23/2017;01:00:00;62.6514819623983
11/23/2017;02:00:00;62.6272081626897
11/23/2017;03:00:00;62.5994927520697
11/23/2017;04:00:00;62.6405929388069
11/23/2017;05:00:00;62.6256525242672
11/23/2017;06:00:00;62.6100948434866
11/23/2017;07:00:00;62.6297554599292
11/23/2017;08:00:00;62.6247659026705
11/23/2017;09:00:00;62.6168287385913
11/23/2017;10:00:00;62.6420135593652
11/23/2017;11:00:00;62.6128795627517
11/23/2017;12:00:00;62.6350513251724
11/23/2017;13:00:00;62.6235808255659
11/23/2017;14:00:00;62.6262801682973
11/23/2017;15:00:00;62.6328770846804
11/23/2017;16:00:00;62.6542843424041
11/23/2017;17:00:00;62.6182882240039
11/23/2017;18:00:00;62.6453598182142
11/23/2017;19:00:00;62.6118814304532
11/23/2017;20:00:00;62.6282934029234
11/23/2017;21:00:00;62.6319186872127
11/23/2017;22:00:00;62.6310913100586
11/23/2017;23:00:00;62.6350213937161
11/24/2017;00:00:00;62.6244058331284
11/24/2017;01:00:00;62.618956663367
11/24/2017;02:00:00;62.6193102482552
11/24/2017;03:00:00;62.620749772594
11/24/2017;04:00:00;62.6092605637284
11/24/2017;05:00:00;62.6412569338787
11/24/2017;06:00:00;62.6160220873432
11/24/2017;07:00:00;62.6081292179807
11/24/2017;08:00:00;62.5946989072196
11/24/2017;09:00:00;62.6227774776803
11/24/2017;10:00:00;62.6379184279541
11/24/2017;11:00:00;62.6319505763457
11/24/2017;12:00:00;62.63046006639
11/24/2017;13:00:00;62.6237657349407
11/24/2017;14:00:00;62.6155824530628
11/24/2017;15:00:00;62.6265549046476
11/24/2017;16:00:00;62.6220847267443
11/24/2017;17:00:00;62.6192001400071
11/24/2017;18:00:00;62.6244033234119
11/24/2017;19:00:00;62.6367530637963
11/24/2017;20:00:00;62.6262551049304
11/24/2017;21:00:00;62.6446635631452
11/24/2017;22:00:00;62.6207211334972
11/24/2017;23:00:00;62.6177913418343
11/25/2017;00:00:00;62.629720475031
11/25/2017;01:00:00;62.6370820758339
11/25/2017;02:00:00;62.6218052191748
11/25/2017;03:00:00;62.6243061680951
11/25/2017;04:00:00;62.6206980215469
11/25/2017;05:00:00;62.6306119794481
11/25/2017;06:00:00;62.6186803143248
11/25/2017;07:00:00;62.6367696440324
11/25/2017;08:00:00;62.6334432226196
11/25/2017;09:00:00;62.6376461266895
11/25/2017;10:00:00;62.6064369178704
11/25/2017;11:00:00;62.6225005703228
11/25/2017;12:00:00;62.6100783192511
11/25/2017;13:00:00;62.6285106912781
11/25/2017;14:00:00;62.5975672475511
11/25/2017;15:00:00;62.6090465632794
11/25/2017;16:00:00;62.652027590947
11/25/2017;17:00:00;62.6224085592601
11/25/2017;18:00:00;62.6298136324319
11/25/2017;19:00:00;62.6236149229733
11/25/2017;20:00:00;62.624459248014
11/25/2017;21:00:00;62.5861736692731
11/25/2017;22:00:00;62.0213374654697
11/25/2017;23:00:00;61.3707685676999
11/26/2017;00:00:00;60.598164650586
11/26/2017;01:00:00;60.250131002108
11/26/2017;02:00:00;60.4924131649216
11/26/2017;03:00:00;60.4937623104083
11/26/2017;04:00:00;60.4804961450717
11/26/2017;05:00:00;60.0449391138416
11/26/2017;06:00:00;59.6300442324331
11/26/2017;07:00:00;59.633154861448
11/26/2017;08:00:00;59.6099590666793
11/26/2017;09:00:00;59.6174471742267
11/26/2017;10:00:00;59.6240606987435
11/26/2017;11:00:00;59.6277533826676
11/26/2017;12:00:00;59.6054278463767
11/26/2017;13:00:00;59.6214538627092
11/26/2017;14:00:00;59.6243321129376
11/26/2017;15:00:00;59.6275194013901
11/26/2017;16:00:00;59.6169962457252
11/26/2017;17:00:00;59.6259550764144
11/26/2017;18:00:00;59.6275004962996
11/26/2017;19:00:00;59.6425315160765
11/26/2017;20:00:00;59.6251936822112
11/26/2017;21:00:00;59.628478581153
11/26/2017;22:00:00;59.6209610746997
11/26/2017;23:00:00;59.6071814478404
11/27/2017;00:00:00;59.602617555835
11/27/2017;01:00:00;59.6166361062799
11/27/2017;02:00:00;59.6150951843218
11/27/2017;03:00:00;59.1893611835941
11/27/2017;04:00:00;56.3345466627385
11/27/2017;05:00:00;55.0897299916685
11/27/2017;06:00:00;53.474012075364
11/27/2017;07:00:00;39.0464043914584
11/27/2017;08:00:00;29.3753093789054
11/27/2017;09:00:00;24.0039731180456
11/27/2017;10:00:00;19.3409401839564
11/27/2017;11:00:00;2.81238511874004
11/27/2017;12:00:00;0.00194940251104371
11/27/2017;13:00:00;0.00541673465287095
11/27/2017;14:00:00;0.00888406679469819
11/27/2017;15:00:00;0.0123513989365254
11/27/2017;16:00:00;0.0156864801196494
11/27/2017;17:00:00;0.00932112597927271
11/27/2017;18:00:00;0.0180865320709455
11/27/2017;19:00:00;0
11/27/2017;20:00:00;0
11/27/2017;21:00:00;0
11/27/2017;22:00:00;0
11/27/2017;23:00:00;0
11/28/2017;00:00:00;0
11/28/2017;01:00:00;0
11/28/2017;02:00:00;0
11/28/2017;03:00:00;0
11/28/2017;04:00:00;0
11/28/2017;05:00:00;0
11/28/2017;06:00:00;0
11/28/2017;07:00:00;0
11/28/2017;08:00:00;0
11/28/2017;09:00:00;0
11/28/2017;10:00:00;0
11/28/2017;11:00:00;0
11/28/2017;12:00:00;0
11/28/2017;13:00:00;0
11/28/2017;14:00:00;0
11/28/2017;15:00:00;0
11/28/2017;16:00:00;0
11/28/2017;17:00:00;0
11/28/2017;18:00:00;0
11/28/2017;19:00:00;0
11/28/2017;20:00:00;0
11/28/2017;21:00:00;0
11/28/2017;22:00:00;0
11/28/2017;23:00:00;0
11/29/2017;00:00:00;0
11/29/2017;01:00:00;0
11/29/2017;02:00:00;0
11/29/2017;03:00:00;0
11/29/2017;04:00:00;0
11/29/2017;05:00:00;0
11/29/2017;06:00:00;0
11/29/2017;07:00:00;0
11/29/2017;08:00:00;0
11/29/2017;09:00:00;0
11/29/2017;10:00:00;0
11/29/2017;11:00:00;0
11/29/2017;12:00:00;0
11/29/2017;13:00:00;0
11/29/2017;14:00:00;0
11/29/2017;15:00:00;0
11/29/2017;16:00:00;0
11/29/2017;17:00:00;0
11/29/2017;18:00:00;0
11/29/2017;19:00:00;0
11/29/2017;20:00:00;0
11/29/2017;21:00:00;0
11/29/2017;22:00:00;0
11/29/2017;23:00:00;0
11/30/2017;00:00:00;0
11/30/2017;01:00:00;0
11/30/2017;02:00:00;0
11/30/2017;03:00:00;0
11/30/2017;04:00:00;0
11/30/2017;05:00:00;0
11/30/2017;06:00:00;0
11/30/2017;07:00:00;0
11/30/2017;08:00:00;0
11/30/2017;09:00:00;0
11/30/2017;10:00:00;0
11/30/2017;11:00:00;0
11/30/2017;12:00:00;0
11/30/2017;13:00:00;0
11/30/2017;14:00:00;0
11/30/2017;15:00:00;0
11/30/2017;16:00:00;0
11/30/2017;17:00:00;20.4760621450709
11/30/2017;18:00:00;17.9671568778916
11/30/2017;19:00:00;18.3625697510521
11/30/2017;20:00:00;20.6754687397945
11/30/2017;21:00:00;22.6543816820125
11/30/2017;22:00:00;23.9038049405233
11/30/2017;23:00:00;14.1411556727078
12/01/2017;00:00:00;13.6527956388646
12/01/2017;01:00:00;13.7248958068773
12/01/2017;02:00:00;22.0916284797988
12/01/2017;03:00:00;29.0813199038198
12/01/2017;04:00:00;28.6253763337306
12/01/2017;05:00:00;17.920526525118
12/01/2017;06:00:00;10.443110692397
12/01/2017;07:00:00;0.112716758658001
12/01/2017;08:00:00;15.8366424216954
12/01/2017;09:00:00;24.4412591522516
12/01/2017;10:00:00;26.6773943495566
12/01/2017;11:00:00;3.73207239657734
12/01/2017;12:00:00;26.9008983525398
12/01/2017;13:00:00;29.6486751221431
12/01/2017;14:00:00;32.0394199706069
12/01/2017;15:00:00;40.6397524905742
12/01/2017;16:00:00;34.5071422296524
12/01/2017;17:00:00;47.488035614267
12/01/2017;18:00:00;49.2006522443212
12/01/2017;19:00:00;49.278596667204
12/01/2017;20:00:00;51.1281210766979
12/01/2017;21:00:00;51.678284757787
12/01/2017;22:00:00;53.0306707180947
12/01/2017;23:00:00;54.0252534340927
12/02/2017;00:00:00;55.0670012991287
12/02/2017;01:00:00;54.0745481343432
12/02/2017;02:00:00;53.6025056590648
12/02/2017;03:00:00;53.6207348733352
12/02/2017;04:00:00;53.5925183701251
12/02/2017;05:00:00;54.0274688949733
12/02/2017;06:00:00;54.5579834344459
12/02/2017;07:00:00;54.891163332175
12/02/2017;08:00:00;54.8873767692031
12/02/2017;09:00:00;54.8678880958838
12/02/2017;10:00:00;54.8809026715016
12/02/2017;11:00:00;54.8923523781416
12/02/2017;12:00:00;54.9084327464899
12/02/2017;13:00:00;54.8862825725395
12/02/2017;14:00:00;54.8891349172777
12/02/2017;15:00:00;54.8902987684067
12/02/2017;16:00:00;54.889221389816
12/02/2017;17:00:00;54.8902491969212
12/02/2017;18:00:00;54.9106890598801
12/02/2017;19:00:00;54.8901201226707
12/02/2017;20:00:00;54.8946015848515
12/02/2017;21:00:00;54.8965645225761
12/02/2017;22:00:00;54.8852224391396
12/02/2017;23:00:00;54.8821917676019
12/03/2017;00:00:00;54.8988099323446
12/03/2017;01:00:00;54.4736290039675
12/03/2017;02:00:00;54.286139237475
12/03/2017;03:00:00;54.3021303874146
12/03/2017;04:00:00;54.2750782532532
12/03/2017;05:00:00;54.2747267427228
12/03/2017;06:00:00;54.2602707908869
12/03/2017;07:00:00;55.6278127464781
12/03/2017;08:00:00;55.9996186549434
12/03/2017;09:00:00;56.026573288841
12/03/2017;10:00:00;56.0221667226698
12/03/2017;11:00:00;56.0333844918166
12/03/2017;12:00:00;56.0230522515492
12/03/2017;13:00:00;56.0458040390001
12/03/2017;14:00:00;56.043531426835
12/03/2017;15:00:00;56.0269266032731
12/03/2017;16:00:00;56.0318547302518
12/03/2017;17:00:00;56.0407125150316
12/03/2017;18:00:00;56.0043220927256
12/03/2017;19:00:00;56.0442195655255
12/03/2017;20:00:00;56.0149268642912
12/03/2017;21:00:00;56.031517758922
12/03/2017;22:00:00;56.0295102282833
12/03/2017;23:00:00;56.0381357665669
12/04/2017;00:00:00;56.0286430971748
12/04/2017;01:00:00;56.0478732950948
12/04/2017;02:00:00;56.0416872636813
12/04/2017;03:00:00;56.0098891047362
12/04/2017;04:00:00;56.0330906871574
12/04/2017;05:00:00;56.0477673123505
12/04/2017;06:00:00;56.0298110204349
12/04/2017;07:00:00;56.0267349681828
12/04/2017;08:00:00;56.0208076481307
12/04/2017;09:00:00;56.0343452196884
12/04/2017;10:00:00;56.0360070315746
12/04/2017;11:00:00;55.1536071561616
12/04/2017;12:00:00;56.1284378847316
12/04/2017;13:00:00;56.1281667823036
12/04/2017;14:00:00;56.1464609090264
12/04/2017;15:00:00;56.1243531559038
12/04/2017;16:00:00;56.1250301947267
12/04/2017;17:00:00;56.145526476924
12/04/2017;18:00:00;56.1289375981878
12/04/2017;19:00:00;56.1405079145547
12/04/2017;20:00:00;56.1389674894656
12/04/2017;21:00:00;56.124145342974
12/04/2017;22:00:00;56.1163415971851
12/04/2017;23:00:00;56.1374116974073
12/05/2017;00:00:00;56.1382465232347
12/05/2017;01:00:00;56.1644852161082
12/05/2017;02:00:00;56.1258083086893
12/05/2017;03:00:00;56.1568454962727
12/05/2017;04:00:00;56.1383244185773
12/05/2017;05:00:00;56.1672128688109
12/05/2017;06:00:00;56.1361038243255
12/05/2017;07:00:00;56.1470229545125
12/05/2017;08:00:00;56.1163263247058
12/05/2017;09:00:00;56.1313791399352
12/05/2017;10:00:00;56.1365042658478
12/05/2017;11:00:00;56.1293711217489
12/05/2017;12:00:00;56.1436539112444
12/05/2017;13:00:00;56.1529599484387
12/05/2017;14:00:00;56.1275312995969
12/05/2017;15:00:00;56.13989848543
12/05/2017;16:00:00;56.1226451349418
12/05/2017;17:00:00;56.1272171773203
12/05/2017;18:00:00;56.149952870421
12/05/2017;19:00:00;56.1432980321874
12/05/2017;20:00:00;56.1320838214777
12/05/2017;21:00:00;56.1211558029141
12/05/2017;22:00:00;56.1449003762063
12/05/2017;23:00:00;56.4779392739281
12/06/2017;00:00:00;56.7844797115272
12/06/2017;01:00:00;57.0051290630062
12/06/2017;02:00:00;57.4264175088438
12/06/2017;03:00:00;57.4134068580736
12/06/2017;04:00:00;57.4023503393653
12/06/2017;05:00:00;57.4140123568887
12/06/2017;06:00:00;57.3986854190878
12/06/2017;07:00:00;57.8174945761782
12/06/2017;08:00:00;58.9319640783736
12/06/2017;09:00:00;60.9236891563997
12/06/2017;10:00:00;61.8935371911863
12/06/2017;11:00:00;62.2579172005456
12/06/2017;12:00:00;63.5356210448243
12/06/2017;13:00:00;63.7831400817477
12/06/2017;14:00:00;63.801855660539
12/06/2017;15:00:00;63.7909779135535
12/06/2017;16:00:00;63.7832335921049
12/06/2017;17:00:00;63.7942478856923
12/06/2017;18:00:00;63.8221993661212
12/06/2017;19:00:00;63.7991036762274
12/06/2017;20:00:00;63.7795449140067
12/06/2017;21:00:00;63.7901667022977
12/06/2017;22:00:00;63.7872794872417
12/06/2017;23:00:00;63.7977659097449
12/07/2017;00:00:00;63.7891811939904
12/07/2017;01:00:00;63.7892009598127
12/07/2017;02:00:00;63.7746814264367
12/07/2017;03:00:00;63.8247122842174
12/07/2017;04:00:00;63.7953996637855
12/07/2017;05:00:00;63.7911137495523
12/07/2017;06:00:00;63.7954365540732
12/07/2017;07:00:00;63.7902995465187
12/07/2017;08:00:00;63.7870025157687
12/07/2017;09:00:00;63.7940153510168
12/07/2017;10:00:00;63.7796266879785
12/07/2017;11:00:00;63.7897905462637
12/07/2017;12:00:00;63.8038267417229
12/07/2017;13:00:00;63.7932253533121
12/07/2017;14:00:00;63.7717972676431
12/07/2017;15:00:00;63.7967525968208
12/07/2017;16:00:00;63.786763436235
12/07/2017;17:00:00;63.7885972779049
12/07/2017;18:00:00;63.8145683515725
12/07/2017;19:00:00;63.7897445153856
12/07/2017;20:00:00;63.8098157902097
12/07/2017;21:00:00;63.7909679568983
12/07/2017;22:00:00;63.794685606791
12/07/2017;23:00:00;63.7899712456643
12/08/2017;00:00:00;63.7772951031773
12/08/2017;01:00:00;63.7809511793576
12/08/2017;02:00:00;63.7806749797497
12/08/2017;03:00:00;63.7766798870527
12/08/2017;04:00:00;63.7921391812519
12/08/2017;05:00:00;63.7936772218977
12/08/2017;06:00:00;63.7920343234868
12/08/2017;07:00:00;63.8052210089251
12/08/2017;08:00:00;63.784740965707
12/08/2017;09:00:00;63.7942678757439
12/08/2017;10:00:00;63.7916644887215
12/08/2017;11:00:00;63.7964036332767
12/08/2017;12:00:00;63.7933548260872
12/08/2017;13:00:00;63.7644388958644
12/08/2017;14:00:00;63.7943709740808
12/08/2017;15:00:00;63.7806628693857
12/08/2017;16:00:00;63.7603149886668
12/08/2017;17:00:00;63.7663146787972
12/08/2017;18:00:00;63.7917601784275
12/08/2017;19:00:00;63.776700891188
12/08/2017;20:00:00;63.803166655705
12/08/2017;21:00:00;63.7854890375919
12/08/2017;22:00:00;63.7869370687251
12/08/2017;23:00:00;63.793225966865
12/09/2017;00:00:00;63.792828686826
12/09/2017;01:00:00;63.8142446520152
12/09/2017;02:00:00;63.7957632530334
12/09/2017;03:00:00;63.7874808443936
12/09/2017;04:00:00;63.8026062287633
12/09/2017;05:00:00;63.7904492132759
12/09/2017;06:00:00;63.7703039236112
12/09/2017;07:00:00;63.7839625347559
12/09/2017;08:00:00;63.7753946558059
12/09/2017;09:00:00;63.7983221700534
12/09/2017;10:00:00;63.8065456347574
12/09/2017;11:00:00;63.804224975052
12/09/2017;12:00:00;63.7992400410492
12/09/2017;13:00:00;63.7898809769381
12/09/2017;14:00:00;63.7747186807101
12/09/2017;15:00:00;63.7729585617912
12/09/2017;16:00:00;63.7973472158544
12/09/2017;17:00:00;63.7795746158905
12/09/2017;18:00:00;63.8084577092947
12/09/2017;19:00:00;63.8024174298334
12/09/2017;20:00:00;63.7961830595979
12/09/2017;21:00:00;63.7830221639128
12/09/2017;22:00:00;63.7936900621602
12/09/2017;23:00:00;63.7922647937692
12/10/2017;00:00:00;63.7751878455748
12/10/2017;01:00:00;63.7923607655773
12/10/2017;02:00:00;63.7788988730178
12/10/2017;03:00:00;63.8035052000054
12/10/2017;04:00:00;63.8007204420045
12/10/2017;05:00:00;63.7964781231802
12/10/2017;06:00:00;63.7932894665005
12/10/2017;07:00:00;63.8013673344697
12/10/2017;08:00:00;63.7830282238375
12/10/2017;09:00:00;63.8072768045701
12/10/2017;10:00:00;63.7963781081136
12/10/2017;11:00:00;63.8008343480384
12/10/2017;12:00:00;63.7838258569578
12/10/2017;13:00:00;63.8014749790708
12/10/2017;14:00:00;63.8132462105799
12/10/2017;15:00:00;63.8227199359238
12/10/2017;16:00:00;63.7905074957497
12/10/2017;17:00:00;63.7768828665472
12/10/2017;18:00:00;63.7798143084817
12/10/2017;19:00:00;63.7929514716261
12/10/2017;20:00:00;63.7990871931471
12/10/2017;21:00:00;63.7935559610645
12/10/2017;22:00:00;63.8047357439125
12/10/2017;23:00:00;63.7625315547885
12/11/2017;00:00:00;63.7644259078071
12/11/2017;01:00:00;63.7856394123628
12/11/2017;02:00:00;63.7828487259128
12/11/2017;03:00:00;63.7953618632612
12/11/2017;04:00:00;63.7875755874538
12/11/2017;05:00:00;63.7991951082988
12/11/2017;06:00:00;63.4931738198988
12/11/2017;07:00:00;63.4733319418331
12/11/2017;08:00:00;63.4549279708628
12/11/2017;09:00:00;63.4701140297842
12/11/2017;10:00:00;63.4676685145767
12/11/2017;11:00:00;63.4482859461365
12/11/2017;12:00:00;63.4582068294768
12/11/2017;13:00:00;63.4371171145262
12/11/2017;14:00:00;63.4378545835101
12/11/2017;15:00:00;63.4731327759023
12/11/2017;16:00:00;63.4721840529868
12/11/2017;17:00:00;63.4644378369142
12/11/2017;18:00:00;63.4675974709169
12/11/2017;19:00:00;63.4524520417593
12/11/2017;20:00:00;63.4803975015269
12/11/2017;21:00:00;63.4736245468917
12/11/2017;22:00:00;63.4634133681143
12/11/2017;23:00:00;63.4604524612178
12/12/2017;00:00:00;63.4662670294583
12/12/2017;01:00:00;63.4534567156753
12/12/2017;02:00:00;63.4514332518973
12/12/2017;03:00:00;63.4578866565854
12/12/2017;04:00:00;63.4560582094373
12/12/2017;05:00:00;63.4699627751351
12/12/2017;06:00:00;63.4763065534616
12/12/2017;07:00:00;63.4616807005342
12/12/2017;08:00:00;63.4662929888268
12/12/2017;09:00:00;63.4811555688925
12/12/2017;10:00:00;63.4830871841374
12/12/2017;11:00:00;63.4629969405999
12/12/2017;12:00:00;63.473245639185
12/12/2017;13:00:00;63.4745151002568
12/12/2017;14:00:00;61.7105246932677
12/12/2017;15:00:00;57.7698101503366
12/12/2017;16:00:00;56.216222669515
12/12/2017;17:00:00;55.8517047624434
12/12/2017;18:00:00;53.7318669259786
12/12/2017;19:00:00;51.6439220480631
12/12/2017;20:00:00;50.7794308213956
12/12/2017;21:00:00;50.7749726299638
12/12/2017;22:00:00;50.7881679555344
12/12/2017;23:00:00;50.7733388139517
12/13/2017;00:00:00;50.4728122375832
12/13/2017;01:00:00;50.1259967724435
12/13/2017;02:00:00;50.1365528775611
12/13/2017;03:00:00;50.1543973041532
12/13/2017;04:00:00;50.119443929452
12/13/2017;05:00:00;50.14765873433
12/13/2017;06:00:00;50.146738890731
12/13/2017;07:00:00;50.1453259905335
12/13/2017;08:00:00;50.1763606798512
12/13/2017;09:00:00;50.129512877152
12/13/2017;10:00:00;50.162889855293
12/13/2017;11:00:00;50.1557122321941
12/13/2017;12:00:00;50.1356035767852
12/13/2017;13:00:00;50.1412425234966
12/13/2017;14:00:00;50.1411149452935
12/13/2017;15:00:00;50.1527114291958
12/13/2017;16:00:00;50.131634050408
12/13/2017;17:00:00;50.1326914362817
12/13/2017;18:00:00;50.1255609353872
12/13/2017;19:00:00;50.1512158153232
12/13/2017;20:00:00;50.1325128953608
12/13/2017;21:00:00;50.1335402876446
12/13/2017;22:00:00;50.1242008248184
12/13/2017;23:00:00;50.1364235496807
12/14/2017;00:00:00;50.1516207644801
12/14/2017;01:00:00;50.1394646072894
12/14/2017;02:00:00;50.1203546823968
12/14/2017;03:00:00;50.1619252031828
12/14/2017;04:00:00;50.1429302839645
12/14/2017;05:00:00;50.1383623921077
12/14/2017;06:00:00;50.1625844024699
12/14/2017;07:00:00;50.5426796835928
12/14/2017;08:00:00;50.7573215876403
12/14/2017;09:00:00;50.7616414084303
12/14/2017;10:00:00;50.9711484142362
12/14/2017;11:00:00;51.4014307687432
12/14/2017;12:00:00;51.423088875394
12/14/2017;13:00:00;51.3983075658348
12/14/2017;14:00:00;51.4122816619555
12/14/2017;15:00:00;51.396353108229
12/14/2017;16:00:00;51.4077592824309
12/14/2017;17:00:00;51.4008614495602
12/14/2017;18:00:00;51.4048934948072
12/14/2017;19:00:00;51.3955444933769
12/14/2017;20:00:00;51.3996025908
12/14/2017;21:00:00;51.3972579844651
12/14/2017;22:00:00;51.4051883657346
12/14/2017;23:00:00;51.4110655419407
12/15/2017;00:00:00;51.4047068454152
12/15/2017;01:00:00;51.4219771809858
12/15/2017;02:00:00;51.4259664135702
12/15/2017;03:00:00;51.3953000880555
12/15/2017;04:00:00;51.3966396052822
12/15/2017;05:00:00;51.4358379836458
12/15/2017;06:00:00;51.4127481421691
12/15/2017;07:00:00;51.3969771493088
12/15/2017;08:00:00;51.4198371227357
12/15/2017;09:00:00;51.4138343825358
12/15/2017;10:00:00;51.415893409941
12/15/2017;11:00:00;51.3986631140642
12/15/2017;12:00:00;51.4038612417739
12/15/2017;13:00:00;51.4085727686057
12/15/2017;14:00:00;51.4206090741783
12/15/2017;15:00:00;51.4141660824227
12/15/2017;16:00:00;51.4088520866756
12/15/2017;17:00:00;51.4099306944911
12/15/2017;18:00:00;51.4190493629614
12/15/2017;19:00:00;51.4138631616123
12/15/2017;20:00:00;51.4184668949714
12/15/2017;21:00:00;51.4077609212926
12/15/2017;22:00:00;51.4209615533249
12/15/2017;23:00:00;51.4053379349147
12/16/2017;00:00:00;51.395481064965
12/16/2017;01:00:00;51.4373676132184
12/16/2017;02:00:00;51.4290452994778
12/16/2017;03:00:00;51.4171869961634
12/16/2017;04:00:00;51.4025151475508
12/16/2017;05:00:00;51.4044393140649
12/16/2017;06:00:00;51.3966829913636
12/16/2017;07:00:00;51.4073470052387
12/16/2017;08:00:00;51.3953596507557
12/16/2017;09:00:00;51.4028075783523
12/16/2017;10:00:00;51.4059838980412
12/16/2017;11:00:00;51.4031798646862
12/16/2017;12:00:00;51.4211071964836
12/16/2017;13:00:00;51.3888624000585
12/16/2017;14:00:00;51.4181272626648
12/16/2017;15:00:00;51.4029159388859
12/16/2017;16:00:00;51.4061274693892
12/16/2017;17:00:00;51.4080956431875
12/16/2017;18:00:00;51.4128897536973
12/16/2017;19:00:00;51.3960014342135
12/16/2017;20:00:00;51.4017094645349
12/16/2017;21:00:00;51.4144946052421
12/16/2017;22:00:00;51.3976461022648
12/16/2017;23:00:00;51.4033745541137
12/17/2017;00:00:00;51.3988819916341
12/17/2017;01:00:00;51.3923707980664
12/17/2017;02:00:00;51.4048033619264
12/17/2017;03:00:00;51.3958495299151
12/17/2017;04:00:00;51.4099812044654
12/17/2017;05:00:00;51.4060719127574
12/17/2017;06:00:00;51.4162610769608
12/17/2017;07:00:00;51.4106002939231
12/17/2017;08:00:00;51.4053877338018
12/17/2017;09:00:00;51.3842271419943
12/17/2017;10:00:00;51.4142411726176
12/17/2017;11:00:00;51.3946952103204
12/17/2017;12:00:00;51.4084593833807
12/17/2017;13:00:00;51.41716139135
12/17/2017;14:00:00;51.4110435055172
12/17/2017;15:00:00;51.4166538173918
12/17/2017;16:00:00;51.409469008767
12/17/2017;17:00:00;51.3990665997822
12/17/2017;18:00:00;51.406857642591
12/17/2017;19:00:00;51.4053318690547
12/17/2017;20:00:00;51.4181688236225
12/17/2017;21:00:00;51.3940499663078
12/17/2017;22:00:00;51.3937048224283
