DATE;TIME;PI0443.PV
10/31/2017;00:00:00;716.096416445179
10/31/2017;01:00:00;714.972990306133
10/31/2017;02:00:00;711.343161510661
10/31/2017;03:00:00;715.148785299524
10/31/2017;04:00:00;715.190690727738
10/31/2017;05:00:00;714.930613290708
10/31/2017;06:00:00;712.933769292312
10/31/2017;07:00:00;715.057047965089
10/31/2017;08:00:00;710.495026842086
10/31/2017;09:00:00;717.089800455246
10/31/2017;10:00:00;708.70864387979
10/31/2017;11:00:00;716.421333874645
10/31/2017;12:00:00;714.086912039564
10/31/2017;13:00:00;716.415227574765
10/31/2017;14:00:00;719.229998308216
10/31/2017;15:00:00;715.413426350197
10/31/2017;16:00:00;716.673226658752
10/31/2017;17:00:00;728.433572378769
10/31/2017;18:00:00;703.216301234008
10/31/2017;19:00:00;715.217380384906
10/31/2017;20:00:00;712.846733830086
10/31/2017;21:00:00;722.523871002963
10/31/2017;22:00:00;712.383894011842
10/31/2017;23:00:00;708.866451947723
11/01/2017;00:00:00;718.34247694219
11/01/2017;01:00:00;721.129159820976
11/01/2017;02:00:00;709.008567631548
11/01/2017;03:00:00;719.767539810504
11/01/2017;04:00:00;710.351574264684
11/01/2017;05:00:00;714.257257181176
11/01/2017;06:00:00;720.077733849035
11/01/2017;07:00:00;711.031676983678
11/01/2017;08:00:00;708.7043223451
11/01/2017;09:00:00;718.514096619421
11/01/2017;10:00:00;711.911614655784
11/01/2017;11:00:00;712.256663472368
11/01/2017;12:00:00;713.39618874316
11/01/2017;13:00:00;723.682926480521
11/01/2017;14:00:00;710.929400156758
11/01/2017;15:00:00;718.556378659106
11/01/2017;16:00:00;707.042545555496
11/01/2017;17:00:00;720.728574671486
11/01/2017;18:00:00;704.315373481817
11/01/2017;19:00:00;727.037969764868
11/01/2017;20:00:00;702.279304475467
11/01/2017;21:00:00;721.866461972489
11/01/2017;22:00:00;725.48710765531
11/01/2017;23:00:00;736.147022730009
11/02/2017;00:00:00;740.081147089295
11/02/2017;01:00:00;736.832439171289
11/02/2017;02:00:00;728.425338593267
11/02/2017;03:00:00;719.992737480566
11/02/2017;04:00:00;704.891415262369
11/02/2017;05:00:00;715.087110974476
11/02/2017;06:00:00;717.255270699067
11/02/2017;07:00:00;715.885114064573
11/02/2017;08:00:00;729.856837349593
11/02/2017;09:00:00;740.979603710444
11/02/2017;10:00:00;749.351553923155
11/02/2017;11:00:00;760.516771866181
11/02/2017;12:00:00;771.77875634999
11/02/2017;13:00:00;784.068428785816
11/02/2017;14:00:00;793.236365665755
11/02/2017;15:00:00;804.576033393657
11/02/2017;16:00:00;810.154778451142
11/02/2017;17:00:00;851.730099199448
11/02/2017;18:00:00;746.038958460211
11/02/2017;19:00:00;716.493528880995
11/02/2017;20:00:00;721.767898958591
11/02/2017;21:00:00;713.598289251072
11/02/2017;22:00:00;703.86309908795
11/02/2017;23:00:00;708.487546923149
11/03/2017;00:00:00;728.81940198726
11/03/2017;01:00:00;711.021610045807
11/03/2017;02:00:00;707.518524367001
11/03/2017;03:00:00;720.643214823492
11/03/2017;04:00:00;708.038594504825
11/03/2017;05:00:00;704.206555958829
11/03/2017;06:00:00;759.782704731746
11/03/2017;07:00:00;747.23635811305
11/03/2017;08:00:00;740.969394567326
11/03/2017;09:00:00;740.422391944018
11/03/2017;10:00:00;732.790276267629
11/03/2017;11:00:00;707.664295808751
11/03/2017;12:00:00;714.817131127164
11/03/2017;13:00:00;722.100117592792
11/03/2017;14:00:00;711.517150224683
11/03/2017;15:00:00;706.440437312074
11/03/2017;16:00:00;712.916138262592
11/03/2017;17:00:00;720.189432249961
11/03/2017;18:00:00;711.176183909386
11/03/2017;19:00:00;724.770143645714
11/03/2017;20:00:00;718.093153673139
11/03/2017;21:00:00;710.990326088312
11/03/2017;22:00:00;717.913510640561
11/03/2017;23:00:00;717.844815164084
11/04/2017;00:00:00;711.727745097826
11/04/2017;01:00:00;724.010067071407
11/04/2017;02:00:00;720.502639351081
11/04/2017;03:00:00;716.035387985825
11/04/2017;04:00:00;724.573892809312
11/04/2017;05:00:00;711.912793062337
11/04/2017;06:00:00;723.191281551716
11/04/2017;07:00:00;718.147187680596
11/04/2017;08:00:00;712.994805459195
11/04/2017;09:00:00;709.08778243418
11/04/2017;10:00:00;706.641510816235
11/04/2017;11:00:00;703.054888484679
11/04/2017;12:00:00;680.465684138968
11/04/2017;13:00:00;687.57429313694
11/04/2017;14:00:00;696.504508824214
11/04/2017;15:00:00;694.303951716837
11/04/2017;16:00:00;714.2330263503
11/04/2017;17:00:00;728.135242356108
11/04/2017;18:00:00;706.811217719326
11/04/2017;19:00:00;702.182227880726
11/04/2017;20:00:00;714.257295892862
11/04/2017;21:00:00;709.158147807249
11/04/2017;22:00:00;689.059127084959
11/04/2017;23:00:00;695.419995170431
11/05/2017;00:00:00;718.249514855108
11/05/2017;01:00:00;712.284572960922
11/05/2017;02:00:00;713.37252296041
11/05/2017;03:00:00;719.095297800309
11/05/2017;04:00:00;728.457212945707
11/05/2017;05:00:00;715.514864000576
11/05/2017;06:00:00;695.496925087133
11/05/2017;07:00:00;727.358538448787
11/05/2017;08:00:00;716.664831208468
11/05/2017;09:00:00;713.596848629159
11/05/2017;10:00:00;711.849348673
11/05/2017;11:00:00;720.65655282017
11/05/2017;12:00:00;716.728192577796
11/05/2017;13:00:00;719.783450720629
11/05/2017;14:00:00;717.350581845028
11/05/2017;15:00:00;727.633798306758
11/05/2017;16:00:00;703.85121715076
11/05/2017;17:00:00;707.938462005739
11/05/2017;18:00:00;712.554421694098
11/05/2017;19:00:00;712.843349532915
11/05/2017;20:00:00;707.709596564897
11/05/2017;21:00:00;710.339306163215
11/05/2017;22:00:00;742.295787729331
11/05/2017;23:00:00;760.140820933988
11/06/2017;00:00:00;719.336480984011
11/06/2017;01:00:00;699.843555273306
11/06/2017;02:00:00;728.767085089841
11/06/2017;03:00:00;758.151934934557
11/06/2017;04:00:00;765.079866622581
11/06/2017;05:00:00;773.143698796211
11/06/2017;06:00:00;764.21200193249
11/06/2017;07:00:00;751.91464162311
11/06/2017;08:00:00;742.821382945711
11/06/2017;09:00:00;719.881387365994
11/06/2017;10:00:00;706.062102997675
11/06/2017;11:00:00;710.679649930268
11/06/2017;12:00:00;722.335474918558
11/06/2017;13:00:00;742.455023074646
11/06/2017;14:00:00;760.677685620538
11/06/2017;15:00:00;774.756206332866
11/06/2017;16:00:00;785.591165591194
11/06/2017;17:00:00;776.435416627976
11/06/2017;18:00:00;750.964436583203
11/06/2017;19:00:00;736.161583556998
11/06/2017;20:00:00;727.956502595053
11/06/2017;21:00:00;720.038736297972
11/06/2017;22:00:00;702.882542485045
11/06/2017;23:00:00;707.866631359738
11/07/2017;00:00:00;712.941792853984
11/07/2017;01:00:00;705.277897583165
11/07/2017;02:00:00;740.921589953789
11/07/2017;03:00:00;756.829994804244
11/07/2017;04:00:00;763.832209195492
11/07/2017;05:00:00;772.583515758717
11/07/2017;06:00:00;777.061715998448
11/07/2017;07:00:00;771.866085182629
11/07/2017;08:00:00;770.893062675678
11/07/2017;09:00:00;763.658800494462
11/07/2017;10:00:00;767.544598289852
11/07/2017;11:00:00;761.328591151901
11/07/2017;12:00:00;758.327829298525
11/07/2017;13:00:00;755.510976596853
11/07/2017;14:00:00;756.713457615184
11/07/2017;15:00:00;762.675519540222
11/07/2017;16:00:00;765.479682778344
11/07/2017;17:00:00;763.159400847647
11/07/2017;18:00:00;748.559619822446
11/07/2017;19:00:00;680.536244232799
11/07/2017;20:00:00;664.342975637556
11/07/2017;21:00:00;716.272177604016
11/07/2017;22:00:00;737.663731752086
11/07/2017;23:00:00;744.803457958059
11/08/2017;00:00:00;744.517062765486
11/08/2017;01:00:00;741.866868363551
11/08/2017;02:00:00;742.60878217282
11/08/2017;03:00:00;742.979509809764
11/08/2017;04:00:00;740.222818216219
11/08/2017;05:00:00;742.693807428298
11/08/2017;06:00:00;760.076821057667
11/08/2017;07:00:00;773.643396231956
11/08/2017;08:00:00;736.298614784479
11/08/2017;09:00:00;715.369434488231
11/08/2017;10:00:00;712.255187796288
11/08/2017;11:00:00;720.806031052394
11/08/2017;12:00:00;729.101541622553
11/08/2017;13:00:00;730.593254659225
11/08/2017;14:00:00;736.432148524885
11/08/2017;15:00:00;748.770299331647
11/08/2017;16:00:00;754.160404921275
11/08/2017;17:00:00;759.342361205554
11/08/2017;18:00:00;762.544662798651
11/08/2017;19:00:00;763.610116926501
11/08/2017;20:00:00;777.518041338055
11/08/2017;21:00:00;761.840055693443
11/08/2017;22:00:00;713.8658344792
11/08/2017;23:00:00;728.734148544813
11/09/2017;00:00:00;726.938814562296
11/09/2017;01:00:00;727.354227923427
11/09/2017;02:00:00;733.088203838976
11/09/2017;03:00:00;729.975490791265
11/09/2017;04:00:00;736.6323114186
11/09/2017;05:00:00;744.633797929886
11/09/2017;06:00:00;756.088032818262
11/09/2017;07:00:00;750.059191125506
11/09/2017;08:00:00;747.033290918909
11/09/2017;09:00:00;759.128138320618
11/09/2017;10:00:00;752.337992732088
11/09/2017;11:00:00;750.177622518784
11/09/2017;12:00:00;745.660017603412
11/09/2017;13:00:00;732.235633940804
11/09/2017;14:00:00;732.246085505897
11/09/2017;15:00:00;738.873993777255
11/09/2017;16:00:00;746.541650030744
11/09/2017;17:00:00;756.610944848448
11/09/2017;18:00:00;762.253480131546
11/09/2017;19:00:00;763.688673194076
11/09/2017;20:00:00;766.751877232555
11/09/2017;21:00:00;761.064947073039
11/09/2017;22:00:00;771.930820481258
11/09/2017;23:00:00;778.481929195334
11/10/2017;00:00:00;787.595341006206
11/10/2017;01:00:00;782.732309508876
11/10/2017;02:00:00;780.909719701345
11/10/2017;03:00:00;783.82428172577
11/10/2017;04:00:00;782.520781018111
11/10/2017;05:00:00;775.516277445285
11/10/2017;06:00:00;770.237541792949
11/10/2017;07:00:00;762.504072146803
11/10/2017;08:00:00;781.356141049639
11/10/2017;09:00:00;776.193632621453
11/10/2017;10:00:00;748.937327372337
11/10/2017;11:00:00;723.552157750731
11/10/2017;12:00:00;705.599170059327
11/10/2017;13:00:00;684.119767610649
11/10/2017;14:00:00;698.950002099849
11/10/2017;15:00:00;705.001809948811
11/10/2017;16:00:00;704.503203935657
11/10/2017;17:00:00;706.426165370783
11/10/2017;18:00:00;707.950790535577
11/10/2017;19:00:00;706.590140942561
11/10/2017;20:00:00;707.868560184307
11/10/2017;21:00:00;703.366220175618
11/10/2017;22:00:00;700.046218392298
11/10/2017;23:00:00;707.317486593772
11/11/2017;00:00:00;702.071704642889
11/11/2017;01:00:00;704.421140192099
11/11/2017;02:00:00;706.671861772265
11/11/2017;03:00:00;710.271202323531
11/11/2017;04:00:00;704.420582514238
11/11/2017;05:00:00;700.608732630372
11/11/2017;06:00:00;707.920901662402
11/11/2017;07:00:00;701.596680269572
11/11/2017;08:00:00;704.338292814315
11/11/2017;09:00:00;706.33526236157
11/11/2017;10:00:00;707.749775766594
11/11/2017;11:00:00;704.427240698855
11/11/2017;12:00:00;705.851591787439
11/11/2017;13:00:00;704.467516300565
11/11/2017;14:00:00;704.829788344922
11/11/2017;15:00:00;703.799615891164
11/11/2017;16:00:00;702.934458063388
11/11/2017;17:00:00;706.053156120057
11/11/2017;18:00:00;700.172778674581
11/11/2017;19:00:00;708.3537214616
11/11/2017;20:00:00;703.007236753113
11/11/2017;21:00:00;707.905917178884
11/11/2017;22:00:00;703.512393823927
11/11/2017;23:00:00;704.589435839468
11/12/2017;00:00:00;708.138734709134
11/12/2017;01:00:00;708.423851508929
11/12/2017;02:00:00;705.941294463856
11/12/2017;03:00:00;704.838397050764
11/12/2017;04:00:00;700.117739152405
11/12/2017;05:00:00;701.262934822254
11/12/2017;06:00:00;705.42965641955
11/12/2017;07:00:00;704.127386722961
11/12/2017;08:00:00;701.687905841301
11/12/2017;09:00:00;708.305314634476
11/12/2017;10:00:00;699.906333051318
11/12/2017;11:00:00;709.303293414369
11/12/2017;12:00:00;705.106377534924
11/12/2017;13:00:00;704.156602183248
11/12/2017;14:00:00;705.127086086808
11/12/2017;15:00:00;704.639056970954
11/12/2017;16:00:00;703.831595898256
11/12/2017;17:00:00;703.271890138855
11/12/2017;18:00:00;703.595705421382
11/12/2017;19:00:00;703.424489186585
11/12/2017;20:00:00;709.052822501225
11/12/2017;21:00:00;708.756627858074
11/12/2017;22:00:00;706.607195352219
11/12/2017;23:00:00;707.622546219917
11/13/2017;00:00:00;703.909862539222
11/13/2017;01:00:00;712.15829583318
11/13/2017;02:00:00;718.362031216881
11/13/2017;03:00:00;738.994636036947
11/13/2017;04:00:00;741.431185241578
11/13/2017;05:00:00;739.311248381799
11/13/2017;06:00:00;738.43599650048
11/13/2017;07:00:00;731.383448828596
11/13/2017;08:00:00;712.854099033226
11/13/2017;09:00:00;720.023611563529
11/13/2017;10:00:00;709.879079036106
11/13/2017;11:00:00;716.566678703749
11/13/2017;12:00:00;716.770639378497
11/13/2017;13:00:00;710.616748616491
11/13/2017;14:00:00;714.723435686662
11/13/2017;15:00:00;715.012759974338
11/13/2017;16:00:00;709.127012926483
11/13/2017;17:00:00;716.677142282993
11/13/2017;18:00:00;715.040734435566
11/13/2017;19:00:00;708.483815240329
11/13/2017;20:00:00;710.921092465106
11/13/2017;21:00:00;723.02908354559
11/13/2017;22:00:00;716.706995207933
11/13/2017;23:00:00;716.089317883035
11/14/2017;00:00:00;731.003059293791
11/14/2017;01:00:00;764.662262733541
11/14/2017;02:00:00;807.11172896882
11/14/2017;03:00:00;882.098883724125
11/14/2017;04:00:00;888.947786757017
11/14/2017;05:00:00;909.159122978471
11/14/2017;06:00:00;817.484600877548
11/14/2017;07:00:00;683.741265757851
11/14/2017;08:00:00;685.636812144863
11/14/2017;09:00:00;713.925629787398
11/14/2017;10:00:00;722.243068770782
11/14/2017;11:00:00;738.522266227693
11/14/2017;12:00:00;736.6540280406
11/14/2017;13:00:00;730.726108289043
11/14/2017;14:00:00;729.883891795882
11/14/2017;15:00:00;730.047156291101
11/14/2017;16:00:00;735.976174684153
11/14/2017;17:00:00;730.811159692773
11/14/2017;18:00:00;729.862786182355
11/14/2017;19:00:00;726.684673118938
11/14/2017;20:00:00;730.959146996724
11/14/2017;21:00:00;744.994438143491
11/14/2017;22:00:00;747.607123112972
11/14/2017;23:00:00;746.375353442431
11/15/2017;00:00:00;720.035875467052
11/15/2017;01:00:00;704.515517041449
11/15/2017;02:00:00;704.809199912179
11/15/2017;03:00:00;719.978676961637
11/15/2017;04:00:00;743.98223849417
11/15/2017;05:00:00;764.71849225308
11/15/2017;06:00:00;748.130971597387
11/15/2017;07:00:00;721.668742039317
11/15/2017;08:00:00;717.357995236095
11/15/2017;09:00:00;712.83512417419
11/15/2017;10:00:00;713.157854068236
11/15/2017;11:00:00;715.150035474185
11/15/2017;12:00:00;717.715129110062
11/15/2017;13:00:00;710.042129107257
11/15/2017;14:00:00;715.978780575841
11/15/2017;15:00:00;735.023290429973
11/15/2017;16:00:00;777.373071831544
11/15/2017;17:00:00;746.119489859318
11/15/2017;18:00:00;739.922658339309
11/15/2017;19:00:00;711.487076784324
11/15/2017;20:00:00;720.111419163669
11/15/2017;21:00:00;729.67622168064
11/15/2017;22:00:00;744.859731276048
11/15/2017;23:00:00;744.127514845682
11/16/2017;00:00:00;720.137504419616
11/16/2017;01:00:00;698.958646974474
11/16/2017;02:00:00;707.200500269177
11/16/2017;03:00:00;717.577367165307
11/16/2017;04:00:00;732.010528656495
11/16/2017;05:00:00;742.880764982192
11/16/2017;06:00:00;735.590195489718
11/16/2017;07:00:00;749.612418280268
11/16/2017;08:00:00;767.444298029505
11/16/2017;09:00:00;783.669251101188
11/16/2017;10:00:00;769.862630595259
11/16/2017;11:00:00;762.495675987966
11/16/2017;12:00:00;756.632148774242
11/16/2017;13:00:00;767.501336118621
11/16/2017;14:00:00;780.787012998801
11/16/2017;15:00:00;797.247825480144
11/16/2017;16:00:00;803.446802681415
11/16/2017;17:00:00;786.21042510651
11/16/2017;18:00:00;736.377291170966
11/16/2017;19:00:00;758.259905767047
11/16/2017;20:00:00;776.701256948337
11/16/2017;21:00:00;733.703482119832
11/16/2017;22:00:00;720.673369187684
11/16/2017;23:00:00;709.035062301593
11/17/2017;00:00:00;715.573681294717
11/17/2017;01:00:00;725.906683318195
11/17/2017;02:00:00;734.225563551096
11/17/2017;03:00:00;734.134498717496
11/17/2017;04:00:00;741.296352122444
11/17/2017;05:00:00;743.52948282091
11/17/2017;06:00:00;760.515987892622
11/17/2017;07:00:00;771.693946075844
11/17/2017;08:00:00;776.471613019997
11/17/2017;09:00:00;786.438180384112
11/17/2017;10:00:00;799.915472603156
11/17/2017;11:00:00;794.997490903586
11/17/2017;12:00:00;769.927102166634
11/17/2017;13:00:00;760.017900349299
11/17/2017;14:00:00;747.115805469408
11/17/2017;15:00:00;742.996851686944
11/17/2017;16:00:00;754.969304511545
11/17/2017;17:00:00;737.45072002331
11/17/2017;18:00:00;713.260835884025
11/17/2017;19:00:00;684.380525667375
11/17/2017;20:00:00;754.55800411346
11/17/2017;21:00:00;746.026396553001
11/17/2017;22:00:00;749.396936689085
11/17/2017;23:00:00;748.406973598171
11/18/2017;00:00:00;758.56996056291
11/18/2017;01:00:00;743.279493442586
11/18/2017;02:00:00;753.664772968217
11/18/2017;03:00:00;753.453264884268
11/18/2017;04:00:00;752.660774636501
11/18/2017;05:00:00;752.878219034745
11/18/2017;06:00:00;751.402025980584
11/18/2017;07:00:00;716.990354029529
11/18/2017;08:00:00;691.093776391005
11/18/2017;09:00:00;764.925199144031
11/18/2017;10:00:00;707.676903111148
11/18/2017;11:00:00;757.546893280614
11/18/2017;12:00:00;746.201159073371
11/18/2017;13:00:00;743.863640074073
11/18/2017;14:00:00;736.740606806009
11/18/2017;15:00:00;749.376014585221
11/18/2017;16:00:00;730.979701667403
11/18/2017;17:00:00;748.296033914402
11/18/2017;18:00:00;754.721640952915
11/18/2017;19:00:00;755.542989618513
11/18/2017;20:00:00;755.644043080601
11/18/2017;21:00:00;754.227785878855
11/18/2017;22:00:00;732.411954121404
11/18/2017;23:00:00;714.04706353447
11/19/2017;00:00:00;749.859405145252
11/19/2017;01:00:00;748.208862409028
11/19/2017;02:00:00;758.869358087743
11/19/2017;03:00:00;733.841838296053
11/19/2017;04:00:00;724.890572207658
11/19/2017;05:00:00;749.874582787229
11/19/2017;06:00:00;758.405308734484
11/19/2017;07:00:00;737.348285705934
11/19/2017;08:00:00;735.698722849211
11/19/2017;09:00:00;754.372431529958
11/19/2017;10:00:00;743.738536357782
11/19/2017;11:00:00;752.142728940253
11/19/2017;12:00:00;751.241043967782
11/19/2017;13:00:00;751.455026862725
11/19/2017;14:00:00;742.457156363755
11/19/2017;15:00:00;717.800994475583
11/19/2017;16:00:00;764.939422115954
11/19/2017;17:00:00;749.314361884674
11/19/2017;18:00:00;743.539957930368
11/19/2017;19:00:00;739.792571641065
11/19/2017;20:00:00;752.80242733411
11/19/2017;21:00:00;748.040825174693
11/19/2017;22:00:00;760.091837480525
11/19/2017;23:00:00;753.252824946701
11/20/2017;00:00:00;752.396200064899
11/20/2017;01:00:00;753.526512170537
11/20/2017;02:00:00;748.299307822609
11/20/2017;03:00:00;752.746733253527
11/20/2017;04:00:00;744.883025618405
11/20/2017;05:00:00;742.309535171691
11/20/2017;06:00:00;752.502131374356
11/20/2017;07:00:00;751.469828119283
11/20/2017;08:00:00;752.007711248541
11/20/2017;09:00:00;756.033104253783
11/20/2017;10:00:00;761.1547180943
11/20/2017;11:00:00;753.498436052315
11/20/2017;12:00:00;753.698936602141
11/20/2017;13:00:00;752.665563604704
11/20/2017;14:00:00;765.108771455312
11/20/2017;15:00:00;711.169881048855
11/20/2017;16:00:00;752.639683799666
11/20/2017;17:00:00;767.624095418101
11/20/2017;18:00:00;752.335629103645
11/20/2017;19:00:00;751.208052437541
11/20/2017;20:00:00;755.440154111839
11/20/2017;21:00:00;751.835884833827
11/20/2017;22:00:00;753.362149130714
11/20/2017;23:00:00;696.540095305682
11/21/2017;00:00:00;773.163683353859
11/21/2017;01:00:00;765.117951596782
11/21/2017;02:00:00;766.146387071761
11/21/2017;03:00:00;771.868874842595
11/21/2017;04:00:00;756.063217729356
11/21/2017;05:00:00;749.815097254369
11/21/2017;06:00:00;753.26855674748
11/21/2017;07:00:00;756.341521373991
11/21/2017;08:00:00;753.262692174834
11/21/2017;09:00:00;759.387900754463
11/21/2017;10:00:00;738.884228033873
11/21/2017;11:00:00;760.133880649044
11/21/2017;12:00:00;753.572788590453
11/21/2017;13:00:00;752.777928597429
11/21/2017;14:00:00;749.929284908541
11/21/2017;15:00:00;767.680473739588
11/21/2017;16:00:00;763.454084624695
11/21/2017;17:00:00;758.447503064644
11/21/2017;18:00:00;726.586103466184
11/21/2017;19:00:00;734.78676199095
11/21/2017;20:00:00;731.655363518625
11/21/2017;21:00:00;748.034109927093
11/21/2017;22:00:00;786.553814861723
11/21/2017;23:00:00;810.801130357386
11/22/2017;00:00:00;769.538090123064
11/22/2017;01:00:00;727.7939855603
11/22/2017;02:00:00;731.491385380307
11/22/2017;03:00:00;743.23504775062
11/22/2017;04:00:00;762.375422132906
11/22/2017;05:00:00;826.816804661526
11/22/2017;06:00:00;802.09098723365
11/22/2017;07:00:00;765.153851836245
11/22/2017;08:00:00;758.791528498992
11/22/2017;09:00:00;772.691769750932
11/22/2017;10:00:00;766.609517806649
11/22/2017;11:00:00;771.031859989331
11/22/2017;12:00:00;765.978523002123
11/22/2017;13:00:00;765.688039826546
11/22/2017;14:00:00;763.508143520829
11/22/2017;15:00:00;771.903736237972
11/22/2017;16:00:00;772.993681341055
11/22/2017;17:00:00;763.814278759535
11/22/2017;18:00:00;747.275566566899
11/22/2017;19:00:00;735.380875523575
11/22/2017;20:00:00;728.726130138624
11/22/2017;21:00:00;737.080084138055
11/22/2017;22:00:00;735.192397905757
11/22/2017;23:00:00;737.642431623315
11/23/2017;00:00:00;739.914595073294
11/23/2017;01:00:00;735.692942698723
11/23/2017;02:00:00;716.933451836374
11/23/2017;03:00:00;701.897981222396
11/23/2017;04:00:00;699.456588941769
11/23/2017;05:00:00;708.479932117836
11/23/2017;06:00:00;768.943520262605
11/23/2017;07:00:00;799.260466602935
11/23/2017;08:00:00;775.313515522053
11/23/2017;09:00:00;757.519738019958
11/23/2017;10:00:00;741.307345157866
11/23/2017;11:00:00;735.485926271809
11/23/2017;12:00:00;747.783909149044
11/23/2017;13:00:00;775.728265106622
11/23/2017;14:00:00;777.197191277432
11/23/2017;15:00:00;763.127377887604
11/23/2017;16:00:00;768.905668546287
11/23/2017;17:00:00;751.328784229177
11/23/2017;18:00:00;757.102168352627
11/23/2017;19:00:00;755.11244403655
11/23/2017;20:00:00;752.57327924786
11/23/2017;21:00:00;763.043644167721
11/23/2017;22:00:00;765.231082187325
11/23/2017;23:00:00;771.427056299052
11/24/2017;00:00:00;758.600676696178
11/24/2017;01:00:00;748.142853949863
11/24/2017;02:00:00;746.635642543061
11/24/2017;03:00:00;767.38441147153
11/24/2017;04:00:00;766.209435435185
11/24/2017;05:00:00;765.463721681049
11/24/2017;06:00:00;779.390002624111
11/24/2017;07:00:00;777.35818287607
11/24/2017;08:00:00;760.182187241689
11/24/2017;09:00:00;738.324089284053
11/24/2017;10:00:00;731.258592382967
11/24/2017;11:00:00;706.782078654582
11/24/2017;12:00:00;717.193502549251
11/24/2017;13:00:00;722.870173989837
11/24/2017;14:00:00;728.637163771953
11/24/2017;15:00:00;732.740212828824
11/24/2017;16:00:00;730.211392500281
11/24/2017;17:00:00;729.182324990382
11/24/2017;18:00:00;733.703003448998
11/24/2017;19:00:00;740.422362850426
11/24/2017;20:00:00;756.656067452213
11/24/2017;21:00:00;772.835317343828
11/24/2017;22:00:00;773.133624638256
11/24/2017;23:00:00;753.196659697905
11/25/2017;00:00:00;722.355101020797
11/25/2017;01:00:00;726.640731608568
11/25/2017;02:00:00;736.062022545224
11/25/2017;03:00:00;741.629381088772
11/25/2017;04:00:00;752.164738467754
11/25/2017;05:00:00;750.254182903772
11/25/2017;06:00:00;755.582892246595
11/25/2017;07:00:00;754.55924636315
11/25/2017;08:00:00;764.538562677636
11/25/2017;09:00:00;772.056751959373
11/25/2017;10:00:00;777.980590910212
11/25/2017;11:00:00;772.144410959627
11/25/2017;12:00:00;777.901795387821
11/25/2017;13:00:00;784.475490941798
11/25/2017;14:00:00;787.623447110204
11/25/2017;15:00:00;794.779763164386
11/25/2017;16:00:00;784.177983036873
11/25/2017;17:00:00;791.373844402214
11/25/2017;18:00:00;751.663069841616
11/25/2017;19:00:00;642.470257851048
11/25/2017;20:00:00;339.503124880364
11/25/2017;21:00:00;210.665047786261
11/25/2017;22:00:00;93.3395056750919
11/25/2017;23:00:00;83.3205911648616
11/26/2017;00:00:00;90.6208376169286
11/26/2017;01:00:00;113.502566340566
11/26/2017;02:00:00;122.966957978884
11/26/2017;03:00:00;106.946624458823
11/26/2017;04:00:00;92.2299608573439
11/26/2017;05:00:00;94.0294604037759
11/26/2017;06:00:00;95.7977318388514
11/26/2017;07:00:00;94.5039446586274
11/26/2017;08:00:00;97.0766199499109
11/26/2017;09:00:00;100.262911127098
11/26/2017;10:00:00;96.9641337876688
11/26/2017;11:00:00;95.7647869076337
11/26/2017;12:00:00;97.062202665481
11/26/2017;13:00:00;98.1814096772036
11/26/2017;14:00:00;98.0598996766343
11/26/2017;15:00:00;99.8561427636554
11/26/2017;16:00:00;107.83252443892
11/26/2017;17:00:00;114.500541895729
11/26/2017;18:00:00;114.054690912792
11/26/2017;19:00:00;106.022828841053
11/26/2017;20:00:00;105.183539517251
11/26/2017;21:00:00;101.352009124867
11/26/2017;22:00:00;106.942486356978
11/26/2017;23:00:00;110.350465224197
11/27/2017;00:00:00;21.11769066751
11/27/2017;01:00:00;1.03230015075276
11/27/2017;02:00:00;0.88144249953095
11/27/2017;03:00:00;0.8125
11/27/2017;04:00:00;0.8125
11/27/2017;05:00:00;0.8125
11/27/2017;06:00:00;0.8125
11/27/2017;07:00:00;0.8125
11/27/2017;08:00:00;0.8125
11/27/2017;09:00:00;0.8125
11/27/2017;10:00:00;0.812402566621884
11/27/2017;11:00:00;0.802851157177606
11/27/2017;12:00:00;0.787061660778478
11/27/2017;13:00:00;0.771272164379351
11/27/2017;14:00:00;0.755482667980223
11/27/2017;15:00:00;0.739693171581095
11/27/2017;16:00:00;0.723903675181968
11/27/2017;17:00:00;0.70811417878284
11/27/2017;18:00:00;0.691880112299896
11/27/2017;19:00:00;0.660202996627367
11/27/2017;20:00:00;0.620894902951247
11/27/2017;21:00:00;0.581586809275128
11/27/2017;22:00:00;0.542278715599008
11/27/2017;23:00:00;0.502970621922888
11/28/2017;00:00:00;0.463662528246768
11/28/2017;01:00:00;0.424354434570648
11/28/2017;02:00:00;0.38669115394612
11/28/2017;03:00:00;0.386729335951623
11/28/2017;04:00:00;0.402485666058926
11/28/2017;05:00:00;0.41824199616623
11/28/2017;06:00:00;0.433998326273534
11/28/2017;07:00:00;0.449754656380837
11/28/2017;08:00:00;0.465510986488141
11/28/2017;09:00:00;0.481267316595444
11/28/2017;10:00:00;0.497023644513539
11/28/2017;11:00:00;0.512779940116554
11/28/2017;12:00:00;0.528536224984741
11/28/2017;13:00:00;0.544292509852929
11/28/2017;14:00:00;0.560048794721116
11/28/2017;15:00:00;0.575805079589303
11/28/2017;16:00:00;0.591561364457491
11/28/2017;17:00:00;0.607317649325678
11/28/2017;18:00:00;0.623078681524815
11/28/2017;19:00:00;0.638888620744705
11/28/2017;20:00:00;0.654711440607352
11/28/2017;21:00:00;0.670534260469998
11/28/2017;22:00:00;0.686357080332645
11/28/2017;23:00:00;0.702179900195291
11/29/2017;00:00:00;0.718002720057937
11/29/2017;01:00:00;0.733825539920584
11/29/2017;02:00:00;0.745127794262205
11/29/2017;03:00:00;0.726744260899894
11/29/2017;04:00:00;0.702959948457258
11/29/2017;05:00:00;0.679175636014622
11/29/2017;06:00:00;0.655391323571986
11/29/2017;07:00:00;0.63160701112935
11/29/2017;08:00:00;0.607822698686715
11/29/2017;09:00:00;0.584038386244079
11/29/2017;10:00:00;0.523893443940502
11/29/2017;11:00:00;0.311227890369408
11/29/2017;12:00:00;0.0963386220450164
11/29/2017;13:00:00;0.0765942118515339
11/29/2017;14:00:00;0.110508742033026
11/29/2017;15:00:00;0.150149378692943
11/29/2017;16:00:00;0.189790015352859
11/29/2017;17:00:00;0.229430652012776
11/29/2017;18:00:00;0.269071288672692
11/29/2017;19:00:00;0.308711925332609
11/29/2017;20:00:00;0.348352561992526
11/29/2017;21:00:00;0.394644664193344
11/29/2017;22:00:00;0.453411728360302
11/29/2017;23:00:00;0.512466722459829
11/30/2017;00:00:00;0.571521716559356
11/30/2017;01:00:00;0.630576710658882
11/30/2017;02:00:00;0.689631704758409
11/30/2017;03:00:00;0.739288605355874
11/30/2017;04:00:00;0.727225998057482
11/30/2017;05:00:00;0.703934014718358
11/30/2017;06:00:00;0.680642031379234
11/30/2017;07:00:00;0.65735004804011
11/30/2017;08:00:00;1.27195156920879
11/30/2017;09:00:00;25.7589371955006
11/30/2017;10:00:00;41.8654926693504
11/30/2017;11:00:00;55.9391917995161
11/30/2017;12:00:00;157.834729888732
11/30/2017;13:00:00;285.956259759085
11/30/2017;14:00:00;177.109657165058
11/30/2017;15:00:00;6.10210220465816
11/30/2017;16:00:00;0
11/30/2017;17:00:00;0
11/30/2017;18:00:00;0
11/30/2017;19:00:00;0
11/30/2017;20:00:00;0
11/30/2017;21:00:00;0
11/30/2017;22:00:00;0
11/30/2017;23:00:00;0.0856494191530901
12/01/2017;00:00:00;0.306320883213066
12/01/2017;01:00:00;0.528653470255001
12/01/2017;02:00:00;0.750986057296936
12/01/2017;03:00:00;1.02788416647143
12/01/2017;04:00:00;1.48557242706805
12/01/2017;05:00:00;1.9574728426305
12/01/2017;06:00:00;2.45840421091297
12/01/2017;07:00:00;3.91517194759546
12/01/2017;08:00:00;6.13829465240527
12/01/2017;09:00:00;10.1992683479858
12/01/2017;10:00:00;4.30972739880078
12/01/2017;11:00:00;7.44691260305968
12/01/2017;12:00:00;7.49863659183917
12/01/2017;13:00:00;8.62463874150522
12/01/2017;14:00:00;9.04581611029339
12/01/2017;15:00:00;8.03601001893619
12/01/2017;16:00:00;6.14781016002032
12/01/2017;17:00:00;4.1596035813809
12/01/2017;18:00:00;2.57320227305634
12/01/2017;19:00:00;1.59903861905758
12/01/2017;20:00:00;1.2603477761828
12/01/2017;21:00:00;0.979761547129059
12/01/2017;22:00:00;0.866133968587867
12/01/2017;23:00:00;0.789210563012545
12/02/2017;00:00:00;0.713355942116821
12/02/2017;01:00:00;0.68120882837829
12/02/2017;02:00:00;0.671926642500263
12/02/2017;03:00:00;0.662644456622236
12/02/2017;04:00:00;0.653362270744209
12/02/2017;05:00:00;0.644080084866181
12/02/2017;06:00:00;0.634797898988155
12/02/2017;07:00:00;0.812952742697974
12/02/2017;08:00:00;120.108493540716
12/02/2017;09:00:00;330.229407894747
12/02/2017;10:00:00;547.619288485379
12/02/2017;11:00:00;673.18070168574
12/02/2017;12:00:00;722.891639508385
12/02/2017;13:00:00;690.83575279205
12/02/2017;14:00:00;698.940391139512
12/02/2017;15:00:00;746.64922336569
12/02/2017;16:00:00;748.51844590811
12/02/2017;17:00:00;759.55027279879
12/02/2017;18:00:00;733.747517319622
12/02/2017;19:00:00;709.983544066598
12/02/2017;20:00:00;712.882276212733
12/02/2017;21:00:00;710.700651445651
12/02/2017;22:00:00;716.187112221076
12/02/2017;23:00:00;706.177279509376
12/03/2017;00:00:00;702.685277444993
12/03/2017;01:00:00;702.078996477171
12/03/2017;02:00:00;704.356320929205
12/03/2017;03:00:00;697.88979402929
12/03/2017;04:00:00;708.737479588449
12/03/2017;05:00:00;696.541656953752
12/03/2017;06:00:00;708.748052621163
12/03/2017;07:00:00;707.656109308463
12/03/2017;08:00:00;701.42943589779
12/03/2017;09:00:00;697.823439495297
12/03/2017;10:00:00;700.992011364002
12/03/2017;11:00:00;704.362820386513
12/03/2017;12:00:00;702.073236546158
12/03/2017;13:00:00;770.36334602752
12/03/2017;14:00:00;802.382319780031
12/03/2017;15:00:00;774.522087577427
12/03/2017;16:00:00;795.395996060458
12/03/2017;17:00:00;819.854854101476
12/03/2017;18:00:00;810.134010139485
12/03/2017;19:00:00;807.778755210421
12/03/2017;20:00:00;719.959243920633
12/03/2017;21:00:00;640.505362483294
12/03/2017;22:00:00;715.294417477893
12/03/2017;23:00:00;716.980451534092
12/04/2017;00:00:00;728.562228556355
12/04/2017;01:00:00;726.657453306794
12/04/2017;02:00:00;721.770417052367
12/04/2017;03:00:00;725.532423004622
12/04/2017;04:00:00;726.114457259448
12/04/2017;05:00:00;722.903339182345
12/04/2017;06:00:00;727.229098508984
12/04/2017;07:00:00;723.015790641014
12/04/2017;08:00:00;719.185964747627
12/04/2017;09:00:00;727.518372036704
12/04/2017;10:00:00;722.211174472967
12/04/2017;11:00:00;728.153689208664
12/04/2017;12:00:00;721.38427091031
12/04/2017;13:00:00;729.278962772629
12/04/2017;14:00:00;724.459925121619
12/04/2017;15:00:00;725.971471782784
12/04/2017;16:00:00;727.680136939387
12/04/2017;17:00:00;731.059990745233
12/04/2017;18:00:00;734.035467130259
12/04/2017;19:00:00;737.254263002259
12/04/2017;20:00:00;739.74176259893
12/04/2017;21:00:00;739.358966745664
12/04/2017;22:00:00;736.05382855087
12/04/2017;23:00:00;737.033860294285
12/05/2017;00:00:00;719.238229071954
12/05/2017;01:00:00;705.292517486677
12/05/2017;02:00:00;703.964097457838
12/05/2017;03:00:00;718.744774765973
12/05/2017;04:00:00;727.363211129965
12/05/2017;05:00:00;725.897992081652
12/05/2017;06:00:00;728.247886006969
12/05/2017;07:00:00;718.442170839506
12/05/2017;08:00:00;726.258671185481
12/05/2017;09:00:00;721.701242660397
12/05/2017;10:00:00;727.972883185446
12/05/2017;11:00:00;722.642726515967
12/05/2017;12:00:00;726.267414142873
12/05/2017;13:00:00;723.885117120041
12/05/2017;14:00:00;720.447247206144
12/05/2017;15:00:00;715.275561926529
12/05/2017;16:00:00;723.493850151956
12/05/2017;17:00:00;722.528630625207
12/05/2017;18:00:00;724.932780403865
12/05/2017;19:00:00;723.0928216389
12/05/2017;20:00:00;724.7833317705
12/05/2017;21:00:00;726.239009489531
12/05/2017;22:00:00;726.356650958594
12/05/2017;23:00:00;725.911238176786
12/06/2017;00:00:00;728.798467288659
12/06/2017;01:00:00;731.087614632359
12/06/2017;02:00:00;723.379410562394
12/06/2017;03:00:00;726.403815641114
12/06/2017;04:00:00;722.26898571827
12/06/2017;05:00:00;723.692766917951
12/06/2017;06:00:00;727.089420886134
12/06/2017;07:00:00;709.221252648753
12/06/2017;08:00:00;709.604874317229
12/06/2017;09:00:00;700.666164856618
12/06/2017;10:00:00;704.372199387285
12/06/2017;11:00:00;712.972552223922
12/06/2017;12:00:00;714.146369439162
12/06/2017;13:00:00;707.934778531871
12/06/2017;14:00:00;715.111292539993
12/06/2017;15:00:00;710.061203018222
12/06/2017;16:00:00;730.091569796794
12/06/2017;17:00:00;748.424335694874
12/06/2017;18:00:00;739.450816477457
12/06/2017;19:00:00;727.215576365472
12/06/2017;20:00:00;708.857030574391
12/06/2017;21:00:00;703.967204594117
12/06/2017;22:00:00;707.391024026359
12/06/2017;23:00:00;701.439494355617
12/07/2017;00:00:00;707.446507161411
12/07/2017;01:00:00;704.625361171925
12/07/2017;02:00:00;703.767474074429
12/07/2017;03:00:00;706.533427775957
12/07/2017;04:00:00;703.780180118032
12/07/2017;05:00:00;706.17521436861
12/07/2017;06:00:00;705.827901439261
12/07/2017;07:00:00;708.262506677801
12/07/2017;08:00:00;696.40032947817
12/07/2017;09:00:00;704.285279667878
12/07/2017;10:00:00;706.134565253346
12/07/2017;11:00:00;707.161586868165
12/07/2017;12:00:00;702.924598455912
12/07/2017;13:00:00;705.540133052293
12/07/2017;14:00:00;702.519914248169
12/07/2017;15:00:00;704.567580251644
12/07/2017;16:00:00;707.711213692453
12/07/2017;17:00:00;702.802453608625
12/07/2017;18:00:00;706.796906634667
12/07/2017;19:00:00;703.72017439727
12/07/2017;20:00:00;703.831291152964
12/07/2017;21:00:00;707.810046751988
12/07/2017;22:00:00;705.243141368958
12/07/2017;23:00:00;701.37620378753
12/08/2017;00:00:00;706.235285042318
12/08/2017;01:00:00;706.511032291507
12/08/2017;02:00:00;705.0307535559
12/08/2017;03:00:00;707.282241411553
12/08/2017;04:00:00;701.433167404205
12/08/2017;05:00:00;704.842052575541
12/08/2017;06:00:00;707.318354943427
12/08/2017;07:00:00;704.69340130404
12/08/2017;08:00:00;705.299989515361
12/08/2017;09:00:00;705.744894176683
12/08/2017;10:00:00;701.534097078856
12/08/2017;11:00:00;704.060717150878
12/08/2017;12:00:00;707.575507700169
12/08/2017;13:00:00;706.435307666108
12/08/2017;14:00:00;701.663648119723
12/08/2017;15:00:00;705.604064800488
12/08/2017;16:00:00;708.397188392199
12/08/2017;17:00:00;701.201846957518
12/08/2017;18:00:00;705.666536617558
12/08/2017;19:00:00;704.880189137142
12/08/2017;20:00:00;703.7510414631
12/08/2017;21:00:00;697.992406575234
12/08/2017;22:00:00;709.648216334108
12/08/2017;23:00:00;709.755862095182
12/09/2017;00:00:00;702.445791627809
12/09/2017;01:00:00;705.662920506427
12/09/2017;02:00:00;710.973836556355
12/09/2017;03:00:00;710.831671996255
12/09/2017;04:00:00;709.114179621049
12/09/2017;05:00:00;697.125139443251
12/09/2017;06:00:00;714.919276828757
12/09/2017;07:00:00;710.044881802928
12/09/2017;08:00:00;714.527700484535
12/09/2017;09:00:00;719.673557727838
12/09/2017;10:00:00;723.21177508567
12/09/2017;11:00:00;726.442485887531
12/09/2017;12:00:00;727.0133382545
12/09/2017;13:00:00;723.87284678425
12/09/2017;14:00:00;731.958989458533
12/09/2017;15:00:00;735.096295579969
12/09/2017;16:00:00;724.748680143601
12/09/2017;17:00:00;720.283561464298
12/09/2017;18:00:00;723.08432491914
12/09/2017;19:00:00;731.03315813125
12/09/2017;20:00:00;747.88141415532
12/09/2017;21:00:00;759.589262258151
12/09/2017;22:00:00;766.817265528465
12/09/2017;23:00:00;766.724381921804
12/10/2017;00:00:00;702.485983053605
12/10/2017;01:00:00;696.909326473805
12/10/2017;02:00:00;696.899618673587
12/10/2017;03:00:00;690.275509610469
12/10/2017;04:00:00;699.123309717762
12/10/2017;05:00:00;694.435765331959
12/10/2017;06:00:00;691.345916107116
12/10/2017;07:00:00;703.134665865707
12/10/2017;08:00:00;699.878160616342
12/10/2017;09:00:00;699.329422997912
12/10/2017;10:00:00;695.861258779505
12/10/2017;11:00:00;694.8600275346
12/10/2017;12:00:00;702.670516330566
12/10/2017;13:00:00;705.497514429361
12/10/2017;14:00:00;702.220163372521
12/10/2017;15:00:00;684.578156249687
12/10/2017;16:00:00;702.83773497418
12/10/2017;17:00:00;700.216544600102
12/10/2017;18:00:00;687.017971850531
12/10/2017;19:00:00;707.878567185375
12/10/2017;20:00:00;738.202509693733
12/10/2017;21:00:00;708.478833695771
12/10/2017;22:00:00;686.600205132594
12/10/2017;23:00:00;694.688147359042
12/11/2017;00:00:00;709.099215637087
12/11/2017;01:00:00;711.617497206416
12/11/2017;02:00:00;716.49795088963
12/11/2017;03:00:00;733.78785575704
12/11/2017;04:00:00;746.285447085113
12/11/2017;05:00:00;764.201010614522
12/11/2017;06:00:00;776.66332236868
12/11/2017;07:00:00;784.476395050178
12/11/2017;08:00:00;807.685016150132
12/11/2017;09:00:00;820.003261893849
12/11/2017;10:00:00;840.936264912976
12/11/2017;11:00:00;835.982462583192
12/11/2017;12:00:00;881.876013196646
12/11/2017;13:00:00;849.295699659579
12/11/2017;14:00:00;788.445878383688
12/11/2017;15:00:00;773.586028080539
12/11/2017;16:00:00;749.703791300167
12/11/2017;17:00:00;736.614226268121
12/11/2017;18:00:00;730.851778271485
12/11/2017;19:00:00;731.637272875184
12/11/2017;20:00:00;740.517876628279
12/11/2017;21:00:00;680.086901836735
12/11/2017;22:00:00;698.406943619426
12/11/2017;23:00:00;695.131659188646
12/12/2017;00:00:00;693.573569894902
12/12/2017;01:00:00;697.035862991571
12/12/2017;02:00:00;696.799553249831
12/12/2017;03:00:00;693.630482200884
12/12/2017;04:00:00;698.037941646305
12/12/2017;05:00:00;697.513959107984
12/12/2017;06:00:00;692.752683634716
12/12/2017;07:00:00;702.52017899022
12/12/2017;08:00:00;700.036116850999
12/12/2017;09:00:00;696.671925425627
12/12/2017;10:00:00;694.205823141609
12/12/2017;11:00:00;698.634560360722
12/12/2017;12:00:00;693.494241551792
12/12/2017;13:00:00;698.672495847834
12/12/2017;14:00:00;699.260072617832
12/12/2017;15:00:00;697.910017980727
12/12/2017;16:00:00;692.331764607107
12/12/2017;17:00:00;697.488659838336
12/12/2017;18:00:00;694.874403517151
12/12/2017;19:00:00;696.984327562076
12/12/2017;20:00:00;695.096203948522
12/12/2017;21:00:00;695.587205131337
12/12/2017;22:00:00;690.039412945693
12/12/2017;23:00:00;696.387051449155
12/13/2017;00:00:00;696.318861966086
12/13/2017;01:00:00;710.491070392844
12/13/2017;02:00:00;802.000271479269
12/13/2017;03:00:00;746.235663175467
12/13/2017;04:00:00;743.703373073901
12/13/2017;05:00:00;700.533099461873
12/13/2017;06:00:00;689.303634149204
12/13/2017;07:00:00;695.069703385369
12/13/2017;08:00:00;693.599812682906
12/13/2017;09:00:00;692.920650985829
12/13/2017;10:00:00;696.746827703133
12/13/2017;11:00:00;692.734524280732
12/13/2017;12:00:00;692.822591334599
12/13/2017;13:00:00;696.25066921342
12/13/2017;14:00:00;693.361582304577
12/13/2017;15:00:00;695.628232933175
12/13/2017;16:00:00;695.624429737723
12/13/2017;17:00:00;692.808623936018
12/13/2017;18:00:00;693.61314343685
12/13/2017;19:00:00;696.24675247158
12/13/2017;20:00:00;698.632693284218
12/13/2017;21:00:00;696.588187574815
12/13/2017;22:00:00;693.844559939869
12/13/2017;23:00:00;688.891209100198
12/14/2017;00:00:00;696.1230881518
12/14/2017;01:00:00;692.516194903886
12/14/2017;02:00:00;699.507245891428
12/14/2017;03:00:00;694.26644098575
12/14/2017;04:00:00;694.501858480797
12/14/2017;05:00:00;696.08528751823
12/14/2017;06:00:00;688.04828694324
12/14/2017;07:00:00;820.151130516853
12/14/2017;08:00:00;689.18633480471
12/14/2017;09:00:00;718.535019337559
12/14/2017;10:00:00;656.4862951302
12/14/2017;11:00:00;677.169170057007
12/14/2017;12:00:00;698.351974775177
12/14/2017;13:00:00;696.43774973028
12/14/2017;14:00:00;691.200745664043
12/14/2017;15:00:00;696.114792973919
12/14/2017;16:00:00;695.678851308077
12/14/2017;17:00:00;695.293653382404
12/14/2017;18:00:00;691.53640447008
12/14/2017;19:00:00;691.242766515065
12/14/2017;20:00:00;695.583470921092
12/14/2017;21:00:00;692.69476698149
12/14/2017;22:00:00;693.93948490004
12/14/2017;23:00:00;693.104958846643
12/15/2017;00:00:00;697.111040504494
12/15/2017;01:00:00;689.880428786969
12/15/2017;02:00:00;697.160842034171
12/15/2017;03:00:00;692.34355351571
12/15/2017;04:00:00;692.478956865383
12/15/2017;05:00:00;692.880042075943
12/15/2017;06:00:00;693.499947029377
12/15/2017;07:00:00;692.877170287335
12/15/2017;08:00:00;695.470128670169
12/15/2017;09:00:00;689.311855258536
12/15/2017;10:00:00;694.197724017231
12/15/2017;11:00:00;693.147662012336
12/15/2017;12:00:00;695.79343006575
12/15/2017;13:00:00;695.802725850754
12/15/2017;14:00:00;692.072563102584
12/15/2017;15:00:00;691.570229758556
12/15/2017;16:00:00;693.233409092119
12/15/2017;17:00:00;697.051120090863
12/15/2017;18:00:00;695.28582056725
12/15/2017;19:00:00;689.564943738023
12/15/2017;20:00:00;695.136869364571
12/15/2017;21:00:00;688.424833303143
12/15/2017;22:00:00;693.367840847896
12/15/2017;23:00:00;696.540758099346
12/16/2017;00:00:00;691.979980425187
12/16/2017;01:00:00;692.6958261016
12/16/2017;02:00:00;695.875125326864
12/16/2017;03:00:00;691.408237797813
12/16/2017;04:00:00;692.275392651045
12/16/2017;05:00:00;696.179639412181
12/16/2017;06:00:00;691.022775704965
12/16/2017;07:00:00;702.02274257702
12/16/2017;08:00:00;692.959538925847
12/16/2017;09:00:00;688.965737481975
12/16/2017;10:00:00;690.110910969822
12/16/2017;11:00:00;691.27147261734
12/16/2017;12:00:00;694.243657108829
12/16/2017;13:00:00;696.818500596481
12/16/2017;14:00:00;692.558862178313
12/16/2017;15:00:00;693.654052845116
12/16/2017;16:00:00;689.194075259497
12/16/2017;17:00:00;694.321327833507
12/16/2017;18:00:00;694.584278167244
12/16/2017;19:00:00;688.375490473405
12/16/2017;20:00:00;696.565501477298
12/16/2017;21:00:00;690.31557704154
12/16/2017;22:00:00;694.636951817482
12/16/2017;23:00:00;694.565104669048
12/17/2017;00:00:00;688.037242567302
12/17/2017;01:00:00;694.649033987475
12/17/2017;02:00:00;696.028514707502
12/17/2017;03:00:00;691.486510039051
12/17/2017;04:00:00;693.015358546892
12/17/2017;05:00:00;695.540848635832
12/17/2017;06:00:00;694.696658352437
12/17/2017;07:00:00;693.371914150576
12/17/2017;08:00:00;694.315251274322
12/17/2017;09:00:00;693.922352855555
12/17/2017;10:00:00;691.979575508805
12/17/2017;11:00:00;689.735466003007
12/17/2017;12:00:00;694.14200441591
12/17/2017;13:00:00;690.337461329174
12/17/2017;14:00:00;696.75571659503
12/17/2017;15:00:00;692.276398109022
12/17/2017;16:00:00;691.657014154771
12/17/2017;17:00:00;695.189429658535
12/17/2017;18:00:00;693.383244060155
12/17/2017;19:00:00;693.245220981679
12/17/2017;20:00:00;691.842475270639
12/17/2017;21:00:00;695.060075003387
12/17/2017;22:00:00;688.597754829095
