DATE;TIME;TIS0066.PV
10/31/2017;00:00:00;336.571168636033
10/31/2017;01:00:00;336.683418920317
10/31/2017;02:00:00;336.617413147712
10/31/2017;03:00:00;336.656946747892
10/31/2017;04:00:00;336.650485462394
10/31/2017;05:00:00;336.646632521339
10/31/2017;06:00:00;336.814952612241
10/31/2017;07:00:00;336.653629542666
10/31/2017;08:00:00;336.671715240135
10/31/2017;09:00:00;336.38562969173
10/31/2017;10:00:00;336.297675972819
10/31/2017;11:00:00;336.232155806878
10/31/2017;12:00:00;336.399619895371
10/31/2017;13:00:00;336.298925273696
10/31/2017;14:00:00;336.175732998745
10/31/2017;15:00:00;336.220223712802
10/31/2017;16:00:00;336.217894973516
10/31/2017;17:00:00;336.070947811134
10/31/2017;18:00:00;336.340460424051
10/31/2017;19:00:00;336.177121619989
10/31/2017;20:00:00;336.268253801722
10/31/2017;21:00:00;336.339920141442
10/31/2017;22:00:00;336.255082194875
10/31/2017;23:00:00;336.171149813688
11/01/2017;00:00:00;336.305889135351
11/01/2017;01:00:00;336.398278684683
11/01/2017;02:00:00;336.32447134409
11/01/2017;03:00:00;336.360392898581
11/01/2017;04:00:00;336.288817149071
11/01/2017;05:00:00;336.151756640581
11/01/2017;06:00:00;335.936653409217
11/01/2017;07:00:00;336.207782673224
11/01/2017;08:00:00;336.066813284271
11/01/2017;09:00:00;336.328857923771
11/01/2017;10:00:00;335.96670935371
11/01/2017;11:00:00;336.171004169871
11/01/2017;12:00:00;336.147771825388
11/01/2017;13:00:00;335.939847019452
11/01/2017;14:00:00;336.126249263913
11/01/2017;15:00:00;336.265607626753
11/01/2017;16:00:00;336.349430880104
11/01/2017;17:00:00;335.951490816526
11/01/2017;18:00:00;336.199896031743
11/01/2017;19:00:00;335.9601031569
11/01/2017;20:00:00;336.182755625462
11/01/2017;21:00:00;335.776394210843
11/01/2017;22:00:00;335.88010884751
11/01/2017;23:00:00;335.638936650701
11/02/2017;00:00:00;335.581276286362
11/02/2017;01:00:00;335.565879076824
11/02/2017;02:00:00;335.326839052334
11/02/2017;03:00:00;335.77837070017
11/02/2017;04:00:00;336.364694846754
11/02/2017;05:00:00;336.057294696435
11/02/2017;06:00:00;336.219628436585
11/02/2017;07:00:00;335.553656987096
11/02/2017;08:00:00;335.651774605535
11/02/2017;09:00:00;335.814099952779
11/02/2017;10:00:00;335.7879956192
11/02/2017;11:00:00;335.452097955558
11/02/2017;12:00:00;335.753663755823
11/02/2017;13:00:00;335.758731035372
11/02/2017;14:00:00;335.78979699547
11/02/2017;15:00:00;335.804064971613
11/02/2017;16:00:00;335.659300718099
11/02/2017;17:00:00;335.895028557743
11/02/2017;18:00:00;335.742792755455
11/02/2017;19:00:00;335.768764422846
11/02/2017;20:00:00;335.885187648007
11/02/2017;21:00:00;335.837852301489
11/02/2017;22:00:00;335.846468789579
11/02/2017;23:00:00;336.013486996609
11/03/2017;00:00:00;335.888399632189
11/03/2017;01:00:00;335.79164905838
11/03/2017;02:00:00;335.794454889402
11/03/2017;03:00:00;335.907014124704
11/03/2017;04:00:00;336.037989237659
11/03/2017;05:00:00;336.016331514496
11/03/2017;06:00:00;335.874209548283
11/03/2017;07:00:00;336.053354870715
11/03/2017;08:00:00;336.141610204215
11/03/2017;09:00:00;335.960499859473
11/03/2017;10:00:00;336.141968321179
11/03/2017;11:00:00;336.190505957634
11/03/2017;12:00:00;336.231554772734
11/03/2017;13:00:00;336.004267828122
11/03/2017;14:00:00;336.047021374033
11/03/2017;15:00:00;336.092352056472
11/03/2017;16:00:00;336.019782698919
11/03/2017;17:00:00;336.078812927451
11/03/2017;18:00:00;336.383639360608
11/03/2017;19:00:00;336.397534099036
11/03/2017;20:00:00;336.309356401789
11/03/2017;21:00:00;336.294196381158
11/03/2017;22:00:00;336.657188311318
11/03/2017;23:00:00;336.385984363977
11/04/2017;00:00:00;336.204523115202
11/04/2017;01:00:00;336.28689827967
11/04/2017;02:00:00;336.618804653768
11/04/2017;03:00:00;336.289256206845
11/04/2017;04:00:00;336.465157756896
11/04/2017;05:00:00;335.927607525151
11/04/2017;06:00:00;335.872016382722
11/04/2017;07:00:00;335.847376243911
11/04/2017;08:00:00;335.806135801223
11/04/2017;09:00:00;335.748007641837
11/04/2017;10:00:00;335.604053896274
11/04/2017;11:00:00;335.733033692228
11/04/2017;12:00:00;335.694464570582
11/04/2017;13:00:00;335.753693885962
11/04/2017;14:00:00;335.662336113667
11/04/2017;15:00:00;335.468219662696
11/04/2017;16:00:00;335.771696012302
11/04/2017;17:00:00;335.63435295435
11/04/2017;18:00:00;335.698890805241
11/04/2017;19:00:00;335.462512859393
11/04/2017;20:00:00;335.728803141308
11/04/2017;21:00:00;335.739828929921
11/04/2017;22:00:00;335.65520372387
11/04/2017;23:00:00;335.968534053565
11/05/2017;00:00:00;335.74841615849
11/05/2017;01:00:00;335.652291546557
11/05/2017;02:00:00;335.803346735237
11/05/2017;03:00:00;335.618727717885
11/05/2017;04:00:00;335.702915051556
11/05/2017;05:00:00;335.550149931994
11/05/2017;06:00:00;336.05726603284
11/05/2017;07:00:00;335.633714783693
11/05/2017;08:00:00;335.671498137821
11/05/2017;09:00:00;335.649067757952
11/05/2017;10:00:00;335.53866464972
11/05/2017;11:00:00;335.434915873845
11/05/2017;12:00:00;335.436350171358
11/05/2017;13:00:00;335.171623779857
11/05/2017;14:00:00;335.188142682929
11/05/2017;15:00:00;335.195311451859
11/05/2017;16:00:00;335.375748429519
11/05/2017;17:00:00;335.702761830828
11/05/2017;18:00:00;335.633292328727
11/05/2017;19:00:00;335.733500086853
11/05/2017;20:00:00;335.963162334952
11/05/2017;21:00:00;335.866392419788
11/05/2017;22:00:00;335.937531700435
11/05/2017;23:00:00;335.853146671883
11/06/2017;00:00:00;335.981191355061
11/06/2017;01:00:00;335.889086538049
11/06/2017;02:00:00;335.466020433365
11/06/2017;03:00:00;335.959689492626
11/06/2017;04:00:00;336.103377250702
11/06/2017;05:00:00;335.96569024603
11/06/2017;06:00:00;335.922666544206
11/06/2017;07:00:00;335.889879378493
11/06/2017;08:00:00;336.138720629153
11/06/2017;09:00:00;336.257266500515
11/06/2017;10:00:00;336.278115341832
11/06/2017;11:00:00;336.148719045412
11/06/2017;12:00:00;336.171276762436
11/06/2017;13:00:00;336.411375899815
11/06/2017;14:00:00;336.185147855246
11/06/2017;15:00:00;335.789206260035
11/06/2017;16:00:00;335.544946614896
11/06/2017;17:00:00;335.82292729723
11/06/2017;18:00:00;335.792729210413
11/06/2017;19:00:00;335.707910576867
11/06/2017;20:00:00;335.693537266105
11/06/2017;21:00:00;335.665205437409
11/06/2017;22:00:00;335.78589356235
11/06/2017;23:00:00;335.812481583717
11/07/2017;00:00:00;335.873717955088
11/07/2017;01:00:00;335.975362273095
11/07/2017;02:00:00;335.869149532053
11/07/2017;03:00:00;335.861568923421
11/07/2017;04:00:00;335.939584061747
11/07/2017;05:00:00;335.867767715108
11/07/2017;06:00:00;335.932622054932
11/07/2017;07:00:00;335.918986139145
11/07/2017;08:00:00;335.927245858228
11/07/2017;09:00:00;335.749640697158
11/07/2017;10:00:00;335.36292276772
11/07/2017;11:00:00;335.639946333921
11/07/2017;12:00:00;336.220256670022
11/07/2017;13:00:00;336.260854152588
11/07/2017;14:00:00;335.785533204522
11/07/2017;15:00:00;335.784689740583
11/07/2017;16:00:00;335.840951807479
11/07/2017;17:00:00;335.768677791593
11/07/2017;18:00:00;335.558177158306
11/07/2017;19:00:00;335.787769842492
11/07/2017;20:00:00;335.786793515108
11/07/2017;21:00:00;335.645101760469
11/07/2017;22:00:00;335.646297380623
11/07/2017;23:00:00;335.749577678885
11/08/2017;00:00:00;336.080862854335
11/08/2017;01:00:00;335.972108744901
11/08/2017;02:00:00;335.989582411264
11/08/2017;03:00:00;335.988674902417
11/08/2017;04:00:00;336.046696437938
11/08/2017;05:00:00;336.032506956912
11/08/2017;06:00:00;336.099349672153
11/08/2017;07:00:00;336.3406398075
11/08/2017;08:00:00;335.723726854204
11/08/2017;09:00:00;335.923427019398
11/08/2017;10:00:00;335.91047374014
11/08/2017;11:00:00;335.980396298182
11/08/2017;12:00:00;335.916540851888
11/08/2017;13:00:00;335.913179460468
11/08/2017;14:00:00;336.041932478694
11/08/2017;15:00:00;336.00073166903
11/08/2017;16:00:00;336.048679124823
11/08/2017;17:00:00;335.886027462981
11/08/2017;18:00:00;335.95648111637
11/08/2017;19:00:00;335.692814700608
11/08/2017;20:00:00;336.309279963012
11/08/2017;21:00:00;335.972058445632
11/08/2017;22:00:00;335.804768632626
11/08/2017;23:00:00;335.944588583475
11/09/2017;00:00:00;335.827626292274
11/09/2017;01:00:00;335.782166016151
11/09/2017;02:00:00;335.902125408145
11/09/2017;03:00:00;335.785277250191
11/09/2017;04:00:00;335.89371288355
11/09/2017;05:00:00;335.853074681217
11/09/2017;06:00:00;335.8554281789
11/09/2017;07:00:00;335.940645116204
11/09/2017;08:00:00;335.5907646219
11/09/2017;09:00:00;335.714761764219
11/09/2017;10:00:00;335.525587706087
11/09/2017;11:00:00;335.604726301937
11/09/2017;12:00:00;336.37982039224
11/09/2017;13:00:00;336.263333826996
11/09/2017;14:00:00;336.399813311334
11/09/2017;15:00:00;336.206254472118
11/09/2017;16:00:00;336.304552996926
11/09/2017;17:00:00;336.660574944598
11/09/2017;18:00:00;336.260788101366
11/09/2017;19:00:00;336.121929296518
11/09/2017;20:00:00;336.652196753442
11/09/2017;21:00:00;336.455997971338
11/09/2017;22:00:00;336.02754488675
11/09/2017;23:00:00;336.602962700814
11/10/2017;00:00:00;336.514729846582
11/10/2017;01:00:00;336.530988582361
11/10/2017;02:00:00;336.014517135698
11/10/2017;03:00:00;335.235439048896
11/10/2017;04:00:00;335.928147720879
11/10/2017;05:00:00;336.65164256096
11/10/2017;06:00:00;334.15072358263
11/10/2017;07:00:00;331.114059110225
11/10/2017;08:00:00;333.546014536566
11/10/2017;09:00:00;334.709711867552
11/10/2017;10:00:00;334.317446463118
11/10/2017;11:00:00;333.921660598846
11/10/2017;12:00:00;334.342459648742
11/10/2017;13:00:00;335.302421980429
11/10/2017;14:00:00;335.04495167994
11/10/2017;15:00:00;335.095100620084
11/10/2017;16:00:00;335.243912172563
11/10/2017;17:00:00;334.85430468397
11/10/2017;18:00:00;334.652756343671
11/10/2017;19:00:00;335.171491937299
11/10/2017;20:00:00;334.77699480243
11/10/2017;21:00:00;334.792156328206
11/10/2017;22:00:00;336.040096961152
11/10/2017;23:00:00;336.414275133081
11/11/2017;00:00:00;336.099115250305
11/11/2017;01:00:00;336.186684305326
11/11/2017;02:00:00;335.637276460496
11/11/2017;03:00:00;335.680152454729
11/11/2017;04:00:00;335.670357796624
11/11/2017;05:00:00;335.775482286111
11/11/2017;06:00:00;335.949872416192
11/11/2017;07:00:00;335.692077129645
11/11/2017;08:00:00;335.776362965426
11/11/2017;09:00:00;335.296214192167
11/11/2017;10:00:00;335.579522390951
11/11/2017;11:00:00;335.600767798148
11/11/2017;12:00:00;335.876107963044
11/11/2017;13:00:00;335.790646467219
11/11/2017;14:00:00;335.597466402369
11/11/2017;15:00:00;335.899529472437
11/11/2017;16:00:00;335.731917087467
11/11/2017;17:00:00;335.850047314884
11/11/2017;18:00:00;336.105211677083
11/11/2017;19:00:00;335.804715030125
11/11/2017;20:00:00;336.37921967313
11/11/2017;21:00:00;335.918730632949
11/11/2017;22:00:00;335.879848280364
11/11/2017;23:00:00;336.387112836953
11/12/2017;00:00:00;335.960839086865
11/12/2017;01:00:00;335.974442868856
11/12/2017;02:00:00;335.874604420725
11/12/2017;03:00:00;335.856159354193
11/12/2017;04:00:00;336.232105294316
11/12/2017;05:00:00;336.075993783004
11/12/2017;06:00:00;335.91755993116
11/12/2017;07:00:00;335.942615341817
11/12/2017;08:00:00;335.735468267192
11/12/2017;09:00:00;335.811904706243
11/12/2017;10:00:00;335.843616226773
11/12/2017;11:00:00;335.536928736055
11/12/2017;12:00:00;335.467895209567
11/12/2017;13:00:00;335.719051212749
11/12/2017;14:00:00;335.696498306819
11/12/2017;15:00:00;335.459423237389
11/12/2017;16:00:00;335.27065164866
11/12/2017;17:00:00;335.347165559248
11/12/2017;18:00:00;335.162463658796
11/12/2017;19:00:00;335.302911387696
11/12/2017;20:00:00;335.303598549167
11/12/2017;21:00:00;335.450926662592
11/12/2017;22:00:00;335.564125772094
11/12/2017;23:00:00;335.529384186389
11/13/2017;00:00:00;335.321161013895
11/13/2017;01:00:00;335.567556757868
11/13/2017;02:00:00;335.584142896653
11/13/2017;03:00:00;335.741905263083
11/13/2017;04:00:00;335.634570238956
11/13/2017;05:00:00;335.520336576628
11/13/2017;06:00:00;335.543972403521
11/13/2017;07:00:00;335.589990765259
11/13/2017;08:00:00;335.636764648372
11/13/2017;09:00:00;335.904777074998
11/13/2017;10:00:00;335.191891575356
11/13/2017;11:00:00;335.377684811865
11/13/2017;12:00:00;335.47773359571
11/13/2017;13:00:00;335.426338615541
11/13/2017;14:00:00;335.635234801366
11/13/2017;15:00:00;335.541500218412
11/13/2017;16:00:00;335.809684675606
11/13/2017;17:00:00;335.53750367615
11/13/2017;18:00:00;335.730827937342
11/13/2017;19:00:00;335.69960731833
11/13/2017;20:00:00;335.685788302065
11/13/2017;21:00:00;335.505670809467
11/13/2017;22:00:00;335.85070251816
11/13/2017;23:00:00;335.609395014388
11/14/2017;00:00:00;336.16474956974
11/14/2017;01:00:00;335.457095346844
11/14/2017;02:00:00;335.728848234196
11/14/2017;03:00:00;335.620256226671
11/14/2017;04:00:00;335.719083118858
11/14/2017;05:00:00;335.633111643366
11/14/2017;06:00:00;335.743711114213
11/14/2017;07:00:00;335.685159969679
11/14/2017;08:00:00;335.526726370443
11/14/2017;09:00:00;334.588726588932
11/14/2017;10:00:00;335.199344665101
11/14/2017;11:00:00;335.472621598982
11/14/2017;12:00:00;335.48277447025
11/14/2017;13:00:00;335.782905795402
11/14/2017;14:00:00;335.635821704425
11/14/2017;15:00:00;335.485316904165
11/14/2017;16:00:00;335.386731437782
11/14/2017;17:00:00;335.578474852904
11/14/2017;18:00:00;335.799357316219
11/14/2017;19:00:00;335.771040633458
11/14/2017;20:00:00;335.767974693408
11/14/2017;21:00:00;335.805220780051
11/14/2017;22:00:00;335.46141247467
11/14/2017;23:00:00;335.691795813475
11/15/2017;00:00:00;335.641662001033
11/15/2017;01:00:00;336.26551792355
11/15/2017;02:00:00;335.802812427959
11/15/2017;03:00:00;335.928992172582
11/15/2017;04:00:00;335.74756684969
11/15/2017;05:00:00;335.72599011594
11/15/2017;06:00:00;335.656061223368
11/15/2017;07:00:00;335.587587033749
11/15/2017;08:00:00;335.608631903448
11/15/2017;09:00:00;335.791989165866
11/15/2017;10:00:00;335.566552801341
11/15/2017;11:00:00;335.593142717542
11/15/2017;12:00:00;335.947015626947
11/15/2017;13:00:00;335.885878028695
11/15/2017;14:00:00;336.001931882035
11/15/2017;15:00:00;335.911601801326
11/15/2017;16:00:00;335.20866239098
11/15/2017;17:00:00;335.946693819467
11/15/2017;18:00:00;336.27830211972
11/15/2017;19:00:00;336.293173318993
11/15/2017;20:00:00;336.292560539509
11/15/2017;21:00:00;336.150611139878
11/15/2017;22:00:00;336.12896611736
11/15/2017;23:00:00;336.241167423535
11/16/2017;00:00:00;335.574625712905
11/16/2017;01:00:00;335.898965473182
11/16/2017;02:00:00;336.032124359386
11/16/2017;03:00:00;335.114254298691
11/16/2017;04:00:00;335.307511788119
11/16/2017;05:00:00;335.681419949755
11/16/2017;06:00:00;335.421107791719
11/16/2017;07:00:00;335.259885079074
11/16/2017;08:00:00;336.005159351609
11/16/2017;09:00:00;335.260261195154
11/16/2017;10:00:00;335.239947629447
11/16/2017;11:00:00;335.019427412685
11/16/2017;12:00:00;334.076837341097
11/16/2017;13:00:00;334.598265028099
11/16/2017;14:00:00;334.237586946929
11/16/2017;15:00:00;334.5222347317
11/16/2017;16:00:00;334.316531779515
11/16/2017;17:00:00;334.616557685339
11/16/2017;18:00:00;334.673453210706
11/16/2017;19:00:00;334.480635810435
11/16/2017;20:00:00;334.689648434435
11/16/2017;21:00:00;334.472944353888
11/16/2017;22:00:00;334.347619883729
11/16/2017;23:00:00;334.672890792137
11/17/2017;00:00:00;334.387226021074
11/17/2017;01:00:00;334.386862920532
11/17/2017;02:00:00;334.738338683031
11/17/2017;03:00:00;334.710487523878
11/17/2017;04:00:00;334.450451014503
11/17/2017;05:00:00;334.360154685003
11/17/2017;06:00:00;334.799584528843
11/17/2017;07:00:00;334.750073560534
11/17/2017;08:00:00;334.623987879244
11/17/2017;09:00:00;334.648734618009
11/17/2017;10:00:00;334.873004360339
11/17/2017;11:00:00;334.266571024042
11/17/2017;12:00:00;334.036600078322
11/17/2017;13:00:00;334.191459607046
11/17/2017;14:00:00;333.99341520617
11/17/2017;15:00:00;334.160410384364
11/17/2017;16:00:00;334.130084481229
11/17/2017;17:00:00;334.128611124803
11/17/2017;18:00:00;334.162454210714
11/17/2017;19:00:00;334.095987195359
11/17/2017;20:00:00;334.185271094401
11/17/2017;21:00:00;334.333413934401
11/17/2017;22:00:00;334.152895683078
11/17/2017;23:00:00;334.229685104205
11/18/2017;00:00:00;334.734391756388
11/18/2017;01:00:00;334.318333642347
11/18/2017;02:00:00;334.251945695808
11/18/2017;03:00:00;334.468254268716
11/18/2017;04:00:00;334.55462250962
11/18/2017;05:00:00;334.574979556224
11/18/2017;06:00:00;334.477432687565
11/18/2017;07:00:00;334.230062285505
11/18/2017;08:00:00;334.184986058297
11/18/2017;09:00:00;333.926314871515
11/18/2017;10:00:00;333.994152950737
11/18/2017;11:00:00;333.915917647589
11/18/2017;12:00:00;334.429100326835
11/18/2017;13:00:00;334.160710776518
11/18/2017;14:00:00;334.165721873656
11/18/2017;15:00:00;334.141574922682
11/18/2017;16:00:00;334.031544952062
11/18/2017;17:00:00;333.635159715771
11/18/2017;18:00:00;334.048172476067
11/18/2017;19:00:00;334.227526134607
11/18/2017;20:00:00;334.326390539169
11/18/2017;21:00:00;334.445355534951
11/18/2017;22:00:00;335.135532274763
11/18/2017;23:00:00;335.194711487386
11/19/2017;00:00:00;334.966710475953
11/19/2017;01:00:00;334.349655045698
11/19/2017;02:00:00;334.302251546246
11/19/2017;03:00:00;334.3565302229
11/19/2017;04:00:00;334.341546094589
11/19/2017;05:00:00;334.723757049777
11/19/2017;06:00:00;334.601586274349
11/19/2017;07:00:00;334.16093728276
11/19/2017;08:00:00;334.34934696962
11/19/2017;09:00:00;334.448397399921
11/19/2017;10:00:00;334.458730097237
11/19/2017;11:00:00;334.324760800571
11/19/2017;12:00:00;334.316755801823
11/19/2017;13:00:00;334.449642116856
11/19/2017;14:00:00;334.584232293064
11/19/2017;15:00:00;334.229121662439
11/19/2017;16:00:00;334.380070330516
11/19/2017;17:00:00;334.150061366818
11/19/2017;18:00:00;334.66082786165
11/19/2017;19:00:00;334.594503921048
11/19/2017;20:00:00;334.693019268207
11/19/2017;21:00:00;334.656168273544
11/19/2017;22:00:00;334.380410501731
11/19/2017;23:00:00;334.18598352392
11/20/2017;00:00:00;334.431806002371
11/20/2017;01:00:00;334.240928193737
11/20/2017;02:00:00;334.263677091556
11/20/2017;03:00:00;334.345448503143
11/20/2017;04:00:00;335.052249363587
11/20/2017;05:00:00;334.730413881271
11/20/2017;06:00:00;334.288169290011
11/20/2017;07:00:00;334.081205842045
11/20/2017;08:00:00;334.379786020019
11/20/2017;09:00:00;334.092273634225
11/20/2017;10:00:00;334.198023651107
11/20/2017;11:00:00;334.237943150868
11/20/2017;12:00:00;334.382641899416
11/20/2017;13:00:00;334.254962742782
11/20/2017;14:00:00;334.292700594512
11/20/2017;15:00:00;334.13853280899
11/20/2017;16:00:00;334.311150336351
11/20/2017;17:00:00;334.305089383927
11/20/2017;18:00:00;334.127609239406
11/20/2017;19:00:00;334.101491187563
11/20/2017;20:00:00;334.230351763187
11/20/2017;21:00:00;334.157132217987
11/20/2017;22:00:00;334.185700261531
11/20/2017;23:00:00;333.962679757679
11/21/2017;00:00:00;334.144781763927
11/21/2017;01:00:00;333.913865998239
11/21/2017;02:00:00;334.110746579072
11/21/2017;03:00:00;333.899911222978
11/21/2017;04:00:00;333.994893592306
11/21/2017;05:00:00;333.862637402816
11/21/2017;06:00:00;334.007321706291
11/21/2017;07:00:00;333.769455921666
11/21/2017;08:00:00;333.695622606779
11/21/2017;09:00:00;333.905156365735
11/21/2017;10:00:00;333.783484000501
11/21/2017;11:00:00;333.733888231843
11/21/2017;12:00:00;333.900171352221
11/21/2017;13:00:00;333.820095706946
11/21/2017;14:00:00;333.976974901177
11/21/2017;15:00:00;333.831736434747
11/21/2017;16:00:00;333.886293824217
11/21/2017;17:00:00;333.873739731507
11/21/2017;18:00:00;333.996810496925
11/21/2017;19:00:00;333.954147493062
11/21/2017;20:00:00;334.011706293474
11/21/2017;21:00:00;333.929233500136
11/21/2017;22:00:00;334.031322881296
11/21/2017;23:00:00;333.99799488123
11/22/2017;00:00:00;334.275420112118
11/22/2017;01:00:00;334.228200393915
11/22/2017;02:00:00;334.106005346851
11/22/2017;03:00:00;334.204995946437
11/22/2017;04:00:00;334.024040950059
11/22/2017;05:00:00;334.117995836709
11/22/2017;06:00:00;334.055507603293
11/22/2017;07:00:00;333.997826488346
11/22/2017;08:00:00;334.157393333598
11/22/2017;09:00:00;334.476270248659
11/22/2017;10:00:00;335.075432853715
11/22/2017;11:00:00;334.806551769348
11/22/2017;12:00:00;334.946654900713
11/22/2017;13:00:00;334.676648352312
11/22/2017;14:00:00;334.148482039404
11/22/2017;15:00:00;334.159880912569
11/22/2017;16:00:00;334.254673158435
11/22/2017;17:00:00;334.076981132734
11/22/2017;18:00:00;334.142008760423
11/22/2017;19:00:00;334.005433275135
11/22/2017;20:00:00;333.866806649107
11/22/2017;21:00:00;333.90346076357
11/22/2017;22:00:00;333.84069448968
11/22/2017;23:00:00;334.068171649715
11/23/2017;00:00:00;333.895978745948
11/23/2017;01:00:00;333.739622401511
11/23/2017;02:00:00;333.837974275481
11/23/2017;03:00:00;333.960050704177
11/23/2017;04:00:00;333.696492996651
11/23/2017;05:00:00;333.832012567553
11/23/2017;06:00:00;333.745145534342
11/23/2017;07:00:00;333.971171877252
11/23/2017;08:00:00;333.699138498555
11/23/2017;09:00:00;333.34840287843
11/23/2017;10:00:00;333.81070321256
11/23/2017;11:00:00;333.204354883608
11/23/2017;12:00:00;333.031077331961
11/23/2017;13:00:00;333.359019301984
11/23/2017;14:00:00;333.340472250948
11/23/2017;15:00:00;333.22239348279
11/23/2017;16:00:00;333.611783459568
11/23/2017;17:00:00;333.245654428032
11/23/2017;18:00:00;333.430865153276
11/23/2017;19:00:00;333.274047437528
11/23/2017;20:00:00;333.352199393128
11/23/2017;21:00:00;333.200428373949
11/23/2017;22:00:00;333.048111145224
11/23/2017;23:00:00;333.638998642903
11/24/2017;00:00:00;333.279756642373
11/24/2017;01:00:00;333.558709151195
11/24/2017;02:00:00;333.244330601826
11/24/2017;03:00:00;333.728556703157
11/24/2017;04:00:00;333.387858107261
11/24/2017;05:00:00;333.380408016095
11/24/2017;06:00:00;333.305200199245
11/24/2017;07:00:00;333.354852411504
11/24/2017;08:00:00;333.374831794237
11/24/2017;09:00:00;333.198024980676
11/24/2017;10:00:00;333.127298675337
11/24/2017;11:00:00;333.133703834118
11/24/2017;12:00:00;333.248190904095
11/24/2017;13:00:00;333.239799459053
11/24/2017;14:00:00;333.432856131068
11/24/2017;15:00:00;333.05401738681
11/24/2017;16:00:00;333.130006484548
11/24/2017;17:00:00;333.263556672665
11/24/2017;18:00:00;333.117797785027
11/24/2017;19:00:00;333.054615176793
11/24/2017;20:00:00;333.293551386098
11/24/2017;21:00:00;333.209232601426
11/24/2017;22:00:00;333.478657289507
11/24/2017;23:00:00;333.758539914685
11/25/2017;00:00:00;333.430081213555
11/25/2017;01:00:00;333.522752963505
11/25/2017;02:00:00;333.427409236503
11/25/2017;03:00:00;333.513271906037
11/25/2017;04:00:00;333.479925926354
11/25/2017;05:00:00;333.794396781964
11/25/2017;06:00:00;333.67485427677
11/25/2017;07:00:00;333.443126585323
11/25/2017;08:00:00;333.402737267992
11/25/2017;09:00:00;333.461691577633
11/25/2017;10:00:00;333.42943088831
11/25/2017;11:00:00;333.30693279788
11/25/2017;12:00:00;333.545266528893
11/25/2017;13:00:00;333.580762400155
11/25/2017;14:00:00;333.465872439467
11/25/2017;15:00:00;333.377820990316
11/25/2017;16:00:00;333.196526289775
11/25/2017;17:00:00;332.977359014678
11/25/2017;18:00:00;333.338073564495
11/25/2017;19:00:00;333.886972547019
11/25/2017;20:00:00;334.782523935471
11/25/2017;21:00:00;334.060470372568
11/25/2017;22:00:00;333.798455044825
11/25/2017;23:00:00;334.174111072248
11/26/2017;00:00:00;333.94750269614
11/26/2017;01:00:00;334.010562826812
11/26/2017;02:00:00;334.015680760817
11/26/2017;03:00:00;334.084827298738
11/26/2017;04:00:00;334.527208975625
11/26/2017;05:00:00;334.338675328913
11/26/2017;06:00:00;334.169052570047
11/26/2017;07:00:00;334.053976303828
11/26/2017;08:00:00;334.169498851043
11/26/2017;09:00:00;334.126526678992
11/26/2017;10:00:00;334.091200758887
11/26/2017;11:00:00;334.206996739215
11/26/2017;12:00:00;334.12800330858
11/26/2017;13:00:00;334.096636429929
11/26/2017;14:00:00;334.248490769493
11/26/2017;15:00:00;334.150211330108
11/26/2017;16:00:00;334.501690007793
11/26/2017;17:00:00;334.091536224836
11/26/2017;18:00:00;334.67300500677
11/26/2017;19:00:00;335.561320343228
11/26/2017;20:00:00;335.564047118234
11/26/2017;21:00:00;335.407179669786
11/26/2017;22:00:00;335.446709934481
11/26/2017;23:00:00;335.461460853607
11/27/2017;00:00:00;335.574954773498
11/27/2017;01:00:00;335.419239501805
11/27/2017;02:00:00;335.634197143054
11/27/2017;03:00:00;335.79503699572
11/27/2017;04:00:00;336.947218191219
11/27/2017;05:00:00;337.498272647568
11/27/2017;06:00:00;321.618886306785
11/27/2017;07:00:00;279.26713521223
11/27/2017;08:00:00;248.167707973278
11/27/2017;09:00:00;216.153698618862
11/27/2017;10:00:00;185.729414314847
11/27/2017;11:00:00;158.996171821402
11/27/2017;12:00:00;146.932151542854
11/27/2017;13:00:00;133.707706571974
11/27/2017;14:00:00;121.348201407495
11/27/2017;15:00:00;110.16574905948
11/27/2017;16:00:00;100.088141614743
11/27/2017;17:00:00;90.7535729407963
11/27/2017;18:00:00;82.3898355279969
11/27/2017;19:00:00;74.831193694108
11/27/2017;20:00:00;68.0104361725553
11/27/2017;21:00:00;61.870230431288
11/27/2017;22:00:00;56.1548356693397
11/27/2017;23:00:00;50.9117642109028
11/28/2017;00:00:00;46.0977550234639
11/28/2017;01:00:00;41.7118540208584
11/28/2017;02:00:00;37.7968735548705
11/28/2017;03:00:00;34.1908303293893
11/28/2017;04:00:00;30.9155409301074
11/28/2017;05:00:00;27.9478408648949
11/28/2017;06:00:00;25.2523263427089
11/28/2017;07:00:00;22.8918165283756
11/28/2017;08:00:00;20.7042634921139
11/28/2017;09:00:00;18.8146785851162
11/28/2017;10:00:00;17.040380725412
11/28/2017;11:00:00;15.4517030834016
11/28/2017;12:00:00;14.0696860456897
11/28/2017;13:00:00;12.8236833283855
11/28/2017;14:00:00;11.7340427742118
11/28/2017;15:00:00;10.6959368255952
11/28/2017;16:00:00;9.64858296707894
11/28/2017;17:00:00;8.7355584519719
11/28/2017;18:00:00;7.89118338520101
11/28/2017;19:00:00;7.20081072058413
11/28/2017;20:00:00;6.57594655420546
11/28/2017;21:00:00;6.0534620229354
11/28/2017;22:00:00;5.57602612095275
11/28/2017;23:00:00;5.10648108048247
11/29/2017;00:00:00;4.70260880812886
11/29/2017;01:00:00;4.37956887274121
11/29/2017;02:00:00;4.02946290408547
11/29/2017;03:00:00;3.68385064641326
11/29/2017;04:00:00;3.36910143719064
11/29/2017;05:00:00;3.07316772965408
11/29/2017;06:00:00;2.80280616657586
11/29/2017;07:00:00;2.53852236574889
11/29/2017;08:00:00;2.44503005233387
11/29/2017;09:00:00;2.20884722735462
11/29/2017;10:00:00;1.95515129310119
11/29/2017;11:00:00;1.6998592693919
11/29/2017;12:00:00;1.44325197262349
11/29/2017;13:00:00;1.07045474022487
11/29/2017;14:00:00;0.830906097779342
11/29/2017;15:00:00;0.495336177498266
11/29/2017;16:00:00;0.245677922292822
11/29/2017;17:00:00;0.0541903758475608
11/29/2017;18:00:00;0
11/29/2017;19:00:00;0
11/29/2017;20:00:00;0
11/29/2017;21:00:00;0
11/29/2017;22:00:00;0
11/29/2017;23:00:00;0
11/30/2017;00:00:00;0
11/30/2017;01:00:00;0
11/30/2017;02:00:00;0
11/30/2017;03:00:00;0
11/30/2017;04:00:00;0
11/30/2017;05:00:00;0
11/30/2017;06:00:00;0
11/30/2017;07:00:00;0
11/30/2017;08:00:00;0
11/30/2017;09:00:00;0.00113531668401474
11/30/2017;10:00:00;0.0071545022578707
11/30/2017;11:00:00;0.0137334607830332
11/30/2017;12:00:00;0.0203124193081958
11/30/2017;13:00:00;0.0268913778333583
11/30/2017;14:00:00;0.0334703363585209
11/30/2017;15:00:00;0.0400492948836834
11/30/2017;16:00:00;0.046628253408846
11/30/2017;17:00:00;9.83235981588423
11/30/2017;18:00:00;21.2004256180726
11/30/2017;19:00:00;74.8942801661666
11/30/2017;20:00:00;105.571982855188
11/30/2017;21:00:00;120.920001464625
11/30/2017;22:00:00;127.179758178337
11/30/2017;23:00:00;153.540627194425
12/01/2017;00:00:00;141.046344835447
12/01/2017;01:00:00;85.2183265732418
12/01/2017;02:00:00;84.0465013168367
12/01/2017;03:00:00;120.16289162508
12/01/2017;04:00:00;166.747094562989
12/01/2017;05:00:00;161.471569798522
12/01/2017;06:00:00;100.522316962634
12/01/2017;07:00:00;93.5449148497823
12/01/2017;08:00:00;89.0121615716381
12/01/2017;09:00:00;91.5420279060442
12/01/2017;10:00:00;126.662428374194
12/01/2017;11:00:00;140.424380854326
12/01/2017;12:00:00;141.152477605087
12/01/2017;13:00:00;172.794695034424
12/01/2017;14:00:00;209.679536991177
12/01/2017;15:00:00;275.089830266851
12/01/2017;16:00:00;313.005364579672
12/01/2017;17:00:00;308.855259785891
12/01/2017;18:00:00;317.953197359369
12/01/2017;19:00:00;336.534157064798
12/01/2017;20:00:00;340.507882488096
12/01/2017;21:00:00;341.016680647848
12/01/2017;22:00:00;337.160608708226
12/01/2017;23:00:00;331.215199310684
12/02/2017;00:00:00;340.136198383288
12/02/2017;01:00:00;341.036132939794
12/02/2017;02:00:00;341.793998308382
12/02/2017;03:00:00;342.404633348724
12/02/2017;04:00:00;342.256710152629
12/02/2017;05:00:00;341.715715120955
12/02/2017;06:00:00;341.453766251722
12/02/2017;07:00:00;340.807139671459
12/02/2017;08:00:00;340.799708529314
12/02/2017;09:00:00;340.766701644227
12/02/2017;10:00:00;340.502075706391
12/02/2017;11:00:00;340.652596400267
12/02/2017;12:00:00;340.382750577718
12/02/2017;13:00:00;340.47358810508
12/02/2017;14:00:00;340.285303726894
12/02/2017;15:00:00;340.384101500769
12/02/2017;16:00:00;340.453413152664
12/02/2017;17:00:00;340.397373553343
12/02/2017;18:00:00;340.461548537247
12/02/2017;19:00:00;340.38544341403
12/02/2017;20:00:00;340.450585904838
12/02/2017;21:00:00;340.094674411138
12/02/2017;22:00:00;340.417966084991
12/02/2017;23:00:00;340.113900671564
12/03/2017;00:00:00;340.099737598503
12/03/2017;01:00:00;340.327481424919
12/03/2017;02:00:00;340.32141658464
12/03/2017;03:00:00;340.106157045025
12/03/2017;04:00:00;340.317427591317
12/03/2017;05:00:00;340.002204944651
12/03/2017;06:00:00;340.084601422779
12/03/2017;07:00:00;338.823114481485
12/03/2017;08:00:00;338.210718885739
12/03/2017;09:00:00;337.771196687414
12/03/2017;10:00:00;338.502317432502
12/03/2017;11:00:00;338.357321976596
12/03/2017;12:00:00;338.381057508465
12/03/2017;13:00:00;338.542973352983
12/03/2017;14:00:00;338.539219339527
12/03/2017;15:00:00;338.63719279901
12/03/2017;16:00:00;338.554707718321
12/03/2017;17:00:00;338.491998249764
12/03/2017;18:00:00;338.606041207932
12/03/2017;19:00:00;338.491788910766
12/03/2017;20:00:00;338.345285169532
12/03/2017;21:00:00;338.094627688111
12/03/2017;22:00:00;338.505893872134
12/03/2017;23:00:00;338.30053716616
12/04/2017;00:00:00;338.275490460517
12/04/2017;01:00:00;338.50367609164
12/04/2017;02:00:00;338.469600255242
12/04/2017;03:00:00;338.717340158901
12/04/2017;04:00:00;338.89385016927
12/04/2017;05:00:00;338.643502775243
12/04/2017;06:00:00;338.49660617152
12/04/2017;07:00:00;338.507687508671
12/04/2017;08:00:00;338.695411261433
12/04/2017;09:00:00;338.827523761758
12/04/2017;10:00:00;338.468468495567
12/04/2017;11:00:00;338.231976088247
12/04/2017;12:00:00;338.155762271433
12/04/2017;13:00:00;337.992407303667
12/04/2017;14:00:00;338.353663685387
12/04/2017;15:00:00;337.882881366138
12/04/2017;16:00:00;338.216060875051
12/04/2017;17:00:00;338.101557616047
12/04/2017;18:00:00;337.798502187896
12/04/2017;19:00:00;337.930793995756
12/04/2017;20:00:00;337.755540008903
12/04/2017;21:00:00;337.842094147142
12/04/2017;22:00:00;337.979449959632
12/04/2017;23:00:00;338.129470300555
12/05/2017;00:00:00;338.115821793827
12/05/2017;01:00:00;338.053215638544
12/05/2017;02:00:00;337.914477123914
12/05/2017;03:00:00;338.006067599154
12/05/2017;04:00:00;338.187190219975
12/05/2017;05:00:00;337.90532808879
12/05/2017;06:00:00;337.929582092894
12/05/2017;07:00:00;338.065992568047
12/05/2017;08:00:00;337.970760010569
12/05/2017;09:00:00;337.80600535019
12/05/2017;10:00:00;338.095431411985
12/05/2017;11:00:00;337.828606524044
12/05/2017;12:00:00;337.804816599628
12/05/2017;13:00:00;337.678244051472
12/05/2017;14:00:00;337.900916628078
12/05/2017;15:00:00;338.080463236322
12/05/2017;16:00:00;338.321503184077
12/05/2017;17:00:00;337.475752447659
12/05/2017;18:00:00;337.774515229481
12/05/2017;19:00:00;337.759328063605
12/05/2017;20:00:00;337.544990885292
12/05/2017;21:00:00;337.467702463801
12/05/2017;22:00:00;337.122804232695
12/05/2017;23:00:00;337.031790701646
12/06/2017;00:00:00;337.229609934992
12/06/2017;01:00:00;337.120512911588
12/06/2017;02:00:00;337.856783201071
12/06/2017;03:00:00;337.579644336179
12/06/2017;04:00:00;337.582459646336
12/06/2017;05:00:00;337.421662818868
12/06/2017;06:00:00;337.339635839323
12/06/2017;07:00:00;336.992016246311
12/06/2017;08:00:00;336.923001376838
12/06/2017;09:00:00;336.305180330674
12/06/2017;10:00:00;336.374257325871
12/06/2017;11:00:00;336.933758767133
12/06/2017;12:00:00;336.927684021522
12/06/2017;13:00:00;336.654455410847
12/06/2017;14:00:00;336.646648274298
12/06/2017;15:00:00;337.03932898456
12/06/2017;16:00:00;337.087418311652
12/06/2017;17:00:00;337.171028692708
12/06/2017;18:00:00;337.343769955446
12/06/2017;19:00:00;337.210389082876
12/06/2017;20:00:00;336.649008707785
12/06/2017;21:00:00;336.754219502737
12/06/2017;22:00:00;335.911660033338
12/06/2017;23:00:00;336.103780340309
12/07/2017;00:00:00;336.260178825034
12/07/2017;01:00:00;336.398352086426
12/07/2017;02:00:00;336.42728920249
12/07/2017;03:00:00;336.410534450729
12/07/2017;04:00:00;336.241808452199
12/07/2017;05:00:00;336.316135158643
12/07/2017;06:00:00;336.237382712547
12/07/2017;07:00:00;336.638047559708
12/07/2017;08:00:00;336.245173926416
12/07/2017;09:00:00;336.329378980085
12/07/2017;10:00:00;336.767897441762
12/07/2017;11:00:00;336.291048979529
12/07/2017;12:00:00;336.449275529472
12/07/2017;13:00:00;335.991628062841
12/07/2017;14:00:00;336.576940849545
12/07/2017;15:00:00;336.559038106351
12/07/2017;16:00:00;336.285244605619
12/07/2017;17:00:00;336.151212883804
12/07/2017;18:00:00;336.255222936824
12/07/2017;19:00:00;336.215430660112
12/07/2017;20:00:00;336.436146023911
12/07/2017;21:00:00;336.654232556014
12/07/2017;22:00:00;336.424673622052
12/07/2017;23:00:00;336.190251450881
12/08/2017;00:00:00;336.284462523552
12/08/2017;01:00:00;336.180296908541
12/08/2017;02:00:00;336.133463166416
12/08/2017;03:00:00;336.234230098059
12/08/2017;04:00:00;336.387887284837
12/08/2017;05:00:00;336.366596743915
12/08/2017;06:00:00;336.333359491628
12/08/2017;07:00:00;336.410216684622
12/08/2017;08:00:00;336.503236574066
12/08/2017;09:00:00;336.508772485246
12/08/2017;10:00:00;336.369784076817
12/08/2017;11:00:00;336.420748417925
12/08/2017;12:00:00;336.322981206905
12/08/2017;13:00:00;336.367868128878
12/08/2017;14:00:00;336.238150067744
12/08/2017;15:00:00;336.112711027672
12/08/2017;16:00:00;336.016307993839
12/08/2017;17:00:00;335.950402051146
12/08/2017;18:00:00;336.279664307286
12/08/2017;19:00:00;336.365992457865
12/08/2017;20:00:00;336.412013299461
12/08/2017;21:00:00;336.299187250481
12/08/2017;22:00:00;336.265062428528
12/08/2017;23:00:00;336.300092163467
12/09/2017;00:00:00;336.367321996943
12/09/2017;01:00:00;336.137181798621
12/09/2017;02:00:00;336.373332939223
12/09/2017;03:00:00;336.517775861391
12/09/2017;04:00:00;336.309897424921
12/09/2017;05:00:00;336.230513924804
12/09/2017;06:00:00;336.337199050938
12/09/2017;07:00:00;336.30559636008
12/09/2017;08:00:00;336.225449772801
12/09/2017;09:00:00;336.355434269083
12/09/2017;10:00:00;336.29440526165
12/09/2017;11:00:00;336.243690166166
12/09/2017;12:00:00;336.648098809088
12/09/2017;13:00:00;335.800751705538
12/09/2017;14:00:00;336.435272455839
12/09/2017;15:00:00;336.445376699122
12/09/2017;16:00:00;336.182677648104
12/09/2017;17:00:00;335.996670622308
12/09/2017;18:00:00;335.95320862549
12/09/2017;19:00:00;336.06913788154
12/09/2017;20:00:00;336.001133269146
12/09/2017;21:00:00;336.086950373477
12/09/2017;22:00:00;336.619479157689
12/09/2017;23:00:00;336.844816268377
12/10/2017;00:00:00;336.503509291695
12/10/2017;01:00:00;336.145654901199
12/10/2017;02:00:00;336.203631315413
12/10/2017;03:00:00;336.439884700574
12/10/2017;04:00:00;336.252596018915
12/10/2017;05:00:00;336.280606718786
12/10/2017;06:00:00;336.33805420069
12/10/2017;07:00:00;336.252126182136
12/10/2017;08:00:00;336.059844817216
12/10/2017;09:00:00;336.340549624899
12/10/2017;10:00:00;336.201151872879
12/10/2017;11:00:00;336.149085376027
12/10/2017;12:00:00;335.959768823446
12/10/2017;13:00:00;335.849124970369
12/10/2017;14:00:00;335.84844364811
12/10/2017;15:00:00;335.742806092088
12/10/2017;16:00:00;335.836388649895
12/10/2017;17:00:00;335.83156581266
12/10/2017;18:00:00;336.005863919795
12/10/2017;19:00:00;335.855420514932
12/10/2017;20:00:00;335.826656662679
12/10/2017;21:00:00;335.877442090458
12/10/2017;22:00:00;335.646992391253
12/10/2017;23:00:00;335.855446649131
12/11/2017;00:00:00;336.107083522132
12/11/2017;01:00:00;335.842057250832
12/11/2017;02:00:00;335.778029715357
12/11/2017;03:00:00;335.766023866352
12/11/2017;04:00:00;335.915576761573
12/11/2017;05:00:00;335.742098194843
12/11/2017;06:00:00;336.750095650244
12/11/2017;07:00:00;336.787843509591
12/11/2017;08:00:00;336.532029720954
12/11/2017;09:00:00;336.374004337279
12/11/2017;10:00:00;335.971958483933
12/11/2017;11:00:00;336.12719956456
12/11/2017;12:00:00;335.977636470592
12/11/2017;13:00:00;336.250637403694
12/11/2017;14:00:00;336.074991156742
12/11/2017;15:00:00;336.197503660719
12/11/2017;16:00:00;336.09447229997
12/11/2017;17:00:00;336.102283013504
12/11/2017;18:00:00;336.374797432159
12/11/2017;19:00:00;336.346190478684
12/11/2017;20:00:00;336.147386673637
12/11/2017;21:00:00;336.048480757949
12/11/2017;22:00:00;336.336451518804
12/11/2017;23:00:00;335.947054155157
12/12/2017;00:00:00;336.117483586867
12/12/2017;01:00:00;336.139209188532
12/12/2017;02:00:00;335.93745105049
12/12/2017;03:00:00;336.042634334654
12/12/2017;04:00:00;336.036668089867
12/12/2017;05:00:00;335.969305682847
12/12/2017;06:00:00;335.924619353175
12/12/2017;07:00:00;336.158429611326
12/12/2017;08:00:00;336.331647312199
12/12/2017;09:00:00;336.758556866735
12/12/2017;10:00:00;335.45673487039
12/12/2017;11:00:00;335.559822562274
12/12/2017;12:00:00;335.491325384204
12/12/2017;13:00:00;336.138996637549
12/12/2017;14:00:00;337.499482762249
12/12/2017;15:00:00;338.031144298347
12/12/2017;16:00:00;337.965734322619
12/12/2017;17:00:00;338.091717397048
12/12/2017;18:00:00;338.757947826449
12/12/2017;19:00:00;339.00855481042
12/12/2017;20:00:00;338.736239547046
12/12/2017;21:00:00;338.76351036466
12/12/2017;22:00:00;338.783677656986
12/12/2017;23:00:00;338.620315928988
12/13/2017;00:00:00;338.730211435717
12/13/2017;01:00:00;338.391053526945
12/13/2017;02:00:00;338.616834371525
12/13/2017;03:00:00;338.506663022538
12/13/2017;04:00:00;338.752408352013
12/13/2017;05:00:00;338.661219699897
12/13/2017;06:00:00;338.461825314739
12/13/2017;07:00:00;338.529713471085
12/13/2017;08:00:00;338.81816245297
12/13/2017;09:00:00;338.768136636964
12/13/2017;10:00:00;338.851625829989
12/13/2017;11:00:00;338.453921706493
12/13/2017;12:00:00;338.653371478392
12/13/2017;13:00:00;338.543138384671
12/13/2017;14:00:00;338.27236026898
12/13/2017;15:00:00;338.595533428472
12/13/2017;16:00:00;338.919615183671
12/13/2017;17:00:00;338.780917123897
12/13/2017;18:00:00;338.997474074943
12/13/2017;19:00:00;338.860090640542
12/13/2017;20:00:00;338.866483199572
12/13/2017;21:00:00;338.929464902949
12/13/2017;22:00:00;338.785133699298
12/13/2017;23:00:00;338.812091893348
12/14/2017;00:00:00;339.04435170938
12/14/2017;01:00:00;338.825651785096
12/14/2017;02:00:00;338.822334577058
12/14/2017;03:00:00;338.79445139378
12/14/2017;04:00:00;338.762468041046
12/14/2017;05:00:00;338.857399644464
12/14/2017;06:00:00;339.561246861567
12/14/2017;07:00:00;337.030577558535
12/14/2017;08:00:00;337.871917427099
12/14/2017;09:00:00;339.105324918527
12/14/2017;10:00:00;338.413787026824
12/14/2017;11:00:00;337.95823068081
12/14/2017;12:00:00;338.071682289716
12/14/2017;13:00:00;338.227671986438
12/14/2017;14:00:00;338.626312106505
12/14/2017;15:00:00;339.24878760044
12/14/2017;16:00:00;339.146770638068
12/14/2017;17:00:00;339.275292653864
12/14/2017;18:00:00;339.059298895004
12/14/2017;19:00:00;339.134075251951
12/14/2017;20:00:00;338.954144670362
12/14/2017;21:00:00;338.608646983561
12/14/2017;22:00:00;338.410874797073
12/14/2017;23:00:00;338.545411372544
12/15/2017;00:00:00;338.224121633975
12/15/2017;01:00:00;338.781467159836
12/15/2017;02:00:00;338.648365066637
12/15/2017;03:00:00;338.518774236273
12/15/2017;04:00:00;338.212669162578
12/15/2017;05:00:00;338.07846139841
12/15/2017;06:00:00;338.164949101618
12/15/2017;07:00:00;337.940692280756
12/15/2017;08:00:00;337.8635195863
12/15/2017;09:00:00;337.761274110521
12/15/2017;10:00:00;337.895253977693
12/15/2017;11:00:00;337.941664755579
12/15/2017;12:00:00;337.714894311153
12/15/2017;13:00:00;337.772851915159
12/15/2017;14:00:00;338.202864042411
12/15/2017;15:00:00;338.313532415621
12/15/2017;16:00:00;338.431915071
12/15/2017;17:00:00;338.168497140236
12/15/2017;18:00:00;338.039724567029
12/15/2017;19:00:00;337.722857985163
12/15/2017;20:00:00;337.720282748825
12/15/2017;21:00:00;337.747880877212
12/15/2017;22:00:00;337.773797385341
12/15/2017;23:00:00;337.841525513711
12/16/2017;00:00:00;337.726121868891
12/16/2017;01:00:00;337.763372397748
12/16/2017;02:00:00;337.780798356772
12/16/2017;03:00:00;337.687976709977
12/16/2017;04:00:00;337.775976799108
12/16/2017;05:00:00;337.722487267625
12/16/2017;06:00:00;337.945910038145
12/16/2017;07:00:00;337.763968542782
12/16/2017;08:00:00;337.923860402628
12/16/2017;09:00:00;337.837308484076
12/16/2017;10:00:00;337.463351386315
12/16/2017;11:00:00;337.386995760382
12/16/2017;12:00:00;337.4967502509
12/16/2017;13:00:00;337.467730524958
12/16/2017;14:00:00;337.543473938645
12/16/2017;15:00:00;337.451458518944
12/16/2017;16:00:00;337.21885076988
12/16/2017;17:00:00;337.225789858914
12/16/2017;18:00:00;337.464554270994
12/16/2017;19:00:00;337.576123488758
12/16/2017;20:00:00;337.37621650436
12/16/2017;21:00:00;337.682492033026
12/16/2017;22:00:00;337.783835636534
12/16/2017;23:00:00;337.492370894855
12/17/2017;00:00:00;337.570859300318
12/17/2017;01:00:00;337.438370610559
12/17/2017;02:00:00;337.476235947845
12/17/2017;03:00:00;337.434160803791
12/17/2017;04:00:00;337.628118867594
12/17/2017;05:00:00;337.367383853644
12/17/2017;06:00:00;337.367741327777
12/17/2017;07:00:00;337.205848141128
12/17/2017;08:00:00;337.593216729154
12/17/2017;09:00:00;337.221203312449
12/17/2017;10:00:00;337.561740129972
12/17/2017;11:00:00;337.310685331573
12/17/2017;12:00:00;337.485029285169
12/17/2017;13:00:00;337.413422250998
12/17/2017;14:00:00;337.363248498824
12/17/2017;15:00:00;337.150215847403
12/17/2017;16:00:00;336.684682561843
12/17/2017;17:00:00;337.248324040744
12/17/2017;18:00:00;337.367322809083
12/17/2017;19:00:00;336.949466150005
12/17/2017;20:00:00;336.829553467897
12/17/2017;21:00:00;336.894600439516
12/17/2017;22:00:00;337.260544200884
