DATE;TIME;FQ0560.PV
10/31/2017;00:00:00;0.903720021080204
10/31/2017;01:00:00;0.89465826253501
10/31/2017;02:00:00;0.897495124967178
10/31/2017;03:00:00;0.890214003270883
10/31/2017;04:00:00;0.889193442080681
10/31/2017;05:00:00;0.881884350495059
10/31/2017;06:00:00;0.87945667061207
10/31/2017;07:00:00;0.880924328478375
10/31/2017;08:00:00;0.875087913243758
10/31/2017;09:00:00;0.878086600686153
10/31/2017;10:00:00;0.884495394133545
10/31/2017;11:00:00;0.892717833735574
10/31/2017;12:00:00;0.877299581404392
10/31/2017;13:00:00;0.878720625832724
10/31/2017;14:00:00;0.87495374136913
10/31/2017;15:00:00;0.877401009820067
10/31/2017;16:00:00;0.883906595642972
10/31/2017;17:00:00;0.894767045750331
10/31/2017;18:00:00;0.881348761278084
10/31/2017;19:00:00;0.879158498594524
10/31/2017;20:00:00;0.885274147175995
10/31/2017;21:00:00;0.884363034101205
10/31/2017;22:00:00;0.88745329449346
10/31/2017;23:00:00;0.883006085347966
11/01/2017;00:00:00;0.885018302953466
11/01/2017;01:00:00;0.888513415516972
11/01/2017;02:00:00;0.887638494521695
11/01/2017;03:00:00;0.881569255949707
11/01/2017;04:00:00;0.886411283973263
11/01/2017;05:00:00;0.881607332831715
11/01/2017;06:00:00;0.891136159099159
11/01/2017;07:00:00;0.878794610966092
11/01/2017;08:00:00;0.876195043922826
11/01/2017;09:00:00;0.877374730880617
11/01/2017;10:00:00;0.884506886160265
11/01/2017;11:00:00;0.891945802581496
11/01/2017;12:00:00;0.869170854433852
11/01/2017;13:00:00;0.880094821550837
11/01/2017;14:00:00;0.875699142002
11/01/2017;15:00:00;0.875163234262729
11/01/2017;16:00:00;0.884841403899038
11/01/2017;17:00:00;0.897983890992912
11/01/2017;18:00:00;0.893011950452303
11/01/2017;19:00:00;0.893599729056262
11/01/2017;20:00:00;0.881728728569965
11/01/2017;21:00:00;0.887292175705863
11/01/2017;22:00:00;0.890930718932143
11/01/2017;23:00:00;0.891563768401429
11/02/2017;00:00:00;0.892745099188398
11/02/2017;01:00:00;0.88780621796827
11/02/2017;02:00:00;0.890609018801251
11/02/2017;03:00:00;0.889567908694575
11/02/2017;04:00:00;0.88641412535968
11/02/2017;05:00:00;0.888750612523441
11/02/2017;06:00:00;0.890552165221267
11/02/2017;07:00:00;0.895314507220587
11/02/2017;08:00:00;0.895319077848512
11/02/2017;09:00:00;0.882519014846023
11/02/2017;10:00:00;0.88839116834167
11/02/2017;11:00:00;0.895666604197072
11/02/2017;12:00:00;0.900579378439491
11/02/2017;13:00:00;0.892040010030897
11/02/2017;14:00:00;0.905765847763605
11/02/2017;15:00:00;0.901128887335341
11/02/2017;16:00:00;0.909307004281576
11/02/2017;17:00:00;0.909476704389165
11/02/2017;18:00:00;0.907615635886329
11/02/2017;19:00:00;0.900112987660906
11/02/2017;20:00:00;0.89843411194612
11/02/2017;21:00:00;0.89560855582311
11/02/2017;22:00:00;0.886227376402005
11/02/2017;23:00:00;0.883007223528523
11/03/2017;00:00:00;0.88956431620156
11/03/2017;01:00:00;0.889212942067509
11/03/2017;02:00:00;0.885631748904757
11/03/2017;03:00:00;0.887214108556252
11/03/2017;04:00:00;0.881176920568916
11/03/2017;05:00:00;0.879314386073488
11/03/2017;06:00:00;0.882135475261625
11/03/2017;07:00:00;0.877636841810069
11/03/2017;08:00:00;0.873563081386031
11/03/2017;09:00:00;0.876613382255372
11/03/2017;10:00:00;0.8929211241353
11/03/2017;11:00:00;0.895501438323778
11/03/2017;12:00:00;0.883434319349502
11/03/2017;13:00:00;0.900357484114543
11/03/2017;14:00:00;0.906686475852291
11/03/2017;15:00:00;0.908484378258102
11/03/2017;16:00:00;0.91183502177336
11/03/2017;17:00:00;0.911568967042232
11/03/2017;18:00:00;0.90828864976627
11/03/2017;19:00:00;0.903428801678393
11/03/2017;20:00:00;0.908619805407437
11/03/2017;21:00:00;0.916022739423478
11/03/2017;22:00:00;0.909562028527401
11/03/2017;23:00:00;0.90855225854507
11/04/2017;00:00:00;0.912223892659094
11/04/2017;01:00:00;0.905206336431365
11/04/2017;02:00:00;0.898850555519127
11/04/2017;03:00:00;0.888933641950698
11/04/2017;04:00:00;0.876544722403555
11/04/2017;05:00:00;0.887660267838743
11/04/2017;06:00:00;0.893157064317107
11/04/2017;07:00:00;0.895353184101897
11/04/2017;08:00:00;0.891556999086565
11/04/2017;09:00:00;0.890997495410869
11/04/2017;10:00:00;0.887142701150429
11/04/2017;11:00:00;0.900995610266881
11/04/2017;12:00:00;0.891168486982789
11/04/2017;13:00:00;0.882789330972291
11/04/2017;14:00:00;0.87831683638191
11/04/2017;15:00:00;0.886131045146739
11/04/2017;16:00:00;0.883818715179406
11/04/2017;17:00:00;0.8936774115385
11/04/2017;18:00:00;0.888463642166257
11/04/2017;19:00:00;0.894994580607895
11/04/2017;20:00:00;0.89572927978283
11/04/2017;21:00:00;0.89483623852029
11/04/2017;22:00:00;0.892580177948327
11/04/2017;23:00:00;0.878535097687276
11/05/2017;00:00:00;0.889584891486096
11/05/2017;01:00:00;0.888578889932421
11/05/2017;02:00:00;0.884917532621638
11/05/2017;03:00:00;0.897199355379155
11/05/2017;04:00:00;0.893619981807279
11/05/2017;05:00:00;0.901823158772665
11/05/2017;06:00:00;0.873200385056699
11/05/2017;07:00:00;0.895140363966898
11/05/2017;08:00:00;0.900708322456264
11/05/2017;09:00:00;0.90084355047977
11/05/2017;10:00:00;0.897403375565639
11/05/2017;11:00:00;0.900680548721472
11/05/2017;12:00:00;0.888791477147856
11/05/2017;13:00:00;0.892214226034804
11/05/2017;14:00:00;0.888604685179184
11/05/2017;15:00:00;0.89078415158806
11/05/2017;16:00:00;0.88980097093874
11/05/2017;17:00:00;0.878430414520334
11/05/2017;18:00:00;0.882401959858931
11/05/2017;19:00:00;0.885780111510753
11/05/2017;20:00:00;0.889291274438725
11/05/2017;21:00:00;0.880818957659489
11/05/2017;22:00:00;0.884127392861695
11/05/2017;23:00:00;0.892997596357829
11/06/2017;00:00:00;0.891141968272442
11/06/2017;01:00:00;0.88912695601848
11/06/2017;02:00:00;0.908587617162031
11/06/2017;03:00:00;0.905452353420556
11/06/2017;04:00:00;0.894819780034463
11/06/2017;05:00:00;0.893380946582396
11/06/2017;06:00:00;0.889639824712117
11/06/2017;07:00:00;0.877123222813197
11/06/2017;08:00:00;0.888897904161701
11/06/2017;09:00:00;0.877862088523865
11/06/2017;10:00:00;0.882331948603956
11/06/2017;11:00:00;0.875786366399947
11/06/2017;12:00:00;0.886201117025423
11/06/2017;13:00:00;0.872446027478128
11/06/2017;14:00:00;0.873221070876817
11/06/2017;15:00:00;0.878053864552988
11/06/2017;16:00:00;0.897873857550086
11/06/2017;17:00:00;0.899053017139721
11/06/2017;18:00:00;0.895440197234711
11/06/2017;19:00:00;0.894717984340149
11/06/2017;20:00:00;0.89719616958363
11/06/2017;21:00:00;0.899843200320882
11/06/2017;22:00:00;0.8984242757033
11/06/2017;23:00:00;0.90595326706092
11/07/2017;00:00:00;0.902252866292979
11/07/2017;01:00:00;0.905249313082152
11/07/2017;02:00:00;0.907896518581147
11/07/2017;03:00:00;0.904104977689114
11/07/2017;04:00:00;0.905317619850841
11/07/2017;05:00:00;0.902350550262071
11/07/2017;06:00:00;0.901382577251573
11/07/2017;07:00:00;0.907547418422283
11/07/2017;08:00:00;0.915273355081293
11/07/2017;09:00:00;0.917016152214827
11/07/2017;10:00:00;0.927173395037541
11/07/2017;11:00:00;0.925625506924679
11/07/2017;12:00:00;0.905063389519651
11/07/2017;13:00:00;0.912411549791257
11/07/2017;14:00:00;0.911493625374802
11/07/2017;15:00:00;0.909604375592672
11/07/2017;16:00:00;0.904570398112253
11/07/2017;17:00:00;0.898942581848932
11/07/2017;18:00:00;0.905092136141061
11/07/2017;19:00:00;0.898449281554876
11/07/2017;20:00:00;0.889693293714389
11/07/2017;21:00:00;0.888731557475582
11/07/2017;22:00:00;0.908093237611957
11/07/2017;23:00:00;0.904317951800832
11/08/2017;00:00:00;0.879292440685721
11/08/2017;01:00:00;0.867238153535717
11/08/2017;02:00:00;0.869428277246439
11/08/2017;03:00:00;0.869919344051371
11/08/2017;04:00:00;0.869907736277205
11/08/2017;05:00:00;0.877588872774628
11/08/2017;06:00:00;0.881270584722601
11/08/2017;07:00:00;0.857853916359257
11/08/2017;08:00:00;0.854240327949778
11/08/2017;09:00:00;0.855040506313048
11/08/2017;10:00:00;0.856913657891642
11/08/2017;11:00:00;0.86749999105189
11/08/2017;12:00:00;0.860077607658569
11/08/2017;13:00:00;0.86750678099633
11/08/2017;14:00:00;0.865255891900526
11/08/2017;15:00:00;0.858223464678752
11/08/2017;16:00:00;0.84544350679526
11/08/2017;17:00:00;0.849707625349289
11/08/2017;18:00:00;0.85406068785105
11/08/2017;19:00:00;0.862541960224171
11/08/2017;20:00:00;0.893912374882206
11/08/2017;21:00:00;0.881869916976053
11/08/2017;22:00:00;0.87930008200928
11/08/2017;23:00:00;0.877154661547872
11/09/2017;00:00:00;0.876107356394686
11/09/2017;01:00:00;0.871610457741148
11/09/2017;02:00:00;0.87684779442064
11/09/2017;03:00:00;0.879993804870787
11/09/2017;04:00:00;0.876011898617047
11/09/2017;05:00:00;0.870196173168013
11/09/2017;06:00:00;0.879935228594002
11/09/2017;07:00:00;0.869791808353372
11/09/2017;08:00:00;0.867490406842576
11/09/2017;09:00:00;0.870668220172628
11/09/2017;10:00:00;0.885579426389612
11/09/2017;11:00:00;0.892266584980535
11/09/2017;12:00:00;0.875969393370247
11/09/2017;13:00:00;0.87445854263923
11/09/2017;14:00:00;0.869185086132452
11/09/2017;15:00:00;0.867296667822368
11/09/2017;16:00:00;0.862603984697612
11/09/2017;17:00:00;0.890060601544419
11/09/2017;18:00:00;0.870529170822172
11/09/2017;19:00:00;0.890814915662135
11/09/2017;20:00:00;0.882092905379525
11/09/2017;21:00:00;0.89122768320335
11/09/2017;22:00:00;0.9059671445942
11/09/2017;23:00:00;0.894536522936665
11/10/2017;00:00:00;0.880934427241803
11/10/2017;01:00:00;0.873951435274384
11/10/2017;02:00:00;0.884683588506156
11/10/2017;03:00:00;0.906465915074535
11/10/2017;04:00:00;0.896954329999059
11/10/2017;05:00:00;0.876567947402631
11/10/2017;06:00:00;0.898648493357291
11/10/2017;07:00:00;0.993138423242778
11/10/2017;08:00:00;0.969398150428601
11/10/2017;09:00:00;0.944172998380696
11/10/2017;10:00:00;0.949177727256829
11/10/2017;11:00:00;0.958138946989468
11/10/2017;12:00:00;0.950528088649102
11/10/2017;13:00:00;0.93335962859971
11/10/2017;14:00:00;0.924979584797471
11/10/2017;15:00:00;0.930908018817169
11/10/2017;16:00:00;0.929065443416553
11/10/2017;17:00:00;0.916604203589651
11/10/2017;18:00:00;0.927546588176645
11/10/2017;19:00:00;0.892114861729944
11/10/2017;20:00:00;0.904109410688995
11/10/2017;21:00:00;0.901100001856751
11/10/2017;22:00:00;0.922893101782286
11/10/2017;23:00:00;0.890098528533223
11/11/2017;00:00:00;0.899973560564158
11/11/2017;01:00:00;0.895454893595984
11/11/2017;02:00:00;0.896624445920262
11/11/2017;03:00:00;0.901591764649672
11/11/2017;04:00:00;0.89581334766329
11/11/2017;05:00:00;0.895076221353573
11/11/2017;06:00:00;0.886843676302397
11/11/2017;07:00:00;0.889820866682268
11/11/2017;08:00:00;0.895241229259298
11/11/2017;09:00:00;0.913707526111008
11/11/2017;10:00:00;0.912360936361264
11/11/2017;11:00:00;0.904748474134195
11/11/2017;12:00:00;0.888876551613882
11/11/2017;13:00:00;0.877364903094253
11/11/2017;14:00:00;0.881800416904093
11/11/2017;15:00:00;0.896318962840846
11/11/2017;16:00:00;0.887278328036847
11/11/2017;17:00:00;0.906175619594284
11/11/2017;18:00:00;0.918499133637474
11/11/2017;19:00:00;0.884395219192132
11/11/2017;20:00:00;0.888479829728646
11/11/2017;21:00:00;0.883716025253834
11/11/2017;22:00:00;0.891049807895509
11/11/2017;23:00:00;0.899280788270934
11/12/2017;00:00:00;0.893175065674009
11/12/2017;01:00:00;0.893222255388202
11/12/2017;02:00:00;0.901494411625196
11/12/2017;03:00:00;0.908063954207397
11/12/2017;04:00:00;0.887905190746557
11/12/2017;05:00:00;0.88975809813939
11/12/2017;06:00:00;0.889499668638807
11/12/2017;07:00:00;0.894325882158153
11/12/2017;08:00:00;0.891903701128068
11/12/2017;09:00:00;0.89974839945973
11/12/2017;10:00:00;0.895481011380589
11/12/2017;11:00:00;0.912614278340101
11/12/2017;12:00:00;0.933692318685817
11/12/2017;13:00:00;0.914122023672676
11/12/2017;14:00:00;0.903010398206194
11/12/2017;15:00:00;0.894403253763787
11/12/2017;16:00:00;0.908514297846618
11/12/2017;17:00:00;0.909886261446163
11/12/2017;18:00:00;0.900201501510037
11/12/2017;19:00:00;0.905121111177488
11/12/2017;20:00:00;0.886061326188263
11/12/2017;21:00:00;0.890537111183817
11/12/2017;22:00:00;0.885437763131067
11/12/2017;23:00:00;0.892141823302653
11/13/2017;00:00:00;0.891210660434959
11/13/2017;01:00:00;0.893787259833495
11/13/2017;02:00:00;0.892751220165822
11/13/2017;03:00:00;0.897593590223182
11/13/2017;04:00:00;0.894568242516145
11/13/2017;05:00:00;0.900731762549126
11/13/2017;06:00:00;0.907883478075633
11/13/2017;07:00:00;0.901302563327461
11/13/2017;08:00:00;0.901941186245282
11/13/2017;09:00:00;0.886286060755949
11/13/2017;10:00:00;0.909339950891829
11/13/2017;11:00:00;0.919314720583216
11/13/2017;12:00:00;0.90973929888709
11/13/2017;13:00:00;0.906737988052605
11/13/2017;14:00:00;0.900085422422509
11/13/2017;15:00:00;0.904890037176932
11/13/2017;16:00:00;0.898254760532612
11/13/2017;17:00:00;0.898628114325599
11/13/2017;18:00:00;0.887080511072178
11/13/2017;19:00:00;0.886850498958779
11/13/2017;20:00:00;0.873706164028839
11/13/2017;21:00:00;0.89160909856526
11/13/2017;22:00:00;0.886684029414143
11/13/2017;23:00:00;0.891818507167285
11/14/2017;00:00:00;0.866823866069007
11/14/2017;01:00:00;0.881922461947897
11/14/2017;02:00:00;0.894460062378846
11/14/2017;03:00:00;0.903214766825763
11/14/2017;04:00:00;0.894318183560395
11/14/2017;05:00:00;0.905240505299641
11/14/2017;06:00:00;0.900633252078877
11/14/2017;07:00:00;0.904455373823008
11/14/2017;08:00:00;0.898235483389595
11/14/2017;09:00:00;0.918420612198983
11/14/2017;10:00:00;0.918995460086928
11/14/2017;11:00:00;0.90923309970316
11/14/2017;12:00:00;0.910150293553284
11/14/2017;13:00:00;0.905714455086327
11/14/2017;14:00:00;0.899913057151217
11/14/2017;15:00:00;0.918139867176917
11/14/2017;16:00:00;0.912705071983419
11/14/2017;17:00:00;0.915588322013219
11/14/2017;18:00:00;0.908553964482877
11/14/2017;19:00:00;0.900517855338661
11/14/2017;20:00:00;0.901820538460504
11/14/2017;21:00:00;0.915065164373271
11/14/2017;22:00:00;0.918599844254645
11/14/2017;23:00:00;0.918288961544611
11/15/2017;00:00:00;0.913520356319445
11/15/2017;01:00:00;0.896924175087881
11/15/2017;02:00:00;0.902704983859704
11/15/2017;03:00:00;0.904566949107747
11/15/2017;04:00:00;0.909010047432997
11/15/2017;05:00:00;0.910234188875594
11/15/2017;06:00:00;0.907798955274807
11/15/2017;07:00:00;0.913311545683528
11/15/2017;08:00:00;0.920457615152784
11/15/2017;09:00:00;0.905101182304562
11/15/2017;10:00:00;0.915861247194322
11/15/2017;11:00:00;0.912546530937266
11/15/2017;12:00:00;0.881589187017749
11/15/2017;13:00:00;0.88032654399528
11/15/2017;14:00:00;0.883758575204516
11/15/2017;15:00:00;0.930269978111773
11/15/2017;16:00:00;1.00073439316804
11/15/2017;17:00:00;0.955101712728789
11/15/2017;18:00:00;0.95309098352465
11/15/2017;19:00:00;0.938222883863331
11/15/2017;20:00:00;0.940798680588781
11/15/2017;21:00:00;0.936152830587163
11/15/2017;22:00:00;0.92973622529464
11/15/2017;23:00:00;0.932299723686906
11/16/2017;00:00:00;0.947268204132844
11/16/2017;01:00:00;0.944438229662455
11/16/2017;02:00:00;0.939616592062711
11/16/2017;03:00:00;0.970378132316421
11/16/2017;04:00:00;1.04551007670263
11/16/2017;05:00:00;0.989656480324213
11/16/2017;06:00:00;0.985713025302764
11/16/2017;07:00:00;0.993604173453316
11/16/2017;08:00:00;0.930512364831981
11/16/2017;09:00:00;0.923262077987061
11/16/2017;10:00:00;0.917994611852207
11/16/2017;11:00:00;0.883556601073943
11/16/2017;12:00:00;0.919971814314232
11/16/2017;13:00:00;0.901261218549816
11/16/2017;14:00:00;0.919944753130305
11/16/2017;15:00:00;0.904252316969602
11/16/2017;16:00:00;0.925777016668222
11/16/2017;17:00:00;0.912857070960843
11/16/2017;18:00:00;0.917415105004407
11/16/2017;19:00:00;0.922422262112649
11/16/2017;20:00:00;0.906240401603264
11/16/2017;21:00:00;0.913036694582027
11/16/2017;22:00:00;0.904332848659587
11/16/2017;23:00:00;0.898999227471949
11/17/2017;00:00:00;0.906615511160765
11/17/2017;01:00:00;0.912711688346732
11/17/2017;02:00:00;0.897093447447065
11/17/2017;03:00:00;0.887355785412564
11/17/2017;04:00:00;0.89745222003152
11/17/2017;05:00:00;0.912599619786697
11/17/2017;06:00:00;0.896528991435614
11/17/2017;07:00:00;0.890156534555384
11/17/2017;08:00:00;0.892232955409185
11/17/2017;09:00:00;0.886297935467403
11/17/2017;10:00:00;0.870154278986011
11/17/2017;11:00:00;0.879126497366339
11/17/2017;12:00:00;0.869520112858917
11/17/2017;13:00:00;0.88273775828101
11/17/2017;14:00:00;0.874164979340715
11/17/2017;15:00:00;0.87976999315474
11/17/2017;16:00:00;0.879605216924713
11/17/2017;17:00:00;0.879855569557924
11/17/2017;18:00:00;0.894921629008364
11/17/2017;19:00:00;0.887857662718768
11/17/2017;20:00:00;0.915160398830675
11/17/2017;21:00:00;0.9096482040339
11/17/2017;22:00:00;0.905901293419863
11/17/2017;23:00:00;0.91543824453275
11/18/2017;00:00:00;0.88856918755621
11/18/2017;01:00:00;0.879994148838322
11/18/2017;02:00:00;0.885553022378874
11/18/2017;03:00:00;0.894615722699454
11/18/2017;04:00:00;0.889324414610683
11/18/2017;05:00:00;0.89125973991625
11/18/2017;06:00:00;0.89616166314745
11/18/2017;07:00:00;0.911729274153298
11/18/2017;08:00:00;0.903522674134507
11/18/2017;09:00:00;0.93319897964962
11/18/2017;10:00:00;0.93169415584475
11/18/2017;11:00:00;0.948033766401174
11/18/2017;12:00:00;0.921298254517983
11/18/2017;13:00:00;0.931282031442458
11/18/2017;14:00:00;0.913319949927996
11/18/2017;15:00:00;0.926793489187245
11/18/2017;16:00:00;0.926746060588713
11/18/2017;17:00:00;0.951628582974343
11/18/2017;18:00:00;0.951679019658706
11/18/2017;19:00:00;0.93248845874966
11/18/2017;20:00:00;0.907178154645804
11/18/2017;21:00:00;0.912310172226371
11/18/2017;22:00:00;0.901957175006112
11/18/2017;23:00:00;0.908546839875058
11/19/2017;00:00:00;0.906143670913592
11/19/2017;01:00:00;0.908980994607898
11/19/2017;02:00:00;0.909328667671842
11/19/2017;03:00:00;0.913887487136595
11/19/2017;04:00:00;0.914175349042401
11/19/2017;05:00:00;0.902159932513297
11/19/2017;06:00:00;0.888660600145315
11/19/2017;07:00:00;0.905333335549752
11/19/2017;08:00:00;0.910041193759548
11/19/2017;09:00:00;0.905225304193426
11/19/2017;10:00:00;0.896478612277521
11/19/2017;11:00:00;0.893563057002422
11/19/2017;12:00:00;0.90639323439492
11/19/2017;13:00:00;0.892852734466139
11/19/2017;14:00:00;0.896167127314742
11/19/2017;15:00:00;0.906868192301301
11/19/2017;16:00:00;0.904563383724276
11/19/2017;17:00:00;0.903440810970761
11/19/2017;18:00:00;0.900676051517226
11/19/2017;19:00:00;0.897470022521372
11/19/2017;20:00:00;0.897223700246088
11/19/2017;21:00:00;0.888132681408671
11/19/2017;22:00:00;0.886934636228197
11/19/2017;23:00:00;0.896148136367494
11/20/2017;00:00:00;0.884019176321966
11/20/2017;01:00:00;0.888222698255699
11/20/2017;02:00:00;0.898324296172247
11/20/2017;03:00:00;0.898006763066103
11/20/2017;04:00:00;0.893063219139539
11/20/2017;05:00:00;0.891854512597821
11/20/2017;06:00:00;0.885749591677544
11/20/2017;07:00:00;0.911819755725786
11/20/2017;08:00:00;0.901147012859107
11/20/2017;09:00:00;0.915197028703495
11/20/2017;10:00:00;0.918744634904808
11/20/2017;11:00:00;0.926561541766166
11/20/2017;12:00:00;0.9121896054409
11/20/2017;13:00:00;0.91550302587781
11/20/2017;14:00:00;0.915425248850296
11/20/2017;15:00:00;0.909949176058234
11/20/2017;16:00:00;0.911114596103245
11/20/2017;17:00:00;0.904185817002038
11/20/2017;18:00:00;0.892381707852501
11/20/2017;19:00:00;0.900792700178798
11/20/2017;20:00:00;0.898054062612549
11/20/2017;21:00:00;0.89599362642337
11/20/2017;22:00:00;0.895844254041059
11/20/2017;23:00:00;0.904728532945415
11/21/2017;00:00:00;0.902514559085337
11/21/2017;01:00:00;0.92241626381241
11/21/2017;02:00:00;0.914781726979379
11/21/2017;03:00:00;0.920833803740503
11/21/2017;04:00:00;0.920504050009463
11/21/2017;05:00:00;0.921164940939388
11/21/2017;06:00:00;0.905269243395896
11/21/2017;07:00:00;0.913872636491042
11/21/2017;08:00:00;0.94961489251431
11/21/2017;09:00:00;0.944993430488922
11/21/2017;10:00:00;0.937013949749573
11/21/2017;11:00:00;0.921826104867633
11/21/2017;12:00:00;0.912605888493329
11/21/2017;13:00:00;0.912622883815406
11/21/2017;14:00:00;0.916656023498846
11/21/2017;15:00:00;0.918184514287398
11/21/2017;16:00:00;0.918594007793606
11/21/2017;17:00:00;0.92801624296273
11/21/2017;18:00:00;0.93577423700889
11/21/2017;19:00:00;0.930460313901056
11/21/2017;20:00:00;0.927171666287024
11/21/2017;21:00:00;0.914228538949377
11/21/2017;22:00:00;0.931061287151261
11/21/2017;23:00:00;0.927420713490296
11/22/2017;00:00:00;0.919799751735432
11/22/2017;01:00:00;0.914826513435874
11/22/2017;02:00:00;0.91925123167696
11/22/2017;03:00:00;0.907541214370019
11/22/2017;04:00:00;0.914440925273211
11/22/2017;05:00:00;0.922661764747685
11/22/2017;06:00:00;0.920608197141182
11/22/2017;07:00:00;0.92686338772925
11/22/2017;08:00:00;0.932856262466196
11/22/2017;09:00:00;0.92147502944828
11/22/2017;10:00:00;0.912389972012506
11/22/2017;11:00:00;0.92895084455761
11/22/2017;12:00:00;0.92575787582239
11/22/2017;13:00:00;0.909389488324173
11/22/2017;14:00:00;0.921625719944261
11/22/2017;15:00:00;0.932123758600597
11/22/2017;16:00:00;0.925680946386124
11/22/2017;17:00:00;0.928451551255788
11/22/2017;18:00:00;0.923488991723235
11/22/2017;19:00:00;0.919217027026016
11/22/2017;20:00:00;0.938166185185809
11/22/2017;21:00:00;0.938207058460298
11/22/2017;22:00:00;0.944831266257188
11/22/2017;23:00:00;0.941082536366503
11/23/2017;00:00:00;0.922231813373883
11/23/2017;01:00:00;0.927301571530091
11/23/2017;02:00:00;0.92951532776367
11/23/2017;03:00:00;0.923751332300669
11/23/2017;04:00:00;0.929973127912967
11/23/2017;05:00:00;0.932350702265516
11/23/2017;06:00:00;0.938265310513318
11/23/2017;07:00:00;0.932966279866923
11/23/2017;08:00:00;0.939850914788588
11/23/2017;09:00:00;0.982260091372924
11/23/2017;10:00:00;0.932925183276782
11/23/2017;11:00:00;0.998588708207109
11/23/2017;12:00:00;1.0085784927424
11/23/2017;13:00:00;0.968678908009807
11/23/2017;14:00:00;0.979517131327028
11/23/2017;15:00:00;0.979568664479888
11/23/2017;16:00:00;0.960860115269646
11/23/2017;17:00:00;0.947316945539762
11/23/2017;18:00:00;0.950295314421239
11/23/2017;19:00:00;0.946520136822606
11/23/2017;20:00:00;0.962770398528509
11/23/2017;21:00:00;0.973398591282997
11/23/2017;22:00:00;0.98304511318954
11/23/2017;23:00:00;0.969317721678713
11/24/2017;00:00:00;0.97244144794833
11/24/2017;01:00:00;0.962698754461468
11/24/2017;02:00:00;0.954119845831006
11/24/2017;03:00:00;0.945503405048074
11/24/2017;04:00:00;0.955070734183979
11/24/2017;05:00:00;0.956345692093536
11/24/2017;06:00:00;0.962174284911111
11/24/2017;07:00:00;0.963265259927055
11/24/2017;08:00:00;0.955496353587379
11/24/2017;09:00:00;0.950714872267558
11/24/2017;10:00:00;0.950541185652896
11/24/2017;11:00:00;0.956466842615857
11/24/2017;12:00:00;0.954800151665056
11/24/2017;13:00:00;0.957785119704624
11/24/2017;14:00:00;0.939952161619404
11/24/2017;15:00:00;0.94518342894645
11/24/2017;16:00:00;0.941787619462343
11/24/2017;17:00:00;0.948805947982991
11/24/2017;18:00:00;0.946080912374738
11/24/2017;19:00:00;0.957794676931466
11/24/2017;20:00:00;0.960601889959142
11/24/2017;21:00:00;0.964362490140928
11/24/2017;22:00:00;0.95724940811951
11/24/2017;23:00:00;0.936300850014278
11/25/2017;00:00:00;0.943953546287257
11/25/2017;01:00:00;0.947437186440518
11/25/2017;02:00:00;0.944175422271765
11/25/2017;03:00:00;0.950922743013882
11/25/2017;04:00:00;0.954843374717456
11/25/2017;05:00:00;0.964990615317128
11/25/2017;06:00:00;0.965646596638615
11/25/2017;07:00:00;0.967266933670269
11/25/2017;08:00:00;0.961572270176321
11/25/2017;09:00:00;0.964478504296276
11/25/2017;10:00:00;0.950560814870298
11/25/2017;11:00:00;0.944354963415428
11/25/2017;12:00:00;0.950254788602008
11/25/2017;13:00:00;0.956326763829022
11/25/2017;14:00:00;0.95451186529905
11/25/2017;15:00:00;0.951336562962094
11/25/2017;16:00:00;0.952920760596913
11/25/2017;17:00:00;0.958618942686254
11/25/2017;18:00:00;0.962704934038861
11/25/2017;19:00:00;0.948344487987586
11/25/2017;20:00:00;0.94071974819144
11/25/2017;21:00:00;0.952570432742732
11/25/2017;22:00:00;0.985392172053781
11/25/2017;23:00:00;0.951476175211709
11/26/2017;00:00:00;0.951171618446167
11/26/2017;01:00:00;0.934419843296693
11/26/2017;02:00:00;0.929731359335029
11/26/2017;03:00:00;0.93025338655328
11/26/2017;04:00:00;0.910020568410998
11/26/2017;05:00:00;0.885637167666931
11/26/2017;06:00:00;0.885688050817791
11/26/2017;07:00:00;0.894278215902192
11/26/2017;08:00:00;0.897317920382072
11/26/2017;09:00:00;0.893714635229436
11/26/2017;10:00:00;0.89238295327353
11/26/2017;11:00:00;0.892677285811901
11/26/2017;12:00:00;0.885533211956686
11/26/2017;13:00:00;0.888035027590891
11/26/2017;14:00:00;0.894772303051155
11/26/2017;15:00:00;0.90148366454757
11/26/2017;16:00:00;0.887325121738933
11/26/2017;17:00:00;0.890507007691617
11/26/2017;18:00:00;0.898835374108276
11/26/2017;19:00:00;0.906235718039506
11/26/2017;20:00:00;0.906283930447137
11/26/2017;21:00:00;0.918118625124663
11/26/2017;22:00:00;0.912146723924707
11/26/2017;23:00:00;0.918337618383664
11/27/2017;00:00:00;0.90942142956782
11/27/2017;01:00:00;0.924944006986035
11/27/2017;02:00:00;0.918582457316384
11/27/2017;03:00:00;0.913325029930713
11/27/2017;04:00:00;0.987621993068946
11/27/2017;05:00:00;0.978989060508017
11/27/2017;06:00:00;0.765721668144254
11/27/2017;07:00:00;0.622298868088937
11/27/2017;08:00:00;0.533925466972802
11/27/2017;09:00:00;0.479347380098787
11/27/2017;10:00:00;0.0792668353411468
11/27/2017;11:00:00;0.0101218220455081
11/27/2017;12:00:00;0.0101981953560341
11/27/2017;13:00:00;0.0101331391602035
11/27/2017;14:00:00;0.0100774546154291
11/27/2017;15:00:00;0.00998462125854477
11/27/2017;16:00:00;0.00999026113866917
11/27/2017;17:00:00;0.0102201833383745
11/27/2017;18:00:00;0.0103222066725854
11/27/2017;19:00:00;0.0101542599912697
11/27/2017;20:00:00;0.0101491268410009
11/27/2017;21:00:00;0.0101989551938128
11/27/2017;22:00:00;0.0102031183117062
11/27/2017;23:00:00;0.0101947887589726
11/28/2017;00:00:00;0.0101397909888157
11/28/2017;01:00:00;0.0103421225314241
11/28/2017;02:00:00;0.010546757110715
11/28/2017;03:00:00;0.0105564543847868
11/28/2017;04:00:00;0.0104489271310807
11/28/2017;05:00:00;0.0103647556315704
11/28/2017;06:00:00;0.0103267465688729
11/28/2017;07:00:00;0.0102899816893495
11/28/2017;08:00:00;0.0102540944034765
11/28/2017;09:00:00;0.0101916820781941
11/28/2017;10:00:00;0.0101370340684687
11/28/2017;11:00:00;0.010046685488508
11/28/2017;12:00:00;0.0100805380410321
11/28/2017;13:00:00;0.0100443530580409
11/28/2017;14:00:00;0.0101579375227456
11/28/2017;15:00:00;0.0101680371291298
11/28/2017;16:00:00;0.0102848047633038
11/28/2017;17:00:00;0.0100717339625332
11/28/2017;18:00:00;0.0101146460226813
11/28/2017;19:00:00;0.0100516670502278
11/28/2017;20:00:00;0.00999999977648258
11/28/2017;21:00:00;0.00999999977648258
11/28/2017;22:00:00;0.00998548093734743
11/28/2017;23:00:00;0.010188411350762
11/29/2017;00:00:00;0.0102028511091538
11/29/2017;01:00:00;0.010131586275532
11/29/2017;02:00:00;0.0101250000298023
11/29/2017;03:00:00;0.0101368583991955
11/29/2017;04:00:00;0.0102324103710117
11/29/2017;05:00:00;0.0102047541538152
11/29/2017;06:00:00;0.0101889950288917
11/29/2017;07:00:00;0.0102499993517995
11/29/2017;08:00:00;0.0102499993517995
11/29/2017;09:00:00;0.0102116471146642
11/29/2017;10:00:00;0.0101280233426283
11/29/2017;11:00:00;0.0102157814810784
11/29/2017;12:00:00;0.0102437374146499
11/29/2017;13:00:00;0.0102877144328427
11/29/2017;14:00:00;0.010318366296676
11/29/2017;15:00:00;0.0103606738887859
11/29/2017;16:00:00;0.01024473245041
11/29/2017;17:00:00;0.0100894337649177
11/29/2017;18:00:00;0.0102054799526249
11/29/2017;19:00:00;0.0100740658122794
11/29/2017;20:00:00;0.010086284584434
11/29/2017;21:00:00;0.0101975264583182
11/29/2017;22:00:00;0.0100016698885448
11/29/2017;23:00:00;0.00987865317018418
11/30/2017;00:00:00;0.00990977236583333
11/30/2017;01:00:00;0.00994653697201416
11/30/2017;02:00:00;0.00998309907217358
11/30/2017;03:00:00;0.00992907929538121
11/30/2017;04:00:00;0.0100192287247663
11/30/2017;05:00:00;0.00993678949838489
11/30/2017;06:00:00;0.0100754793667503
11/30/2017;07:00:00;0.00987499952316284
11/30/2017;08:00:00;0.0098907436175709
11/30/2017;09:00:00;0.0100447367037954
11/30/2017;10:00:00;0.0101881364988642
11/30/2017;11:00:00;0.0101503338138
11/30/2017;12:00:00;0.0101869779287372
11/30/2017;13:00:00;0.010212000546214
11/30/2017;14:00:00;0.0101346442364242
11/30/2017;15:00:00;0.0102590803737719
11/30/2017;16:00:00;0.0105192739014587
11/30/2017;17:00:00;0.0157685988496535
11/30/2017;18:00:00;0.0163711139780258
11/30/2017;19:00:00;0.0168531654927602
11/30/2017;20:00:00;0.0169134130381963
11/30/2017;21:00:00;0.0128388448536813
11/30/2017;22:00:00;0.0115429383645311
11/30/2017;23:00:00;0.0100583461416921
12/01/2017;00:00:00;0.00980802610112225
12/01/2017;01:00:00;0.00984358438305883
12/01/2017;02:00:00;0.00999041771289204
12/01/2017;03:00:00;0.0100768481472105
12/01/2017;04:00:00;0.0107022734313734
12/01/2017;05:00:00;0.0117701939598588
12/01/2017;06:00:00;0.0107897147078462
12/01/2017;07:00:00;0.0109543707616418
12/01/2017;08:00:00;0.0108093788759866
12/01/2017;09:00:00;0.0107500003650784
12/01/2017;10:00:00;0.0114106148320777
12/01/2017;11:00:00;0.0119301705011933
12/01/2017;12:00:00;0.0112539162903815
12/01/2017;13:00:00;0.0110459048648256
12/01/2017;14:00:00;0.0158567281688099
12/01/2017;15:00:00;0.292536142256508
12/01/2017;16:00:00;0.364111754125678
12/01/2017;17:00:00;0.485319639451989
12/01/2017;18:00:00;0.567732779458302
12/01/2017;19:00:00;0.637281765439253
12/01/2017;20:00:00;0.737585918219848
12/01/2017;21:00:00;0.768310139857624
12/01/2017;22:00:00;0.787327956095956
12/01/2017;23:00:00;0.89018161489274
12/02/2017;00:00:00;0.899852431775177
12/02/2017;01:00:00;0.851145359358441
12/02/2017;02:00:00;0.854106719959153
12/02/2017;03:00:00;0.858523969282359
12/02/2017;04:00:00;0.860713280458385
12/02/2017;05:00:00;0.869965150439717
12/02/2017;06:00:00;0.882402989390202
12/02/2017;07:00:00;0.895293001064019
12/02/2017;08:00:00;0.902732627437634
12/02/2017;09:00:00;0.926813641764592
12/02/2017;10:00:00;0.896043924007774
12/02/2017;11:00:00;0.923451709128508
12/02/2017;12:00:00;0.912486463770169
12/02/2017;13:00:00;0.908299475640497
12/02/2017;14:00:00;0.934989947436324
12/02/2017;15:00:00;0.925406582378643
12/02/2017;16:00:00;0.910518602094753
12/02/2017;17:00:00;0.903851850500772
12/02/2017;18:00:00;0.901713874405016
12/02/2017;19:00:00;0.89940529292776
12/02/2017;20:00:00;0.895055053073601
12/02/2017;21:00:00;0.898673405761471
12/02/2017;22:00:00;0.89973953768978
12/02/2017;23:00:00;0.900519836868968
12/03/2017;00:00:00;0.901272148016644
12/03/2017;01:00:00;0.891382104024254
12/03/2017;02:00:00;0.891238094532426
12/03/2017;03:00:00;0.896474400436959
12/03/2017;04:00:00;0.891092734409556
12/03/2017;05:00:00;0.903651761074046
12/03/2017;06:00:00;0.895573945152105
12/03/2017;07:00:00;0.878254634941327
12/03/2017;08:00:00;0.887345402104297
12/03/2017;09:00:00;0.899801731693726
12/03/2017;10:00:00;0.894268750625099
12/03/2017;11:00:00;0.893701726440458
12/03/2017;12:00:00;0.91214488750694
12/03/2017;13:00:00;0.885025751814846
12/03/2017;14:00:00;0.87317715539454
12/03/2017;15:00:00;0.867787831590227
12/03/2017;16:00:00;0.866345168158447
12/03/2017;17:00:00;0.877310477326244
12/03/2017;18:00:00;0.88209809278048
12/03/2017;19:00:00;0.887396306570927
12/03/2017;20:00:00;0.889364580889344
12/03/2017;21:00:00;0.888086331611529
12/03/2017;22:00:00;0.888317961241773
12/03/2017;23:00:00;0.87704721327994
12/04/2017;00:00:00;0.919611419050757
12/04/2017;01:00:00;0.885434950623481
12/04/2017;02:00:00;0.883762214070139
12/04/2017;03:00:00;0.882136095254168
12/04/2017;04:00:00;0.887087496614905
12/04/2017;05:00:00;0.884637170851509
12/04/2017;06:00:00;0.89747535127325
12/04/2017;07:00:00;0.889604745462927
12/04/2017;08:00:00;0.901378874175779
12/04/2017;09:00:00;0.894849665154898
12/04/2017;10:00:00;0.884876645624998
12/04/2017;11:00:00;0.883981377133537
12/04/2017;12:00:00;0.898331855171931
12/04/2017;13:00:00;0.909759665065498
12/04/2017;14:00:00;0.9111685831967
12/04/2017;15:00:00;0.917545781271095
12/04/2017;16:00:00;0.922603372440366
12/04/2017;17:00:00;0.911133931847866
12/04/2017;18:00:00;0.912018686314599
12/04/2017;19:00:00;0.922587111820298
12/04/2017;20:00:00;0.925633312812931
12/04/2017;21:00:00;0.933658592962434
12/04/2017;22:00:00;0.931301910010137
12/04/2017;23:00:00;0.926886049240482
12/05/2017;00:00:00;0.922661535035432
12/05/2017;01:00:00;0.905006861783851
12/05/2017;02:00:00;0.900414510890111
12/05/2017;03:00:00;0.90083195295839
12/05/2017;04:00:00;0.899237790564602
12/05/2017;05:00:00;0.90351898999833
12/05/2017;06:00:00;0.897858399365065
12/05/2017;07:00:00;0.893770639878039
12/05/2017;08:00:00;0.893116699333457
12/05/2017;09:00:00;0.909966193921984
12/05/2017;10:00:00;0.912430641473779
12/05/2017;11:00:00;0.929309886678976
12/05/2017;12:00:00;0.933803763697128
12/05/2017;13:00:00;0.950115079701907
12/05/2017;14:00:00;0.93557143869251
12/05/2017;15:00:00;0.928985173193491
12/05/2017;16:00:00;0.894920103844666
12/05/2017;17:00:00;0.876288768642389
12/05/2017;18:00:00;0.855852971132308
12/05/2017;19:00:00;0.826659852754747
12/05/2017;20:00:00;0.82481196049653
12/05/2017;21:00:00;0.825538273330692
12/05/2017;22:00:00;0.828948905703336
12/05/2017;23:00:00;0.822148070899284
12/06/2017;00:00:00;0.816649838082265
12/06/2017;01:00:00;0.870360507292923
12/06/2017;02:00:00;0.90930368814947
12/06/2017;03:00:00;0.905941164065074
12/06/2017;04:00:00;0.90171745638533
12/06/2017;05:00:00;0.884044744796671
12/06/2017;06:00:00;0.887853152866647
12/06/2017;07:00:00;0.886370967605991
12/06/2017;08:00:00;0.899575219692518
12/06/2017;09:00:00;0.922483592732975
12/06/2017;10:00:00;0.947724541932018
12/06/2017;11:00:00;0.938113252830779
12/06/2017;12:00:00;0.957709899721568
12/06/2017;13:00:00;0.966441048091046
12/06/2017;14:00:00;0.9693092168559
12/06/2017;15:00:00;0.891472690495289
12/06/2017;16:00:00;0.882080058464174
12/06/2017;17:00:00;0.866063537802104
12/06/2017;18:00:00;0.86713901022729
12/06/2017;19:00:00;0.853313269651173
12/06/2017;20:00:00;0.859696690572396
12/06/2017;21:00:00;0.856505828637582
12/06/2017;22:00:00;0.853248779262158
12/06/2017;23:00:00;0.870353474877821
12/07/2017;00:00:00;0.864463940654135
12/07/2017;01:00:00;0.856904147719097
12/07/2017;02:00:00;0.851946170834117
12/07/2017;03:00:00;0.851271912727348
12/07/2017;04:00:00;0.860312111397618
12/07/2017;05:00:00;0.86815561421639
12/07/2017;06:00:00;0.870312769117519
12/07/2017;07:00:00;0.860248178523716
12/07/2017;08:00:00;0.864376214578602
12/07/2017;09:00:00;0.87000056286074
12/07/2017;10:00:00;0.855946608519239
12/07/2017;11:00:00;0.823728178094867
12/07/2017;12:00:00;0.84748103119756
12/07/2017;13:00:00;0.852445747092934
12/07/2017;14:00:00;0.885811190433883
12/07/2017;15:00:00;0.85873616759724
12/07/2017;16:00:00;0.86869287383852
12/07/2017;17:00:00;0.883719338219183
12/07/2017;18:00:00;0.867840268960598
12/07/2017;19:00:00;0.856953278014137
12/07/2017;20:00:00;0.863269604996881
12/07/2017;21:00:00;0.854530560042765
12/07/2017;22:00:00;0.859083176256027
12/07/2017;23:00:00;0.860968736289731
12/08/2017;00:00:00;0.877089614441848
12/08/2017;01:00:00;0.870577568865622
12/08/2017;02:00:00;0.867949967780721
12/08/2017;03:00:00;0.867281087243584
12/08/2017;04:00:00;0.86732621303786
12/08/2017;05:00:00;0.870395838802065
12/08/2017;06:00:00;0.868598285494785
12/08/2017;07:00:00;0.871492198379416
12/08/2017;08:00:00;0.870144608565111
12/08/2017;09:00:00;0.871282666652424
12/08/2017;10:00:00;0.867878387593182
12/08/2017;11:00:00;0.864112114528423
12/08/2017;12:00:00;0.88247204284942
12/08/2017;13:00:00;0.85166046850268
12/08/2017;14:00:00;0.868342592654544
12/08/2017;15:00:00;0.887344402627747
12/08/2017;16:00:00;0.892750129538021
12/08/2017;17:00:00;0.899940300830336
12/08/2017;18:00:00;0.892235234945035
12/08/2017;19:00:00;0.884089491999861
12/08/2017;20:00:00;0.874996964722102
12/08/2017;21:00:00;0.877425522615775
12/08/2017;22:00:00;0.882921533077369
12/08/2017;23:00:00;0.892872814309776
12/09/2017;00:00:00;0.880597173238319
12/09/2017;01:00:00;0.877016250433752
12/09/2017;02:00:00;0.88700446924899
12/09/2017;03:00:00;0.886919453047843
12/09/2017;04:00:00;0.88658484108365
12/09/2017;05:00:00;0.884263692149875
12/09/2017;06:00:00;0.886856189734705
12/09/2017;07:00:00;0.891516474325683
12/09/2017;08:00:00;0.887396034287406
12/09/2017;09:00:00;0.888785193213431
12/09/2017;10:00:00;0.886768827971896
12/09/2017;11:00:00;0.890439985842452
12/09/2017;12:00:00;0.855690303502515
12/09/2017;13:00:00;0.884035906388811
12/09/2017;14:00:00;0.892124478048795
12/09/2017;15:00:00;0.882027931366955
12/09/2017;16:00:00;0.884678398778049
12/09/2017;17:00:00;0.890530912629437
12/09/2017;18:00:00;0.903740177963543
12/09/2017;19:00:00;0.893402167311919
12/09/2017;20:00:00;0.886171829214744
12/09/2017;21:00:00;0.89049660737107
12/09/2017;22:00:00;0.899432611863554
12/09/2017;23:00:00;0.889327575823591
12/10/2017;00:00:00;0.849616567347016
12/10/2017;01:00:00;0.860393568963106
12/10/2017;02:00:00;0.869282838464316
12/10/2017;03:00:00;0.864319334273652
12/10/2017;04:00:00;0.867966852746835
12/10/2017;05:00:00;0.870789107943975
12/10/2017;06:00:00;0.863988548339912
12/10/2017;07:00:00;0.850537709973912
12/10/2017;08:00:00;0.856561092846
12/10/2017;09:00:00;0.849776714799369
12/10/2017;10:00:00;0.84807489031676
12/10/2017;11:00:00;0.840711542489006
12/10/2017;12:00:00;0.866169565766993
12/10/2017;13:00:00;0.852307836634771
12/10/2017;14:00:00;0.852928326194094
12/10/2017;15:00:00;0.847378414492562
12/10/2017;16:00:00;0.852116071210332
12/10/2017;17:00:00;0.858443330517395
12/10/2017;18:00:00;0.860490048751678
12/10/2017;19:00:00;0.858472597263601
12/10/2017;20:00:00;0.858652421168977
12/10/2017;21:00:00;0.861157924643632
12/10/2017;22:00:00;0.876476108321329
12/10/2017;23:00:00;0.879732794515322
12/11/2017;00:00:00;0.857721933947614
12/11/2017;01:00:00;0.861435460093345
12/11/2017;02:00:00;0.85311575310895
12/11/2017;03:00:00;0.853490878679592
12/11/2017;04:00:00;0.855709803700093
12/11/2017;05:00:00;0.854101258251258
12/11/2017;06:00:00;0.854934969025604
12/11/2017;07:00:00;0.865001278145211
12/11/2017;08:00:00;0.864114935450213
12/11/2017;09:00:00;0.851304873541485
12/11/2017;10:00:00;0.849284448269603
12/11/2017;11:00:00;0.869231899255117
12/11/2017;12:00:00;0.875952424363226
12/11/2017;13:00:00;0.859426596024137
12/11/2017;14:00:00;0.866562099942139
12/11/2017;15:00:00;0.8632799134935
12/11/2017;16:00:00;0.872401926913599
12/11/2017;17:00:00;0.866077981051358
12/11/2017;18:00:00;0.870276078816684
12/11/2017;19:00:00;0.869359291521033
12/11/2017;20:00:00;0.868796125202929
12/11/2017;21:00:00;0.874756260854967
12/11/2017;22:00:00;0.877966198776321
12/11/2017;23:00:00;0.86058782348457
12/12/2017;00:00:00;0.877679857647457
12/12/2017;01:00:00;0.88209083517137
12/12/2017;02:00:00;0.882442458037766
12/12/2017;03:00:00;0.881944505448962
12/12/2017;04:00:00;0.879078370226494
12/12/2017;05:00:00;0.867077415721978
12/12/2017;06:00:00;0.873846947409352
12/12/2017;07:00:00;0.859993576996603
12/12/2017;08:00:00;0.85757765367448
12/12/2017;09:00:00;0.820120767234453
12/12/2017;10:00:00;0.871381443819755
12/12/2017;11:00:00;0.853852599710952
12/12/2017;12:00:00;0.83385323238623
12/12/2017;13:00:00;0.823603347358907
12/12/2017;14:00:00;0.785882620546208
12/12/2017;15:00:00;0.754825649294266
12/12/2017;16:00:00;0.753523389649525
12/12/2017;17:00:00;0.761316287076323
12/12/2017;18:00:00;0.729233621094525
12/12/2017;19:00:00;0.706704729825255
12/12/2017;20:00:00;0.690739630690912
12/12/2017;21:00:00;0.686389273781571
12/12/2017;22:00:00;0.689504156957992
12/12/2017;23:00:00;0.70698987113655
12/13/2017;00:00:00;0.69780446857898
12/13/2017;01:00:00;0.708842590311081
12/13/2017;02:00:00;0.771698225779277
12/13/2017;03:00:00;0.761945926224329
12/13/2017;04:00:00;0.770002539914069
12/13/2017;05:00:00;0.759130720043693
12/13/2017;06:00:00;0.776076058161534
12/13/2017;07:00:00;0.79059917062454
12/13/2017;08:00:00;0.777029921819084
12/13/2017;09:00:00;0.773333816591197
12/13/2017;10:00:00;0.750882665364702
12/13/2017;11:00:00;0.774741862658293
12/13/2017;12:00:00;0.800747911143059
12/13/2017;13:00:00;0.785596551762122
12/13/2017;14:00:00;0.880832465438676
12/13/2017;15:00:00;0.913988273359799
12/13/2017;16:00:00;0.829292085515182
12/13/2017;17:00:00;0.846928476268308
12/13/2017;18:00:00;0.819728652288288
12/13/2017;19:00:00;0.849767513236259
12/13/2017;20:00:00;0.861640996081773
12/13/2017;21:00:00;0.851308046246134
12/13/2017;22:00:00;0.862048938701045
12/13/2017;23:00:00;0.846378425194418
12/14/2017;00:00:00;0.83417697682832
12/14/2017;01:00:00;0.831566918221664
12/14/2017;02:00:00;0.831990970339194
12/14/2017;03:00:00;0.8310374488956
12/14/2017;04:00:00;0.830546100196831
12/14/2017;05:00:00;0.825741311275708
12/14/2017;06:00:00;0.785850454735153
12/14/2017;07:00:00;0.824966602448199
12/14/2017;08:00:00;0.841553707583942
12/14/2017;09:00:00;0.806880470555563
12/14/2017;10:00:00;0.812957614310496
12/14/2017;11:00:00;0.846132175809104
12/14/2017;12:00:00;0.836088593043367
12/14/2017;13:00:00;0.816445148724186
12/14/2017;14:00:00;0.818012075935594
12/14/2017;15:00:00;0.804762523617761
12/14/2017;16:00:00;0.811671163576083
12/14/2017;17:00:00;0.799652343014418
12/14/2017;18:00:00;0.803015049562716
12/14/2017;19:00:00;0.794410924332519
12/14/2017;20:00:00;0.795743106334337
12/14/2017;21:00:00;0.802416218159984
12/14/2017;22:00:00;0.804833559807536
12/14/2017;23:00:00;0.796107500019238
12/15/2017;00:00:00;0.796097500035839
12/15/2017;01:00:00;0.794077812610709
12/15/2017;02:00:00;0.789446206507192
12/15/2017;03:00:00;0.798144301834367
12/15/2017;04:00:00;0.799333998963186
12/15/2017;05:00:00;0.801541511793821
12/15/2017;06:00:00;0.801216456398264
12/15/2017;07:00:00;0.799441114567164
12/15/2017;08:00:00;0.812649137731303
12/15/2017;09:00:00;0.81434249593988
12/15/2017;10:00:00;0.809567744120314
12/15/2017;11:00:00;0.831957733151972
12/15/2017;12:00:00;0.810480672138716
12/15/2017;13:00:00;0.806533972271265
12/15/2017;14:00:00;0.801697821677167
12/15/2017;15:00:00;0.792934573445034
12/15/2017;16:00:00;0.790782376181938
12/15/2017;17:00:00;0.787531698011188
12/15/2017;18:00:00;0.787154925609919
12/15/2017;19:00:00;0.790142647239813
12/15/2017;20:00:00;0.807132765744674
12/15/2017;21:00:00;0.802952919332331
12/15/2017;22:00:00;0.775610481947677
12/15/2017;23:00:00;0.773224599354408
12/16/2017;00:00:00;0.774759834201429
12/16/2017;01:00:00;0.777045155870937
12/16/2017;02:00:00;0.776355290039707
12/16/2017;03:00:00;0.782935535429055
12/16/2017;04:00:00;0.779181464560594
12/16/2017;05:00:00;0.773882502529471
12/16/2017;06:00:00;0.790010553439721
12/16/2017;07:00:00;0.804231101791422
12/16/2017;08:00:00;0.81224065429644
12/16/2017;09:00:00;0.807856509742626
12/16/2017;10:00:00;0.80837812686106
12/16/2017;11:00:00;0.848227434610187
12/16/2017;12:00:00;0.838155209258535
12/16/2017;13:00:00;0.845341641187439
12/16/2017;14:00:00;0.845562449960894
12/16/2017;15:00:00;0.836638825453283
12/16/2017;16:00:00;0.855008322100429
12/16/2017;17:00:00;0.870471135548701
12/16/2017;18:00:00;0.894021257276254
12/16/2017;19:00:00;0.860055749431467
12/16/2017;20:00:00;0.837331134066257
12/16/2017;21:00:00;0.857954684221496
12/16/2017;22:00:00;0.833946752707702
12/16/2017;23:00:00;0.85666787068376
12/17/2017;00:00:00;0.868204189669087
12/17/2017;01:00:00;0.877289682864305
12/17/2017;02:00:00;0.876606480287261
12/17/2017;03:00:00;0.872472761960398
12/17/2017;04:00:00;0.8670164057733
12/17/2017;05:00:00;0.87562022027557
12/17/2017;06:00:00;0.872253602020647
12/17/2017;07:00:00;0.86800811050877
12/17/2017;08:00:00;0.864005494297703
12/17/2017;09:00:00;0.867225991280079
12/17/2017;10:00:00;0.866540744021839
12/17/2017;11:00:00;0.886219419738472
12/17/2017;12:00:00;0.861153399193737
12/17/2017;13:00:00;0.859682009381674
12/17/2017;14:00:00;0.861842561925988
12/17/2017;15:00:00;0.86460661565069
12/17/2017;16:00:00;0.931392870251639
12/17/2017;17:00:00;0.915908264780016
12/17/2017;18:00:00;0.884572851863639
12/17/2017;19:00:00;0.901734278437126
12/17/2017;20:00:00;0.926561603662198
12/17/2017;21:00:00;0.937588169195737
12/17/2017;22:00:00;0.915024832036888
