DATE;TIME;FC0101_OP.PV
10/31/2017;00:00:00;80.7608385549028
10/31/2017;01:00:00;81.36065981368
10/31/2017;02:00:00;81.2711601592405
10/31/2017;03:00:00;81.2153753442196
10/31/2017;04:00:00;81.137700346676
10/31/2017;05:00:00;81.1497844122967
10/31/2017;06:00:00;81.3370632239403
10/31/2017;07:00:00;81.2179151375851
10/31/2017;08:00:00;80.9944057343761
10/31/2017;09:00:00;81.0801394444139
10/31/2017;10:00:00;81.0706537204753
10/31/2017;11:00:00;81.3294190196474
10/31/2017;12:00:00;81.4583464258176
10/31/2017;13:00:00;81.1642322741024
10/31/2017;14:00:00;81.2444479470163
10/31/2017;15:00:00;81.1210178391271
10/31/2017;16:00:00;81.0011943911421
10/31/2017;17:00:00;81.1395548889587
10/31/2017;18:00:00;80.5246197335558
10/31/2017;19:00:00;80.7962596654813
10/31/2017;20:00:00;79.9980478602087
10/31/2017;21:00:00;80.3600525965817
10/31/2017;22:00:00;80.237274620377
10/31/2017;23:00:00;80.5471475602554
11/01/2017;00:00:00;80.7921821556909
11/01/2017;01:00:00;81.0744234237323
11/01/2017;02:00:00;80.8441333059335
11/01/2017;03:00:00;81.2344759165195
11/01/2017;04:00:00;80.7719470911088
11/01/2017;05:00:00;80.5238336580032
11/01/2017;06:00:00;80.6817325406612
11/01/2017;07:00:00;80.7071741207702
11/01/2017;08:00:00;80.8726061800755
11/01/2017;09:00:00;80.7948806512747
11/01/2017;10:00:00;80.5248107205927
11/01/2017;11:00:00;80.7015250973506
11/01/2017;12:00:00;80.5066252295682
11/01/2017;13:00:00;80.5661481195018
11/01/2017;14:00:00;80.8675598524131
11/01/2017;15:00:00;80.8863039780068
11/01/2017;16:00:00;80.412943028624
11/01/2017;17:00:00;80.3310494373527
11/01/2017;18:00:00;80.4241602969467
11/01/2017;19:00:00;80.5411266269641
11/01/2017;20:00:00;80.4010738136758
11/01/2017;21:00:00;80.5040007463766
11/01/2017;22:00:00;80.5021671616025
11/01/2017;23:00:00;80.8890078146641
11/02/2017;00:00:00;80.5684822394014
11/02/2017;01:00:00;80.4568251891623
11/02/2017;02:00:00;80.7213290098641
11/02/2017;03:00:00;80.6966983867446
11/02/2017;04:00:00;80.5462639904404
11/02/2017;05:00:00;80.631795133228
11/02/2017;06:00:00;80.6190640662934
11/02/2017;07:00:00;80.5595213784623
11/02/2017;08:00:00;80.4440190342144
11/02/2017;09:00:00;80.3832615153943
11/02/2017;10:00:00;80.1169656581277
11/02/2017;11:00:00;80.4141454487602
11/02/2017;12:00:00;80.485906848895
11/02/2017;13:00:00;80.8295885299796
11/02/2017;14:00:00;80.8154938173395
11/02/2017;15:00:00;80.6690556317942
11/02/2017;16:00:00;80.8500584639749
11/02/2017;17:00:00;80.7031692260177
11/02/2017;18:00:00;81.0801166957493
11/02/2017;19:00:00;80.9983026650244
11/02/2017;20:00:00;80.8193115972945
11/02/2017;21:00:00;80.7773540831189
11/02/2017;22:00:00;80.9288843256762
11/02/2017;23:00:00;80.5077393024922
11/03/2017;00:00:00;80.8444198541866
11/03/2017;01:00:00;80.8830182554618
11/03/2017;02:00:00;80.9176932172821
11/03/2017;03:00:00;81.1271379505801
11/03/2017;04:00:00;80.9408043644174
11/03/2017;05:00:00;80.9034121904422
11/03/2017;06:00:00;81.2415662790418
11/03/2017;07:00:00;81.4185592027221
11/03/2017;08:00:00;81.3116252951183
11/03/2017;09:00:00;81.221902982126
11/03/2017;10:00:00;81.161882006467
11/03/2017;11:00:00;81.0667244692693
11/03/2017;12:00:00;81.1038214779183
11/03/2017;13:00:00;81.3312649438684
11/03/2017;14:00:00;81.6093216838713
11/03/2017;15:00:00;81.865303105687
11/03/2017;16:00:00;81.9766102072746
11/03/2017;17:00:00;81.8015782894519
11/03/2017;18:00:00;81.4306557789151
11/03/2017;19:00:00;81.4719407704461
11/03/2017;20:00:00;81.1849074271324
11/03/2017;21:00:00;81.492986800184
11/03/2017;22:00:00;81.4169076132542
11/03/2017;23:00:00;81.0551217952227
11/04/2017;00:00:00;81.361068779531
11/04/2017;01:00:00;81.5274149254197
11/04/2017;02:00:00;81.3547146991277
11/04/2017;03:00:00;81.6545273731045
11/04/2017;04:00:00;81.3777528085618
11/04/2017;05:00:00;81.3483735342926
11/04/2017;06:00:00;81.3078398666199
11/04/2017;07:00:00;81.4949907639853
11/04/2017;08:00:00;81.6811895544262
11/04/2017;09:00:00;81.473172032788
11/04/2017;10:00:00;81.4055778291958
11/04/2017;11:00:00;81.5681883394913
11/04/2017;12:00:00;81.5089566618145
11/04/2017;13:00:00;81.5135287603397
11/04/2017;14:00:00;81.6150750987371
11/04/2017;15:00:00;81.5473794666423
11/04/2017;16:00:00;81.7522515398323
11/04/2017;17:00:00;81.6463817859526
11/04/2017;18:00:00;81.9070978938688
11/04/2017;19:00:00;82.3284859055613
11/04/2017;20:00:00;83.0465630191476
11/04/2017;21:00:00;82.5031277992282
11/04/2017;22:00:00;82.759285067929
11/04/2017;23:00:00;82.9460993079366
11/05/2017;00:00:00;82.8580031998269
11/05/2017;01:00:00;83.576602241342
11/05/2017;02:00:00;83.1682521754668
11/05/2017;03:00:00;83.0173424955938
11/05/2017;04:00:00;83.0246208593848
11/05/2017;05:00:00;82.5418750117576
11/05/2017;06:00:00;82.8345825073029
11/05/2017;07:00:00;83.020401685054
11/05/2017;08:00:00;82.7403327980069
11/05/2017;09:00:00;82.5013061089395
11/05/2017;10:00:00;82.0765170280372
11/05/2017;11:00:00;81.6269746667341
11/05/2017;12:00:00;81.6259612830423
11/05/2017;13:00:00;81.7429555650796
11/05/2017;14:00:00;82.5133273380389
11/05/2017;15:00:00;82.8144667237515
11/05/2017;16:00:00;82.7342305447736
11/05/2017;17:00:00;83.7058175038624
11/05/2017;18:00:00;83.4889370838575
11/05/2017;19:00:00;82.6641387399759
11/05/2017;20:00:00;82.0775749334289
11/05/2017;21:00:00;82.103831436304
11/05/2017;22:00:00;82.2664837524887
11/05/2017;23:00:00;81.9414981670306
11/06/2017;00:00:00;81.9915528919263
11/06/2017;01:00:00;81.9877826732577
11/06/2017;02:00:00;82.2487132662086
11/06/2017;03:00:00;81.8254216134575
11/06/2017;04:00:00;81.7425272887939
11/06/2017;05:00:00;81.4192946690059
11/06/2017;06:00:00;81.9059418286641
11/06/2017;07:00:00;81.9449984102161
11/06/2017;08:00:00;81.5315233719147
11/06/2017;09:00:00;81.9041754186873
11/06/2017;10:00:00;82.0092052043354
11/06/2017;11:00:00;82.0045509528701
11/06/2017;12:00:00;81.7220290337733
11/06/2017;13:00:00;82.7531218214911
11/06/2017;14:00:00;83.9118972271064
11/06/2017;15:00:00;84.5074775551206
11/06/2017;16:00:00;85.4424825296036
11/06/2017;17:00:00;86.5062902464562
11/06/2017;18:00:00;86.0659861765963
11/06/2017;19:00:00;85.826816139695
11/06/2017;20:00:00;85.7513273850387
11/06/2017;21:00:00;85.6633874663304
11/06/2017;22:00:00;85.7042520167061
11/06/2017;23:00:00;86.0196624843671
11/07/2017;00:00:00;86.2201957506839
11/07/2017;01:00:00;86.0103065954164
11/07/2017;02:00:00;85.9009648214523
11/07/2017;03:00:00;85.8620196823495
11/07/2017;04:00:00;85.8224986298867
11/07/2017;05:00:00;85.6463055117087
11/07/2017;06:00:00;85.7128407820574
11/07/2017;07:00:00;85.4076818049308
11/07/2017;08:00:00;85.1832293680648
11/07/2017;09:00:00;85.9322832142635
11/07/2017;10:00:00;85.7344722477026
11/07/2017;11:00:00;85.9503177764688
11/07/2017;12:00:00;85.7411975855577
11/07/2017;13:00:00;85.5651560171385
11/07/2017;14:00:00;85.5120618346303
11/07/2017;15:00:00;85.4439782900359
11/07/2017;16:00:00;85.4124907123144
11/07/2017;17:00:00;85.7649933540605
11/07/2017;18:00:00;85.3433129365107
11/07/2017;19:00:00;85.8134435662026
11/07/2017;20:00:00;85.9070682867404
11/07/2017;21:00:00;85.4952160271021
11/07/2017;22:00:00;85.3227657177693
11/07/2017;23:00:00;85.4831811752816
11/08/2017;00:00:00;85.1386713539946
11/08/2017;01:00:00;85.413009868814
11/08/2017;02:00:00;85.3696086341803
11/08/2017;03:00:00;85.1383839382936
11/08/2017;04:00:00;85.5470981958809
11/08/2017;05:00:00;85.1458272038295
11/08/2017;06:00:00;84.8771796832428
11/08/2017;07:00:00;84.3783199335648
11/08/2017;08:00:00;83.1893978520758
11/08/2017;09:00:00;83.5426598270312
11/08/2017;10:00:00;82.952422012335
11/08/2017;11:00:00;82.8795042392109
11/08/2017;12:00:00;82.6699660169997
11/08/2017;13:00:00;83.2562015922533
11/08/2017;14:00:00;83.7194326730554
11/08/2017;15:00:00;83.4244475381697
11/08/2017;16:00:00;83.2901301702583
11/08/2017;17:00:00;83.3490921012684
11/08/2017;18:00:00;83.0370149373193
11/08/2017;19:00:00;83.3925058469205
11/08/2017;20:00:00;83.3209986340095
11/08/2017;21:00:00;84.0243072434412
11/08/2017;22:00:00;83.5500050356525
11/08/2017;23:00:00;83.6559718720679
11/09/2017;00:00:00;83.968809625928
11/09/2017;01:00:00;83.8910012970359
11/09/2017;02:00:00;83.8716693867076
11/09/2017;03:00:00;83.8260092867392
11/09/2017;04:00:00;83.7467403132175
11/09/2017;05:00:00;83.8359495364744
11/09/2017;06:00:00;83.7450027153777
11/09/2017;07:00:00;83.5458252794687
11/09/2017;08:00:00;84.5291097126069
11/09/2017;09:00:00;83.8503712644623
11/09/2017;10:00:00;84.157378819869
11/09/2017;11:00:00;84.0888004744436
11/09/2017;12:00:00;84.0574405532668
11/09/2017;13:00:00;83.9041708765295
11/09/2017;14:00:00;83.786288964698
11/09/2017;15:00:00;83.7021827123579
11/09/2017;16:00:00;83.9929591397153
11/09/2017;17:00:00;83.4290916204714
11/09/2017;18:00:00;84.04535400834
11/09/2017;19:00:00;84.0690996984843
11/09/2017;20:00:00;83.8844235288796
11/09/2017;21:00:00;83.2624718157459
11/09/2017;22:00:00;83.616432803488
11/09/2017;23:00:00;83.9034883498906
11/10/2017;00:00:00;83.9044017457083
11/10/2017;01:00:00;83.4555180187098
11/10/2017;02:00:00;82.8811987257657
11/10/2017;03:00:00;82.8129969089775
11/10/2017;04:00:00;82.7761369082145
11/10/2017;05:00:00;82.9239292909672
11/10/2017;06:00:00;82.9975324793618
11/10/2017;07:00:00;81.9896540240756
11/10/2017;08:00:00;82.7518050409961
11/10/2017;09:00:00;83.0213084114426
11/10/2017;10:00:00;82.7777328791045
11/10/2017;11:00:00;82.8877290901893
11/10/2017;12:00:00;82.9316893100089
11/10/2017;13:00:00;82.9931507100873
11/10/2017;14:00:00;82.5747178873573
11/10/2017;15:00:00;82.4202477250651
11/10/2017;16:00:00;82.7761752712755
11/10/2017;17:00:00;82.8560535382615
11/10/2017;18:00:00;82.9436975959618
11/10/2017;19:00:00;82.8607282948848
11/10/2017;20:00:00;82.7084494160722
11/10/2017;21:00:00;82.6602404204213
11/10/2017;22:00:00;82.2265731570554
11/10/2017;23:00:00;82.2761141493484
11/11/2017;00:00:00;82.0386365544849
11/11/2017;01:00:00;81.9793857073378
11/11/2017;02:00:00;82.1139926964478
11/11/2017;03:00:00;82.1007266729023
11/11/2017;04:00:00;82.1826703970857
11/11/2017;05:00:00;82.0603830142433
11/11/2017;06:00:00;82.4823421026425
11/11/2017;07:00:00;82.0199671366879
11/11/2017;08:00:00;82.0779855223569
11/11/2017;09:00:00;82.0978370911464
11/11/2017;10:00:00;81.9964559812156
11/11/2017;11:00:00;82.0521014733012
11/11/2017;12:00:00;82.0437026279365
11/11/2017;13:00:00;82.1555670282836
11/11/2017;14:00:00;82.3678200776362
11/11/2017;15:00:00;82.4740696935112
11/11/2017;16:00:00;82.4305660896905
11/11/2017;17:00:00;83.2455803021711
11/11/2017;18:00:00;82.004607574788
11/11/2017;19:00:00;83.3644343251079
11/11/2017;20:00:00;82.9088327222271
11/11/2017;21:00:00;82.5497864636781
11/11/2017;22:00:00;82.9143432259978
11/11/2017;23:00:00;82.9430317477262
11/12/2017;00:00:00;82.8879054177629
11/12/2017;01:00:00;83.1225365443595
11/12/2017;02:00:00;82.973160569906
11/12/2017;03:00:00;82.8297086170635
11/12/2017;04:00:00;83.3982080692475
11/12/2017;05:00:00;83.5899346981093
11/12/2017;06:00:00;83.1185419163
11/12/2017;07:00:00;83.0051777441186
11/12/2017;08:00:00;83.0079967663941
11/12/2017;09:00:00;83.1264234331579
11/12/2017;10:00:00;83.0538362299446
11/12/2017;11:00:00;83.2035721871619
11/12/2017;12:00:00;83.2703432483354
11/12/2017;13:00:00;83.2117086007974
11/12/2017;14:00:00;83.4316410711468
11/12/2017;15:00:00;83.2275122828283
11/12/2017;16:00:00;83.5982736078015
11/12/2017;17:00:00;83.4906271140722
11/12/2017;18:00:00;83.6029660383941
11/12/2017;19:00:00;84.0209595369575
11/12/2017;20:00:00;83.4999771414538
11/12/2017;21:00:00;83.9813048186357
11/12/2017;22:00:00;83.6186413626658
11/12/2017;23:00:00;83.7330765811851
11/13/2017;00:00:00;83.7475819942782
11/13/2017;01:00:00;83.8376475583921
11/13/2017;02:00:00;83.8665967773997
11/13/2017;03:00:00;83.9579387973691
11/13/2017;04:00:00;83.8012399428099
11/13/2017;05:00:00;83.7041158474709
11/13/2017;06:00:00;83.7404759756711
11/13/2017;07:00:00;83.9183720539722
11/13/2017;08:00:00;84.000757831906
11/13/2017;09:00:00;84.1006594707252
11/13/2017;10:00:00;83.8817600872447
11/13/2017;11:00:00;83.8841965276637
11/13/2017;12:00:00;84.1307358998393
11/13/2017;13:00:00;84.1850514559296
11/13/2017;14:00:00;84.1956656392244
11/13/2017;15:00:00;84.3709734138934
11/13/2017;16:00:00;84.2774721335077
11/13/2017;17:00:00;84.0963768002145
11/13/2017;18:00:00;83.9055520762088
11/13/2017;19:00:00;83.779482767565
11/13/2017;20:00:00;83.6027314842354
11/13/2017;21:00:00;83.8768180158107
11/13/2017;22:00:00;83.8460020311153
11/13/2017;23:00:00;83.9458655404706
11/14/2017;00:00:00;83.8597433945366
11/14/2017;01:00:00;83.8664480121572
11/14/2017;02:00:00;83.7390158758134
11/14/2017;03:00:00;83.8303603709163
11/14/2017;04:00:00;83.644647888265
11/14/2017;05:00:00;83.9356907307812
11/14/2017;06:00:00;84.1910206053271
11/14/2017;07:00:00;84.6099296281635
11/14/2017;08:00:00;83.5755404234189
11/14/2017;09:00:00;83.8150857409688
11/14/2017;10:00:00;84.0348586192415
11/14/2017;11:00:00;84.060286829869
11/14/2017;12:00:00;83.6882677338413
11/14/2017;13:00:00;83.2368436710308
11/14/2017;14:00:00;83.2991468383296
11/14/2017;15:00:00;82.9198042003056
11/14/2017;16:00:00;83.4945588261522
11/14/2017;17:00:00;82.9502679290567
11/14/2017;18:00:00;82.6912988983393
11/14/2017;19:00:00;82.7027807696888
11/14/2017;20:00:00;82.8245631465421
11/14/2017;21:00:00;82.7200955796368
11/14/2017;22:00:00;82.9095962422764
11/14/2017;23:00:00;82.8929132846353
11/15/2017;00:00:00;82.8591438563985
11/15/2017;01:00:00;82.9076118435154
11/15/2017;02:00:00;82.6078168717857
11/15/2017;03:00:00;82.9321045141695
11/15/2017;04:00:00;82.9773573476041
11/15/2017;05:00:00;82.967109287044
11/15/2017;06:00:00;83.3147464212781
11/15/2017;07:00:00;83.1630303730541
11/15/2017;08:00:00;83.3392597171599
11/15/2017;09:00:00;83.2449072281405
11/15/2017;10:00:00;83.5454879605199
11/15/2017;11:00:00;83.4231397382385
11/15/2017;12:00:00;83.4455215675676
11/15/2017;13:00:00;83.2728190088783
11/15/2017;14:00:00;83.432681066456
11/15/2017;15:00:00;88.8316576658586
11/15/2017;16:00:00;88.7157309922215
11/15/2017;17:00:00;84.8012990787547
11/15/2017;18:00:00;83.5942071477261
11/15/2017;19:00:00;83.7882566675547
11/15/2017;20:00:00;84.3379598202553
11/15/2017;21:00:00;84.944639569203
11/15/2017;22:00:00;84.2977499822876
11/15/2017;23:00:00;84.9993011375128
11/16/2017;00:00:00;84.968458878566
11/16/2017;01:00:00;85.2696273914978
11/16/2017;02:00:00;82.6715818699686
11/16/2017;03:00:00;84.9345405378156
11/16/2017;04:00:00;83.9106373745766
11/16/2017;05:00:00;84.3313502692547
11/16/2017;06:00:00;84.4197480776348
11/16/2017;07:00:00;84.9091708962741
11/16/2017;08:00:00;84.3256200862262
11/16/2017;09:00:00;83.5456148981601
11/16/2017;10:00:00;83.657519529021
11/16/2017;11:00:00;83.9883349497893
11/16/2017;12:00:00;83.3673138472668
11/16/2017;13:00:00;83.4604031396752
11/16/2017;14:00:00;83.5777484380774
11/16/2017;15:00:00;83.9854920913162
11/16/2017;16:00:00;83.369051960321
11/16/2017;17:00:00;84.5571425639328
11/16/2017;18:00:00;84.3155875506336
11/16/2017;19:00:00;82.8110851361109
11/16/2017;20:00:00;83.2705578998403
11/16/2017;21:00:00;84.1799406578671
11/16/2017;22:00:00;83.4083929866923
11/16/2017;23:00:00;82.7240663814157
11/17/2017;00:00:00;83.103767135783
11/17/2017;01:00:00;82.6945953681343
11/17/2017;02:00:00;82.5491357739205
11/17/2017;03:00:00;82.5542829415962
11/17/2017;04:00:00;82.1953377250681
11/17/2017;05:00:00;82.2874003738582
11/17/2017;06:00:00;82.4530024870721
11/17/2017;07:00:00;82.059502484451
11/17/2017;08:00:00;82.0083768841227
11/17/2017;09:00:00;82.7736846015564
11/17/2017;10:00:00;83.7131257135973
11/17/2017;11:00:00;82.7010475945725
11/17/2017;12:00:00;82.1102785541128
11/17/2017;13:00:00;83.3457238200058
11/17/2017;14:00:00;83.7380803498948
11/17/2017;15:00:00;82.8002967359154
11/17/2017;16:00:00;83.2146972853827
11/17/2017;17:00:00;83.1085506530114
11/17/2017;18:00:00;82.4003879840256
11/17/2017;19:00:00;82.5767032349423
11/17/2017;20:00:00;82.4058189529906
11/17/2017;21:00:00;82.3324987024825
11/17/2017;22:00:00;82.454711855056
11/17/2017;23:00:00;82.3067672711279
11/18/2017;00:00:00;81.91531102884
11/18/2017;01:00:00;82.3996021334252
11/18/2017;02:00:00;82.6097637242228
11/18/2017;03:00:00;82.2856241734756
11/18/2017;04:00:00;82.5457857840905
11/18/2017;05:00:00;82.4786729463472
11/18/2017;06:00:00;82.7511969174356
11/18/2017;07:00:00;82.4783440840134
11/18/2017;08:00:00;82.4041441160968
11/18/2017;09:00:00;82.6526992607551
11/18/2017;10:00:00;82.8148618312288
11/18/2017;11:00:00;82.5604091447055
11/18/2017;12:00:00;82.5507856647911
11/18/2017;13:00:00;82.9217737231519
11/18/2017;14:00:00;82.6793318095981
11/18/2017;15:00:00;82.3349584706032
11/18/2017;16:00:00;82.8975529314484
11/18/2017;17:00:00;81.9798044498337
11/18/2017;18:00:00;81.4922110147982
11/18/2017;19:00:00;81.4944236716025
11/18/2017;20:00:00;80.7620450964787
11/18/2017;21:00:00;80.8723795007195
11/18/2017;22:00:00;80.9136414316378
11/18/2017;23:00:00;80.7068578889759
11/19/2017;00:00:00;80.6656178457257
11/19/2017;01:00:00;81.0946679560435
11/19/2017;02:00:00;82.0912517665689
11/19/2017;03:00:00;80.2767048703481
11/19/2017;04:00:00;81.8325304903104
11/19/2017;05:00:00;81.6182837337283
11/19/2017;06:00:00;81.1224161447331
11/19/2017;07:00:00;81.5216353634422
11/19/2017;08:00:00;81.2950699520266
11/19/2017;09:00:00;81.1592151226245
11/19/2017;10:00:00;81.0190415961842
11/19/2017;11:00:00;81.419927390517
11/19/2017;12:00:00;81.506049370153
11/19/2017;13:00:00;81.2697987560585
11/19/2017;14:00:00;81.4768428261308
11/19/2017;15:00:00;80.815049899846
11/19/2017;16:00:00;81.1298861418405
11/19/2017;17:00:00;81.3234152096921
11/19/2017;18:00:00;81.114954911045
11/19/2017;19:00:00;81.287640235841
11/19/2017;20:00:00;80.9727510427116
11/19/2017;21:00:00;80.8465444893739
11/19/2017;22:00:00;81.5385798371289
11/19/2017;23:00:00;81.7398597864371
11/20/2017;00:00:00;81.0294470180191
11/20/2017;01:00:00;80.717839819046
11/20/2017;02:00:00;80.8016370509498
11/20/2017;03:00:00;80.6357779790259
11/20/2017;04:00:00;80.9271267804193
11/20/2017;05:00:00;81.5395921985731
11/20/2017;06:00:00;82.338337807719
11/20/2017;07:00:00;81.4045549988942
11/20/2017;08:00:00;80.8860227563513
11/20/2017;09:00:00;81.4615599894414
11/20/2017;10:00:00;81.3817074735988
11/20/2017;11:00:00;82.2662973147552
11/20/2017;12:00:00;81.8107578979124
11/20/2017;13:00:00;81.671602778287
11/20/2017;14:00:00;82.3474628912712
11/20/2017;15:00:00;82.0677089243706
11/20/2017;16:00:00;82.0446360712241
11/20/2017;17:00:00;82.5407062677473
11/20/2017;18:00:00;83.520245571346
11/20/2017;19:00:00;83.2510389400362
11/20/2017;20:00:00;82.461196245564
11/20/2017;21:00:00;82.6413673542328
11/20/2017;22:00:00;82.4970367435308
11/20/2017;23:00:00;83.5266300004117
11/21/2017;00:00:00;83.2157895276611
11/21/2017;01:00:00;84.2460745598075
11/21/2017;02:00:00;83.6588149401126
11/21/2017;03:00:00;83.4804868850126
11/21/2017;04:00:00;83.3757971378598
11/21/2017;05:00:00;84.5801485225452
11/21/2017;06:00:00;84.3958320623456
11/21/2017;07:00:00;83.6840292969099
11/21/2017;08:00:00;83.7723786691493
11/21/2017;09:00:00;83.3747833197099
11/21/2017;10:00:00;83.8882657894759
11/21/2017;11:00:00;83.5908947469741
11/21/2017;12:00:00;83.465344660926
11/21/2017;13:00:00;85.3693954685013
11/21/2017;14:00:00;85.2979778304036
11/21/2017;15:00:00;83.4911891225693
11/21/2017;16:00:00;83.5322404618275
11/21/2017;17:00:00;84.166541311339
11/21/2017;18:00:00;84.3221823597979
11/21/2017;19:00:00;84.3232450711045
11/21/2017;20:00:00;84.7463134737831
11/21/2017;21:00:00;85.0857106999532
11/21/2017;22:00:00;84.4748740236286
11/21/2017;23:00:00;84.4563726547173
11/22/2017;00:00:00;84.9645993597535
11/22/2017;01:00:00;84.6821907217666
11/22/2017;02:00:00;84.5376382241408
11/22/2017;03:00:00;85.0248330801433
11/22/2017;04:00:00;84.2428259578226
11/22/2017;05:00:00;83.9623233174001
11/22/2017;06:00:00;84.2824421646089
11/22/2017;07:00:00;84.4807934046868
11/22/2017;08:00:00;83.9350559514438
11/22/2017;09:00:00;84.2839465386967
11/22/2017;10:00:00;83.6530222584858
11/22/2017;11:00:00;83.9841149257923
11/22/2017;12:00:00;83.485814649477
11/22/2017;13:00:00;84.2722861967953
11/22/2017;14:00:00;84.4330663397584
11/22/2017;15:00:00;84.4397282591564
11/22/2017;16:00:00;84.327730692631
11/22/2017;17:00:00;84.9608047420545
11/22/2017;18:00:00;84.5881680047661
11/22/2017;19:00:00;85.6991143330989
11/22/2017;20:00:00;85.2265641299315
11/22/2017;21:00:00;84.6705698514198
11/22/2017;22:00:00;85.6338054072213
11/22/2017;23:00:00;85.9068015641436
11/23/2017;00:00:00;85.4723724832796
11/23/2017;01:00:00;85.4916689736098
11/23/2017;02:00:00;85.1290183516322
11/23/2017;03:00:00;85.7804195071528
11/23/2017;04:00:00;85.7748513482838
11/23/2017;05:00:00;85.0488516817908
11/23/2017;06:00:00;85.1586172222698
11/23/2017;07:00:00;84.7323371924215
11/23/2017;08:00:00;84.0077113715685
11/23/2017;09:00:00;84.2701183025811
11/23/2017;10:00:00;85.7509733313165
11/23/2017;11:00:00;84.5951680623971
11/23/2017;12:00:00;84.3020582758459
11/23/2017;13:00:00;84.9365891351939
11/23/2017;14:00:00;84.0230359836492
11/23/2017;15:00:00;84.7852205073406
11/23/2017;16:00:00;85.4144424179781
11/23/2017;17:00:00;84.3513677446426
11/23/2017;18:00:00;84.8459475981704
11/23/2017;19:00:00;84.5409977820753
11/23/2017;20:00:00;84.0511399069339
11/23/2017;21:00:00;84.5029197049668
11/23/2017;22:00:00;84.9632758310681
11/23/2017;23:00:00;83.9862278488268
11/24/2017;00:00:00;84.0665723445958
11/24/2017;01:00:00;84.1800375588655
11/24/2017;02:00:00;84.8038994371652
11/24/2017;03:00:00;84.1178137087593
11/24/2017;04:00:00;84.9531253575932
11/24/2017;05:00:00;84.7814119717672
11/24/2017;06:00:00;84.9108966730586
11/24/2017;07:00:00;84.5151266554978
11/24/2017;08:00:00;84.6068039977367
11/24/2017;09:00:00;84.7113899364861
11/24/2017;10:00:00;84.7554780480091
11/24/2017;11:00:00;86.0312770992943
11/24/2017;12:00:00;85.2326127885818
11/24/2017;13:00:00;85.2049616134234
11/24/2017;14:00:00;85.1556365367576
11/24/2017;15:00:00;85.7883091008966
11/24/2017;16:00:00;84.7473069649203
11/24/2017;17:00:00;85.1044908952317
11/24/2017;18:00:00;85.0388966426965
11/24/2017;19:00:00;84.7485527888376
11/24/2017;20:00:00;84.5841966962964
11/24/2017;21:00:00;84.4722243228739
11/24/2017;22:00:00;84.73211218374
11/24/2017;23:00:00;84.8189768902475
11/25/2017;00:00:00;85.0000128672296
11/25/2017;01:00:00;84.7076987725658
11/25/2017;02:00:00;85.4075448448417
11/25/2017;03:00:00;84.7562345283253
11/25/2017;04:00:00;84.244046676943
11/25/2017;05:00:00;86.0180944363677
11/25/2017;06:00:00;86.6834683462117
11/25/2017;07:00:00;85.1944797536766
11/25/2017;08:00:00;86.5067551174053
11/25/2017;09:00:00;85.2086936414993
11/25/2017;10:00:00;85.4954391655958
11/25/2017;11:00:00;85.7568365556308
11/25/2017;12:00:00;85.3183716000358
11/25/2017;13:00:00;85.60433911514
11/25/2017;14:00:00;85.3854992957446
11/25/2017;15:00:00;85.6471324101517
11/25/2017;16:00:00;85.5295359728511
11/25/2017;17:00:00;85.6528236611767
11/25/2017;18:00:00;85.5794433534996
11/25/2017;19:00:00;85.2067072480139
11/25/2017;20:00:00;102.537738296565
11/25/2017;21:00:00;110.413755527072
11/25/2017;22:00:00;114
11/25/2017;23:00:00;114
11/26/2017;00:00:00;114
11/26/2017;01:00:00;114
11/26/2017;02:00:00;114
11/26/2017;03:00:00;114
11/26/2017;04:00:00;114
11/26/2017;05:00:00;114
11/26/2017;06:00:00;114
11/26/2017;07:00:00;107.508603472791
11/26/2017;08:00:00;102.786317200751
11/26/2017;09:00:00;113.272300291087
11/26/2017;10:00:00;106.968507560765
11/26/2017;11:00:00;106.070345427935
11/26/2017;12:00:00;114
11/26/2017;13:00:00;114
11/26/2017;14:00:00;114
11/26/2017;15:00:00;114
11/26/2017;16:00:00;105.695689155346
11/26/2017;17:00:00;111.889413685336
11/26/2017;18:00:00;98.3009067538766
11/26/2017;19:00:00;104.436619190543
11/26/2017;20:00:00;108.990398563703
11/26/2017;21:00:00;104.268731333989
11/26/2017;22:00:00;96.9812029321754
11/26/2017;23:00:00;95.3303277344392
11/27/2017;00:00:00;96.2614131258281
11/27/2017;01:00:00;98.6708939777479
11/27/2017;02:00:00;98.8981912370758
11/27/2017;03:00:00;97.1024738274316
11/27/2017;04:00:00;81.2928645624753
11/27/2017;05:00:00;78.257122590253
11/27/2017;06:00:00;76.8136613701466
11/27/2017;07:00:00;65.3243736788564
11/27/2017;08:00:00;33.1451911693149
11/27/2017;09:00:00;22.8029337565104
11/27/2017;10:00:00;15.787129611969
11/27/2017;11:00:00;0
11/27/2017;12:00:00;0
11/27/2017;13:00:00;0
11/27/2017;14:00:00;0
11/27/2017;15:00:00;0
11/27/2017;16:00:00;0
11/27/2017;17:00:00;0
11/27/2017;18:00:00;0
11/27/2017;19:00:00;0
11/27/2017;20:00:00;0
11/27/2017;21:00:00;0
11/27/2017;22:00:00;0
11/27/2017;23:00:00;0
11/28/2017;00:00:00;0
11/28/2017;01:00:00;0
11/28/2017;02:00:00;0
11/28/2017;03:00:00;0
11/28/2017;04:00:00;0
11/28/2017;05:00:00;0
11/28/2017;06:00:00;0
11/28/2017;07:00:00;0
11/28/2017;08:00:00;0
11/28/2017;09:00:00;0
11/28/2017;10:00:00;0
11/28/2017;11:00:00;0
11/28/2017;12:00:00;0
11/28/2017;13:00:00;0
11/28/2017;14:00:00;0
11/28/2017;15:00:00;0
11/28/2017;16:00:00;0
11/28/2017;17:00:00;0
11/28/2017;18:00:00;0
11/28/2017;19:00:00;0
11/28/2017;20:00:00;0
11/28/2017;21:00:00;0
11/28/2017;22:00:00;0
11/28/2017;23:00:00;0
11/29/2017;00:00:00;0
11/29/2017;01:00:00;0
11/29/2017;02:00:00;0
11/29/2017;03:00:00;0
11/29/2017;04:00:00;0
11/29/2017;05:00:00;0
11/29/2017;06:00:00;0
11/29/2017;07:00:00;0
11/29/2017;08:00:00;0
11/29/2017;09:00:00;0
11/29/2017;10:00:00;0
11/29/2017;11:00:00;0
11/29/2017;12:00:00;0
11/29/2017;13:00:00;69
11/29/2017;14:00:00;69
11/29/2017;15:00:00;69
11/29/2017;16:00:00;69
11/29/2017;17:00:00;69
11/29/2017;18:00:00;69
11/29/2017;19:00:00;69
11/29/2017;20:00:00;69
11/29/2017;21:00:00;69
11/29/2017;22:00:00;69
11/29/2017;23:00:00;69
11/30/2017;00:00:00;69
11/30/2017;01:00:00;69
11/30/2017;02:00:00;69
11/30/2017;03:00:00;69
11/30/2017;04:00:00;69
11/30/2017;05:00:00;69
11/30/2017;06:00:00;69
11/30/2017;07:00:00;69
11/30/2017;08:00:00;69
11/30/2017;09:00:00;69
11/30/2017;10:00:00;69
11/30/2017;11:00:00;69
11/30/2017;12:00:00;69
11/30/2017;13:00:00;69
11/30/2017;14:00:00;69
11/30/2017;15:00:00;28.6905924691094
11/30/2017;16:00:00;20.3314342519972
11/30/2017;17:00:00;11.4221555921766
11/30/2017;18:00:00;12.4480386098226
11/30/2017;19:00:00;10.7539377996657
11/30/2017;20:00:00;11.4322283257378
11/30/2017;21:00:00;14.1762766520182
11/30/2017;22:00:00;15.986551399231
11/30/2017;23:00:00;4.91779389924473
12/01/2017;00:00:00;3.53577514443133
12/01/2017;01:00:00;1.98294056150648
12/01/2017;02:00:00;9.45296581268311
12/01/2017;03:00:00;16.2061720890469
12/01/2017;04:00:00;16.9780377790663
12/01/2017;05:00:00;7.14503614637587
12/01/2017;06:00:00;5
12/01/2017;07:00:00;5
12/01/2017;08:00:00;6.34108748753866
12/01/2017;09:00:00;8.11041474689824
12/01/2017;10:00:00;7.62784212031109
12/01/2017;11:00:00;2.75965223266445
12/01/2017;12:00:00;6.51960475586953
12/01/2017;13:00:00;6.78100127644296
12/01/2017;14:00:00;20.2453677363084
12/01/2017;15:00:00;25.7023002560933
12/01/2017;16:00:00;22.6018172813341
12/01/2017;17:00:00;32.0073828371024
12/01/2017;18:00:00;37.4311428982672
12/01/2017;19:00:00;41.6865722091896
12/01/2017;20:00:00;42.0977077121551
12/01/2017;21:00:00;51.6205627494968
12/01/2017;22:00:00;59.7198052189236
12/01/2017;23:00:00;67.1261903581179
12/02/2017;00:00:00;69.6194212204324
12/02/2017;01:00:00;69.8144935677983
12/02/2017;02:00:00;70.6329524606282
12/02/2017;03:00:00;71.3003950003315
12/02/2017;04:00:00;72.155619109254
12/02/2017;05:00:00;73.7266437935332
12/02/2017;06:00:00;75.6611126611836
12/02/2017;07:00:00;78.03014713731
12/02/2017;08:00:00;84.490006930511
12/02/2017;09:00:00;80.3666042226503
12/02/2017;10:00:00;72.7288570785142
12/02/2017;11:00:00;71.9859242757115
12/02/2017;12:00:00;71.6760978923093
12/02/2017;13:00:00;69.9239792768457
12/02/2017;14:00:00;69.5933185419667
12/02/2017;15:00:00;70.4313070615302
12/02/2017;16:00:00;69.3888044856901
12/02/2017;17:00:00;69.6539568159743
12/02/2017;18:00:00;69.9030839808271
12/02/2017;19:00:00;68.880439987097
12/02/2017;20:00:00;69.3811143674492
12/02/2017;21:00:00;69.2543282089167
12/02/2017;22:00:00;69.5191787071038
12/02/2017;23:00:00;69.8074654475456
12/03/2017;00:00:00;69.2708235264668
12/03/2017;01:00:00;68.9115137238717
12/03/2017;02:00:00;69.1531307588349
12/03/2017;03:00:00;68.7995046929979
12/03/2017;04:00:00;68.6561402482478
12/03/2017;05:00:00;68.8676901340071
12/03/2017;06:00:00;69.1629799028555
12/03/2017;07:00:00;69.0897161978627
12/03/2017;08:00:00;68.9836785503806
12/03/2017;09:00:00;68.8887612293974
12/03/2017;10:00:00;68.8228845018681
12/03/2017;11:00:00;69.0116718790676
12/03/2017;12:00:00;68.5403718672841
12/03/2017;13:00:00;68.9887921019237
12/03/2017;14:00:00;69.0805356139117
12/03/2017;15:00:00;68.6700621602213
12/03/2017;16:00:00;69.1105928894625
12/03/2017;17:00:00;68.8654480118501
12/03/2017;18:00:00;68.5569202421168
12/03/2017;19:00:00;68.6681837053413
12/03/2017;20:00:00;69.0902974185266
12/03/2017;21:00:00;68.9788287172186
12/03/2017;22:00:00;68.8009716733882
12/03/2017;23:00:00;67.5284838083568
12/04/2017;00:00:00;67.9996810367263
12/04/2017;01:00:00;68.852311153887
12/04/2017;02:00:00;68.613747689593
12/04/2017;03:00:00;68.0569627164812
12/04/2017;04:00:00;68.7463501984092
12/04/2017;05:00:00;68.6488930987022
12/04/2017;06:00:00;68.2929862789236
12/04/2017;07:00:00;68.14645478997
12/04/2017;08:00:00;69.1179748457178
12/04/2017;09:00:00;68.8400360286492
12/04/2017;10:00:00;69.5590030739795
12/04/2017;11:00:00;69.9565691616893
12/04/2017;12:00:00;69.3065675362164
12/04/2017;13:00:00;68.9616857697608
12/04/2017;14:00:00;68.8903387756211
12/04/2017;15:00:00;68.5418805985072
12/04/2017;16:00:00;68.7372580884056
12/04/2017;17:00:00;69.2264975878243
12/04/2017;18:00:00;69.6019446299538
12/04/2017;19:00:00;69.1939967354906
12/04/2017;20:00:00;69.1848446453564
12/04/2017;21:00:00;69.1155594239519
12/04/2017;22:00:00;69.1452145992226
12/04/2017;23:00:00;69.3170843176108
12/05/2017;00:00:00;69.3478252711678
12/05/2017;01:00:00;69.4163157601972
12/05/2017;02:00:00;69.7690470051741
12/05/2017;03:00:00;69.438689892287
12/05/2017;04:00:00;68.9422809744163
12/05/2017;05:00:00;68.7173971110641
12/05/2017;06:00:00;69.2968536631985
12/05/2017;07:00:00;69.7914008480331
12/05/2017;08:00:00;69.0415376057238
12/05/2017;09:00:00;69.1033306180417
12/05/2017;10:00:00;68.9774658406472
12/05/2017;11:00:00;69.1674198859668
12/05/2017;12:00:00;68.3183563706297
12/05/2017;13:00:00;68.7268873222397
12/05/2017;14:00:00;68.8879961514078
12/05/2017;15:00:00;69.3291056228193
12/05/2017;16:00:00;70.7185680748727
12/05/2017;17:00:00;69.7444438612656
12/05/2017;18:00:00;69.3797222216171
12/05/2017;19:00:00;70.1049002994181
12/05/2017;20:00:00;70.2942022986275
12/05/2017;21:00:00;71.4033853537157
12/05/2017;22:00:00;72.6887040734226
12/05/2017;23:00:00;72.7005171017959
12/06/2017;00:00:00;72.9411191652808
12/06/2017;01:00:00;71.4059821487584
12/06/2017;02:00:00;70.8762890967631
12/06/2017;03:00:00;69.7994246650371
12/06/2017;04:00:00;70.5733330170996
12/06/2017;05:00:00;71.036981422559
12/06/2017;06:00:00;71.0270594654053
12/06/2017;07:00:00;70.5674164470432
12/06/2017;08:00:00;71.1968534634052
12/06/2017;09:00:00;73.7476595173497
12/06/2017;10:00:00;77.200874180261
12/06/2017;11:00:00;77.3360137364485
12/06/2017;12:00:00;79.6923397379145
12/06/2017;13:00:00;81.1929783149676
12/06/2017;14:00:00;82.7379929313816
12/06/2017;15:00:00;83.0775094097008
12/06/2017;16:00:00;80.4912501906936
12/06/2017;17:00:00;80.946978627692
12/06/2017;18:00:00;80.795941683038
12/06/2017;19:00:00;80.5962497605766
12/06/2017;20:00:00;79.5175159407239
12/06/2017;21:00:00;79.3493019431023
12/06/2017;22:00:00;79.7098839358465
12/06/2017;23:00:00;79.5163098422913
12/07/2017;00:00:00;79.2925243842324
12/07/2017;01:00:00;79.3918740859894
12/07/2017;02:00:00;79.2662891228512
12/07/2017;03:00:00;79.2823888802058
12/07/2017;04:00:00;79.2362471647104
12/07/2017;05:00:00;79.21768137624
12/07/2017;06:00:00;79.1802263695973
12/07/2017;07:00:00;79.7582045796147
12/07/2017;08:00:00;79.7949210555904
12/07/2017;09:00:00;79.1321587118888
12/07/2017;10:00:00;79.3484761852484
12/07/2017;11:00:00;79.7453788482085
12/07/2017;12:00:00;79.5728177548087
12/07/2017;13:00:00;79.8852293910377
12/07/2017;14:00:00;79.8528949051217
12/07/2017;15:00:00;80.2497850690385
12/07/2017;16:00:00;80.1246168014673
12/07/2017;17:00:00;80.0780875080243
12/07/2017;18:00:00;79.7948886116408
12/07/2017;19:00:00;79.9511230834305
12/07/2017;20:00:00;80.1805714550736
12/07/2017;21:00:00;79.8398148769877
12/07/2017;22:00:00;79.6325300373039
12/07/2017;23:00:00;79.9733359524947
12/08/2017;00:00:00;80.1885205048856
12/08/2017;01:00:00;79.9961045860856
12/08/2017;02:00:00;80.0644384417675
12/08/2017;03:00:00;80.2094251509887
12/08/2017;04:00:00;80.2841565225225
12/08/2017;05:00:00;80.2427437929876
12/08/2017;06:00:00;80.1527136266477
12/08/2017;07:00:00;80.0183872198289
12/08/2017;08:00:00;81.1216561473921
12/08/2017;09:00:00;81.7126111927489
12/08/2017;10:00:00;83.8970699635946
12/08/2017;11:00:00;82.1242409490552
12/08/2017;12:00:00;81.1682497016985
12/08/2017;13:00:00;81.2680349331594
12/08/2017;14:00:00;81.5883521063396
12/08/2017;15:00:00;81.3568569589863
12/08/2017;16:00:00;81.5311913388764
12/08/2017;17:00:00;81.765136538532
12/08/2017;18:00:00;81.4752103280247
12/08/2017;19:00:00;81.2727442939279
12/08/2017;20:00:00;80.9914906670387
12/08/2017;21:00:00;81.3996808919183
12/08/2017;22:00:00;81.4674276895291
12/08/2017;23:00:00;81.081688988937
12/09/2017;00:00:00;81.1768788268321
12/09/2017;01:00:00;81.1543137334086
12/09/2017;02:00:00;81.2630905920211
12/09/2017;03:00:00;81.2383918014258
12/09/2017;04:00:00;81.1317065449708
12/09/2017;05:00:00;81.2192598749539
12/09/2017;06:00:00;81.4198658071336
12/09/2017;07:00:00;81.0939154631839
12/09/2017;08:00:00;81.111498969326
12/09/2017;09:00:00;81.1882078980676
12/09/2017;10:00:00;81.1388323473837
12/09/2017;11:00:00;81.1611717767201
12/09/2017;12:00:00;81.2230167805123
12/09/2017;13:00:00;80.9669179110231
12/09/2017;14:00:00;81.1062837858858
12/09/2017;15:00:00;81.4314483239991
12/09/2017;16:00:00;81.1562687607836
12/09/2017;17:00:00;81.3430904845966
12/09/2017;18:00:00;81.4892329895971
12/09/2017;19:00:00;81.1414495554878
12/09/2017;20:00:00;81.0541763062254
12/09/2017;21:00:00;80.944554939306
12/09/2017;22:00:00;80.7387950220818
12/09/2017;23:00:00;80.7719417774589
12/10/2017;00:00:00;80.8820014399844
12/10/2017;01:00:00;80.8911693446908
12/10/2017;02:00:00;81.0209244047493
12/10/2017;03:00:00;81.2051650612733
12/10/2017;04:00:00;80.9599367354225
12/10/2017;05:00:00;81.2046133852081
12/10/2017;06:00:00;81.1395537575499
12/10/2017;07:00:00;81.1623850473797
12/10/2017;08:00:00;80.9597122464066
12/10/2017;09:00:00;80.9503834574989
12/10/2017;10:00:00;80.7581926805711
12/10/2017;11:00:00;80.632017145846
12/10/2017;12:00:00;80.8555644601175
12/10/2017;13:00:00;81.094454172837
12/10/2017;14:00:00;81.1753896576994
12/10/2017;15:00:00;81.165804971104
12/10/2017;16:00:00;81.413175919621
12/10/2017;17:00:00;81.3693632872618
12/10/2017;18:00:00;81.1514746695314
12/10/2017;19:00:00;81.2893921324077
12/10/2017;20:00:00;81.2558155418087
12/10/2017;21:00:00;81.2711704706137
12/10/2017;22:00:00;81.2734127833416
12/10/2017;23:00:00;80.8676716408919
12/11/2017;00:00:00;80.8427264311602
12/11/2017;01:00:00;81.4481591298814
12/11/2017;02:00:00;81.4386398106205
12/11/2017;03:00:00;81.7415571081209
12/11/2017;04:00:00;81.4001553123775
12/11/2017;05:00:00;81.7468710810063
12/11/2017;06:00:00;82.423213552614
12/11/2017;07:00:00;82.2549658538113
12/11/2017;08:00:00;82.3452717531075
12/11/2017;09:00:00;82.2449832067178
12/11/2017;10:00:00;82.4779456365313
12/11/2017;11:00:00;82.5691025925806
12/11/2017;12:00:00;82.6324393919477
12/11/2017;13:00:00;83.443836061847
12/11/2017;14:00:00;83.9325961704262
12/11/2017;15:00:00;84.5714968553325
12/11/2017;16:00:00;84.7113317111559
12/11/2017;17:00:00;85.0467843198001
12/11/2017;18:00:00;84.8169759920505
12/11/2017;19:00:00;84.2825948336263
12/11/2017;20:00:00;84.1102301307633
12/11/2017;21:00:00;85.1918705293125
12/11/2017;22:00:00;84.1023339527275
12/11/2017;23:00:00;84.4283852154593
12/12/2017;00:00:00;84.5617302399842
12/12/2017;01:00:00;84.7327093283584
12/12/2017;02:00:00;84.5793017295896
12/12/2017;03:00:00;85.0750063524556
12/12/2017;04:00:00;84.6843492531857
12/12/2017;05:00:00;85.0313915731577
12/12/2017;06:00:00;85.0729583356683
12/12/2017;07:00:00;84.7850668133979
12/12/2017;08:00:00;84.909428525854
12/12/2017;09:00:00;84.4471315805834
12/12/2017;10:00:00;84.6586479877187
12/12/2017;11:00:00;84.458118056606
12/12/2017;12:00:00;84.6302298430959
12/12/2017;13:00:00;84.5010410370264
12/12/2017;14:00:00;81.8820423304138
12/12/2017;15:00:00;75.9743672954793
12/12/2017;16:00:00;74.2773513003145
12/12/2017;17:00:00;73.3345084316302
12/12/2017;18:00:00;71.6355023258324
12/12/2017;19:00:00;70.0654528734643
12/12/2017;20:00:00;69.5335397917694
12/12/2017;21:00:00;69.3474358684787
12/12/2017;22:00:00;69.340458204293
12/12/2017;23:00:00;69.2952106582527
12/13/2017;00:00:00;69.0993814569158
12/13/2017;01:00:00;68.9477685777669
12/13/2017;02:00:00;69.4906588092069
12/13/2017;03:00:00;69.7125495217899
12/13/2017;04:00:00;69.5712407552957
12/13/2017;05:00:00;69.5064604297151
12/13/2017;06:00:00;69.5163960704813
12/13/2017;07:00:00;69.5055342424127
12/13/2017;08:00:00;69.6306663767449
12/13/2017;09:00:00;69.6438848831496
12/13/2017;10:00:00;69.6559575344173
12/13/2017;11:00:00;69.6712698983814
12/13/2017;12:00:00;69.6922834268682
12/13/2017;13:00:00;69.8575913233845
12/13/2017;14:00:00;69.9493165998582
12/13/2017;15:00:00;69.6529550545279
12/13/2017;16:00:00;69.8359442258031
12/13/2017;17:00:00;70.0113338089462
12/13/2017;18:00:00;69.7334126095116
12/13/2017;19:00:00;69.6671502607508
12/13/2017;20:00:00;70.0315401548159
12/13/2017;21:00:00;70.2097284836021
12/13/2017;22:00:00;69.7155660999418
12/13/2017;23:00:00;69.8264066174976
12/14/2017;00:00:00;70.076293290761
12/14/2017;01:00:00;69.992625087348
12/14/2017;02:00:00;70.2433077345309
12/14/2017;03:00:00;69.8494778248438
12/14/2017;04:00:00;69.7476333721557
12/14/2017;05:00:00;69.9229468763992
12/14/2017;06:00:00;67.8442314600807
12/14/2017;07:00:00;67.3120061625118
12/14/2017;08:00:00;67.4902804787306
12/14/2017;09:00:00;68.3015414353485
12/14/2017;10:00:00;68.0638099005001
12/14/2017;11:00:00;68.3658270855782
12/14/2017;12:00:00;69.4930665540517
12/14/2017;13:00:00;69.257973870989
12/14/2017;14:00:00;69.2306630534258
12/14/2017;15:00:00;69.9244203648587
12/14/2017;16:00:00;69.6109926122501
12/14/2017;17:00:00;69.5374408182639
12/14/2017;18:00:00;69.2024449834748
12/14/2017;19:00:00;68.7112029584423
12/14/2017;20:00:00;69.2529866947931
12/14/2017;21:00:00;69.2440811552964
12/14/2017;22:00:00;69.1407919584572
12/14/2017;23:00:00;69.0276123137222
12/15/2017;00:00:00;69.0863753771069
12/15/2017;01:00:00;69.1439292935266
12/15/2017;02:00:00;69.2257677224269
12/15/2017;03:00:00;69.0415964575331
12/15/2017;04:00:00;69.1538943003803
12/15/2017;05:00:00;69.3141838093751
12/15/2017;06:00:00;69.1385898683975
12/15/2017;07:00:00;69.6818134462938
12/15/2017;08:00:00;69.9276388871793
12/15/2017;09:00:00;69.465675033536
12/15/2017;10:00:00;69.426964981745
12/15/2017;11:00:00;69.6990309812455
12/15/2017;12:00:00;69.2804568530536
12/15/2017;13:00:00;69.1666741816401
12/15/2017;14:00:00;68.9571331399064
12/15/2017;15:00:00;69.1542891087931
12/15/2017;16:00:00;69.2585488965286
12/15/2017;17:00:00;69.2126065659599
12/15/2017;18:00:00;69.1855552086342
12/15/2017;19:00:00;69.1290781378668
12/15/2017;20:00:00;69.8628315901282
12/15/2017;21:00:00;70.9657661743419
12/15/2017;22:00:00;70.0701500184886
12/15/2017;23:00:00;68.6314157353567
12/16/2017;00:00:00;68.6439200277289
12/16/2017;01:00:00;69.2657238079647
12/16/2017;02:00:00;68.7344593358884
12/16/2017;03:00:00;68.7154134146894
12/16/2017;04:00:00;69.0654002271038
12/16/2017;05:00:00;68.7396808782122
12/16/2017;06:00:00;68.4829713320657
12/16/2017;07:00:00;68.8787956901818
12/16/2017;08:00:00;69.0371300955915
12/16/2017;09:00:00;68.8897747932238
12/16/2017;10:00:00;69.2463980699594
12/16/2017;11:00:00;69.1789354133261
12/16/2017;12:00:00;68.8679714816774
12/16/2017;13:00:00;68.9892327515625
12/16/2017;14:00:00;69.1877163591654
12/16/2017;15:00:00;69.2835978418616
12/16/2017;16:00:00;69.4121337264475
12/16/2017;17:00:00;68.9720406763517
12/16/2017;18:00:00;68.9362091448934
12/16/2017;19:00:00;68.9274187761111
12/16/2017;20:00:00;69.2945736098726
12/16/2017;21:00:00;69.0070315600394
12/16/2017;22:00:00;68.9837001850676
12/16/2017;23:00:00;68.8386578582155
12/17/2017;00:00:00;69.1416225894694
12/17/2017;01:00:00;69.1414650115859
12/17/2017;02:00:00;69.7240209371723
12/17/2017;03:00:00;69.7754209559052
12/17/2017;04:00:00;69.4417369122528
12/17/2017;05:00:00;69.2196978421533
12/17/2017;06:00:00;69.3131203034619
12/17/2017;07:00:00;69.1885014101363
12/17/2017;08:00:00;69.1413302960885
12/17/2017;09:00:00;68.864414573789
12/17/2017;10:00:00;69.2140554078065
12/17/2017;11:00:00;69.2595584003358
12/17/2017;12:00:00;69.1636905125023
12/17/2017;13:00:00;69.0601808171981
12/17/2017;14:00:00;69.1315666914728
12/17/2017;15:00:00;69.1984802697814
12/17/2017;16:00:00;68.9835338853701
12/17/2017;17:00:00;69.2849690341798
12/17/2017;18:00:00;69.8560317613463
12/17/2017;19:00:00;69.3476823925977
12/17/2017;20:00:00;68.9548329023647
12/17/2017;21:00:00;69.354457743545
12/17/2017;22:00:00;69.3481445129638
