DATE;TIME;TI0350.PV
10/31/2017;00:00:00;76.0483901203954
10/31/2017;01:00:00;78.3028771395402
10/31/2017;02:00:00;79.7597832848416
10/31/2017;03:00:00;80.9268908042972
10/31/2017;04:00:00;81.3039307249298
10/31/2017;05:00:00;81.9395865924319
10/31/2017;06:00:00;81.3180743059098
10/31/2017;07:00:00;81.4006464275645
10/31/2017;08:00:00;82.7514790016441
10/31/2017;09:00:00;83.7276663164854
10/31/2017;10:00:00;84.8386517087953
10/31/2017;11:00:00;85.2368290290278
10/31/2017;12:00:00;85.3650581214876
10/31/2017;13:00:00;86.3463729736124
10/31/2017;14:00:00;87.647348507253
10/31/2017;15:00:00;88.7376795566885
10/31/2017;16:00:00;89.6512010398295
10/31/2017;17:00:00;88.6048961643551
10/31/2017;18:00:00;86.406627530033
10/31/2017;19:00:00;84.9146685281416
10/31/2017;20:00:00;84.4191811815973
10/31/2017;21:00:00;84.4963865518444
10/31/2017;22:00:00;84.4881912639871
10/31/2017;23:00:00;84.5626471555355
11/01/2017;00:00:00;84.629585422454
11/01/2017;01:00:00;84.7816755216772
11/01/2017;02:00:00;84.6287531222145
11/01/2017;03:00:00;84.4941670569826
11/01/2017;04:00:00;84.758336368377
11/01/2017;05:00:00;85.2558268401281
11/01/2017;06:00:00;86.1612409071322
11/01/2017;07:00:00;86.7321025141909
11/01/2017;08:00:00;86.6933938285302
11/01/2017;09:00:00;86.7640992359216
11/01/2017;10:00:00;87.6453972298796
11/01/2017;11:00:00;88.0500064734502
11/01/2017;12:00:00;88.4494837112548
11/01/2017;13:00:00;88.6249569960317
11/01/2017;14:00:00;89.0413828280729
11/01/2017;15:00:00;89.8956849708878
11/01/2017;16:00:00;89.5340451972255
11/01/2017;17:00:00;89.2876426446402
11/01/2017;18:00:00;89.051255547846
11/01/2017;19:00:00;89.4095802517107
11/01/2017;20:00:00;89.5140367617022
11/01/2017;21:00:00;89.4402881189062
11/01/2017;22:00:00;89.6688793194566
11/01/2017;23:00:00;89.6265285414529
11/02/2017;00:00:00;89.7940363994995
11/02/2017;01:00:00;89.7576356575735
11/02/2017;02:00:00;89.6850385826094
11/02/2017;03:00:00;89.7999604250507
11/02/2017;04:00:00;89.8857058721093
11/02/2017;05:00:00;90.2633312381418
11/02/2017;06:00:00;90.2936874631304
11/02/2017;07:00:00;90.2487482067603
11/02/2017;08:00:00;89.9536262098811
11/02/2017;09:00:00;89.8346483568812
11/02/2017;10:00:00;89.8286199395453
11/02/2017;11:00:00;89.8998597695608
11/02/2017;12:00:00;89.964330195408
11/02/2017;13:00:00;89.4129208757368
11/02/2017;14:00:00;89.3269371802115
11/02/2017;15:00:00;89.5154239296436
11/02/2017;16:00:00;89.3607029966163
11/02/2017;17:00:00;89.3429204292468
11/02/2017;18:00:00;88.5265477373211
11/02/2017;19:00:00;88.0606894882596
11/02/2017;20:00:00;88.1941301436333
11/02/2017;21:00:00;88.2366396493202
11/02/2017;22:00:00;88.5385464288903
11/02/2017;23:00:00;89.0309625646608
11/03/2017;00:00:00;88.7841125458918
11/03/2017;01:00:00;88.5034542946139
11/03/2017;02:00:00;89.0834784807557
11/03/2017;03:00:00;88.8492714671466
11/03/2017;04:00:00;88.4674643342321
11/03/2017;05:00:00;88.7923858017067
11/03/2017;06:00:00;89.6044331453896
11/03/2017;07:00:00;89.7855563144158
11/03/2017;08:00:00;89.8747568242486
11/03/2017;09:00:00;89.9537170531585
11/03/2017;10:00:00;90.1201344786445
11/03/2017;11:00:00;90.7673601628658
11/03/2017;12:00:00;91.2265346855595
11/03/2017;13:00:00;91.8654045186739
11/03/2017;14:00:00;92.6213791110807
11/03/2017;15:00:00;92.2878615953311
11/03/2017;16:00:00;92.1311817051633
11/03/2017;17:00:00;91.8966743284242
11/03/2017;18:00:00;91.4763968854743
11/03/2017;19:00:00;91.1022363760842
11/03/2017;20:00:00;90.116682025163
11/03/2017;21:00:00;90.0675647756804
11/03/2017;22:00:00;90.2128543498098
11/03/2017;23:00:00;90.2711074664241
11/04/2017;00:00:00;90.6395853425093
11/04/2017;01:00:00;91.3162372801853
11/04/2017;02:00:00;91.8618355470209
11/04/2017;03:00:00;91.6465107047754
11/04/2017;04:00:00;91.6325061586986
11/04/2017;05:00:00;91.6648663711107
11/04/2017;06:00:00;91.5540323524725
11/04/2017;07:00:00;91.2813936817648
11/04/2017;08:00:00;91.2096242564431
11/04/2017;09:00:00;91.4374598016103
11/04/2017;10:00:00;91.8168084991566
11/04/2017;11:00:00;93.0408099981982
11/04/2017;12:00:00;93.8040521219825
11/04/2017;13:00:00;94.0328807623685
11/04/2017;14:00:00;94.6563803146812
11/04/2017;15:00:00;95.4846568026541
11/04/2017;16:00:00;94.6685766066443
11/04/2017;17:00:00;92.5534336807355
11/04/2017;18:00:00;91.5658834882283
11/04/2017;19:00:00;91.8802980961598
11/04/2017;20:00:00;92.2088859634946
11/04/2017;21:00:00;92.6359609949663
11/04/2017;22:00:00;93.6391405282979
11/04/2017;23:00:00;94.453607566455
11/05/2017;00:00:00;94.3726419799762
11/05/2017;01:00:00;97.285385917921
11/05/2017;02:00:00;101.952582013865
11/05/2017;03:00:00;101.892967520324
11/05/2017;04:00:00;101.922336409862
11/05/2017;05:00:00;102.526411992817
11/05/2017;06:00:00;103.125755328271
11/05/2017;07:00:00;103.67673532406
11/05/2017;08:00:00;104.112088872387
11/05/2017;09:00:00;104.644013290771
11/05/2017;10:00:00;104.132516926442
11/05/2017;11:00:00;103.821537608899
11/05/2017;12:00:00;104.14555656741
11/05/2017;13:00:00;104.349042546158
11/05/2017;14:00:00;104.217226256017
11/05/2017;15:00:00;104.266954048883
11/05/2017;16:00:00;102.747670431185
11/05/2017;17:00:00;101.088082432656
11/05/2017;18:00:00;100.01438873409
11/05/2017;19:00:00;99.4630035530067
11/05/2017;20:00:00;98.6923621384949
11/05/2017;21:00:00;98.2391795676624
11/05/2017;22:00:00;99.0363913894095
11/05/2017;23:00:00;99.4562501696234
11/06/2017;00:00:00;99.1943438038459
11/06/2017;01:00:00;99.8451508419376
11/06/2017;02:00:00;101.622344299802
11/06/2017;03:00:00;101.878272933775
11/06/2017;04:00:00;101.694033318193
11/06/2017;05:00:00;101.764444742723
11/06/2017;06:00:00;101.772151228908
11/06/2017;07:00:00;101.78188019001
11/06/2017;08:00:00;102.168740196037
11/06/2017;09:00:00;101.963616672302
11/06/2017;10:00:00;101.990722386509
11/06/2017;11:00:00;102.387609836742
11/06/2017;12:00:00;102.150451412534
11/06/2017;13:00:00;101.597373353532
11/06/2017;14:00:00;100.937587264428
11/06/2017;15:00:00;101.512566466127
11/06/2017;16:00:00;101.89249357953
11/06/2017;17:00:00;102.238821452157
11/06/2017;18:00:00;102.323955155573
11/06/2017;19:00:00;102.381658337038
11/06/2017;20:00:00;102.643406951299
11/06/2017;21:00:00;102.382715541447
11/06/2017;22:00:00;102.466670517045
11/06/2017;23:00:00;102.227080660918
11/07/2017;00:00:00;102.16661602665
11/07/2017;01:00:00;101.701475806764
11/07/2017;02:00:00;100.515291299865
11/07/2017;03:00:00;99.3025877988304
11/07/2017;04:00:00;98.9357724190088
11/07/2017;05:00:00;98.8051376427809
11/07/2017;06:00:00;98.4720921797028
11/07/2017;07:00:00;98.3152953657046
11/07/2017;08:00:00;97.8084712747331
11/07/2017;09:00:00;97.068201214108
11/07/2017;10:00:00;96.4766903785644
11/07/2017;11:00:00;96.4104095649106
11/07/2017;12:00:00;96.2244506778476
11/07/2017;13:00:00;96.1372268355501
11/07/2017;14:00:00;95.8900057566567
11/07/2017;15:00:00;95.5752651411322
11/07/2017;16:00:00;95.0255981673288
11/07/2017;17:00:00;94.8715326602159
11/07/2017;18:00:00;94.8238837573128
11/07/2017;19:00:00;95.2348483206544
11/07/2017;20:00:00;95.5991768198177
11/07/2017;21:00:00;95.8720807865194
11/07/2017;22:00:00;96.8211987115107
11/07/2017;23:00:00;97.2896316916176
11/08/2017;00:00:00;97.3847208968828
11/08/2017;01:00:00;97.1055620733617
11/08/2017;02:00:00;97.2555493776944
11/08/2017;03:00:00;97.0876449285504
11/08/2017;04:00:00;97.6037536781911
11/08/2017;05:00:00;97.4441768866347
11/08/2017;06:00:00;95.6792666217492
11/08/2017;07:00:00;95.2802660638201
11/08/2017;08:00:00;96.4510977674611
11/08/2017;09:00:00;96.815411125287
11/08/2017;10:00:00;96.5345917807774
11/08/2017;11:00:00;95.9748693309605
11/08/2017;12:00:00;96.2888884679252
11/08/2017;13:00:00;96.5668088821293
11/08/2017;14:00:00;96.4718252620045
11/08/2017;15:00:00;96.5634483709703
11/08/2017;16:00:00;96.5030061467124
11/08/2017;17:00:00;96.7856231724523
11/08/2017;18:00:00;96.8438198482672
11/08/2017;19:00:00;96.7900725232318
11/08/2017;20:00:00;96.3461369970059
11/08/2017;21:00:00;95.470845116709
11/08/2017;22:00:00;95.0322184701918
11/08/2017;23:00:00;94.7068276253049
11/09/2017;00:00:00;94.6754144229211
11/09/2017;01:00:00;95.7347168284034
11/09/2017;02:00:00;96.4122044252838
11/09/2017;03:00:00;96.8303701379121
11/09/2017;04:00:00;96.6591011510981
11/09/2017;05:00:00;96.5076358164203
11/09/2017;06:00:00;96.9519479386648
11/09/2017;07:00:00;97.1631827504873
11/09/2017;08:00:00;99.8307916644576
11/09/2017;09:00:00;101.497696889517
11/09/2017;10:00:00;102.357008998127
11/09/2017;11:00:00;102.812222290119
11/09/2017;12:00:00;102.800003383636
11/09/2017;13:00:00;102.747776012944
11/09/2017;14:00:00;102.339620992696
11/09/2017;15:00:00;102.048006549121
11/09/2017;16:00:00;101.959480545721
11/09/2017;17:00:00;101.216756043486
11/09/2017;18:00:00;100.750759986906
11/09/2017;19:00:00;101.216663728555
11/09/2017;20:00:00;101.381526186642
11/09/2017;21:00:00;100.216410319283
11/09/2017;22:00:00;99.8902129753949
11/09/2017;23:00:00;100.017025150877
11/10/2017;00:00:00;100.486092200107
11/10/2017;01:00:00;100.834159382991
11/10/2017;02:00:00;101.63874716858
11/10/2017;03:00:00;102.103888971566
11/10/2017;04:00:00;101.937641392376
11/10/2017;05:00:00;102.221522643569
11/10/2017;06:00:00;102.680350410981
11/10/2017;07:00:00;102.448838237281
11/10/2017;08:00:00;101.626810562115
11/10/2017;09:00:00;101.30736738843
11/10/2017;10:00:00;101.525502336279
11/10/2017;11:00:00;102.164084007218
11/10/2017;12:00:00;102.547422909899
11/10/2017;13:00:00;102.643146077159
11/10/2017;14:00:00;102.413990651549
11/10/2017;15:00:00;102.207779750574
11/10/2017;16:00:00;101.963901970102
11/10/2017;17:00:00;102.468612785134
11/10/2017;18:00:00;102.328684665473
11/10/2017;19:00:00;102.177433542519
11/10/2017;20:00:00;102.023199947853
11/10/2017;21:00:00;101.902160180193
11/10/2017;22:00:00;101.44898186987
11/10/2017;23:00:00;100.671817389799
11/11/2017;00:00:00;100.504865360533
11/11/2017;01:00:00;100.004181822265
11/11/2017;02:00:00;99.5756875532947
11/11/2017;03:00:00;99.0938988310904
11/11/2017;04:00:00;98.8889000642506
11/11/2017;05:00:00;99.1092208465308
11/11/2017;06:00:00;99.5093050593834
11/11/2017;07:00:00;99.6849305237502
11/11/2017;08:00:00;99.4227836074202
11/11/2017;09:00:00;98.5855743255641
11/11/2017;10:00:00;98.3164832894344
11/11/2017;11:00:00;98.2912328752453
11/11/2017;12:00:00;98.5181950571142
11/11/2017;13:00:00;99.0384016118389
11/11/2017;14:00:00;99.5579075943434
11/11/2017;15:00:00;99.9706977305222
11/11/2017;16:00:00;99.9066665607697
11/11/2017;17:00:00;100.29208167223
11/11/2017;18:00:00;99.8753861093708
11/11/2017;19:00:00;100.278510625329
11/11/2017;20:00:00;100.598054894473
11/11/2017;21:00:00;99.7137571070724
11/11/2017;22:00:00;99.9443062221857
11/11/2017;23:00:00;99.776393633442
11/12/2017;00:00:00;99.9013563054685
11/12/2017;01:00:00;99.8822569797857
11/12/2017;02:00:00;99.7397305562622
11/12/2017;03:00:00;98.9650204898118
11/12/2017;04:00:00;97.9480795484046
11/12/2017;05:00:00;97.3818023635038
11/12/2017;06:00:00;97.7215256173634
11/12/2017;07:00:00;97.9417960458076
11/12/2017;08:00:00;97.9443128010654
11/12/2017;09:00:00;98.0069504554087
11/12/2017;10:00:00;98.0133399557442
11/12/2017;11:00:00;98.8372967458473
11/12/2017;12:00:00;99.7629460517367
11/12/2017;13:00:00;100.406940574243
11/12/2017;14:00:00;101.069420886694
11/12/2017;15:00:00;101.690423223564
11/12/2017;16:00:00;102.093065666916
11/12/2017;17:00:00;102.012632698329
11/12/2017;18:00:00;102.610274193689
11/12/2017;19:00:00;102.224518305583
11/12/2017;20:00:00;101.13403113111
11/12/2017;21:00:00;100.832115927676
11/12/2017;22:00:00;99.3935559651931
11/12/2017;23:00:00;97.618283840996
11/13/2017;00:00:00;97.6447906246273
11/13/2017;01:00:00;97.4705782133279
11/13/2017;02:00:00;96.7320861436838
11/13/2017;03:00:00;96.7329346442969
11/13/2017;04:00:00;96.6137603010995
11/13/2017;05:00:00;96.7299842050715
11/13/2017;06:00:00;96.781806994431
11/13/2017;07:00:00;97.0356869532305
11/13/2017;08:00:00;98.1040189262
11/13/2017;09:00:00;98.4787535453441
11/13/2017;10:00:00;99.1453967112436
11/13/2017;11:00:00;99.9711195441046
11/13/2017;12:00:00;100.431094479106
11/13/2017;13:00:00;100.995213035337
11/13/2017;14:00:00;101.443026707224
11/13/2017;15:00:00;101.45416279946
11/13/2017;16:00:00;101.314455210608
11/13/2017;17:00:00;101.48721920349
11/13/2017;18:00:00;101.633916741147
11/13/2017;19:00:00;100.246972306253
11/13/2017;20:00:00;99.4061114872237
11/13/2017;21:00:00;99.8156829510405
11/13/2017;22:00:00;100.115286314429
11/13/2017;23:00:00;100.079173137361
11/14/2017;00:00:00;100.460135396309
11/14/2017;01:00:00;100.940278916179
11/14/2017;02:00:00;101.084168169896
11/14/2017;03:00:00;100.680300013838
11/14/2017;04:00:00;99.5619557026789
11/14/2017;05:00:00;98.8680657092576
11/14/2017;06:00:00;98.7072337635299
11/14/2017;07:00:00;98.1099114762184
11/14/2017;08:00:00;97.8073290899221
11/14/2017;09:00:00;98.8292816618469
11/14/2017;10:00:00;99.8844318569179
11/14/2017;11:00:00;100.076804331632
11/14/2017;12:00:00;100.117555551033
11/14/2017;13:00:00;99.9964877565622
11/14/2017;14:00:00;99.7803389915045
11/14/2017;15:00:00;100.036114576938
11/14/2017;16:00:00;100.812180770331
11/14/2017;17:00:00;101.296286432857
11/14/2017;18:00:00;100.95042528648
11/14/2017;19:00:00;100.772925547509
11/14/2017;20:00:00;100.701946845607
11/14/2017;21:00:00;100.704202261817
11/14/2017;22:00:00;100.218876903828
11/14/2017;23:00:00;100.571395624396
11/15/2017;00:00:00;100.636121446952
11/15/2017;01:00:00;100.487912345045
11/15/2017;02:00:00;100.090282892614
11/15/2017;03:00:00;99.9834748584579
11/15/2017;04:00:00;99.9670897256911
11/15/2017;05:00:00;100.131599548948
11/15/2017;06:00:00;100.30730192113
11/15/2017;07:00:00;100.835810089289
11/15/2017;08:00:00;101.497906042008
11/15/2017;09:00:00;101.793196261622
11/15/2017;10:00:00;102.136734256301
11/15/2017;11:00:00;102.306525492038
11/15/2017;12:00:00;102.405829800027
11/15/2017;13:00:00;102.384991281364
11/15/2017;14:00:00;103.115980347724
11/15/2017;15:00:00;103.532198555801
11/15/2017;16:00:00;103.867902095459
11/15/2017;17:00:00;105.390947582983
11/15/2017;18:00:00;105.616523777352
11/15/2017;19:00:00;105.761674117728
11/15/2017;20:00:00;106.195133621382
11/15/2017;21:00:00;106.416665070212
11/15/2017;22:00:00;106.776701259259
11/15/2017;23:00:00;107.261071561936
11/16/2017;00:00:00;107.472229305086
11/16/2017;01:00:00;107.432506190609
11/16/2017;02:00:00;106.890020089386
11/16/2017;03:00:00;105.908195646546
11/16/2017;04:00:00;105.892017742269
11/16/2017;05:00:00;105.924995515253
11/16/2017;06:00:00;106.172568815151
11/16/2017;07:00:00;106.931376731345
11/16/2017;08:00:00;106.849314701645
11/16/2017;09:00:00;106.87223431699
11/16/2017;10:00:00;107.511443571114
11/16/2017;11:00:00;107.855829699421
11/16/2017;12:00:00;108.164499662264
11/16/2017;13:00:00;108.249452334268
11/16/2017;14:00:00;108.327505914285
11/16/2017;15:00:00;101.083853538039
11/16/2017;16:00:00;97.4855846821459
11/16/2017;17:00:00;95.0462826641023
11/16/2017;18:00:00;93.1496718784597
11/16/2017;19:00:00;92.9451978807759
11/16/2017;20:00:00;92.8143142095097
11/16/2017;21:00:00;92.9296466712932
11/16/2017;22:00:00;93.1580048229287
11/16/2017;23:00:00;92.5059743695653
11/17/2017;00:00:00;92.2776568928457
11/17/2017;01:00:00;91.8477859205513
11/17/2017;02:00:00;91.6151911142194
11/17/2017;03:00:00;91.6306026886064
11/17/2017;04:00:00;91.5922740850351
11/17/2017;05:00:00;90.9958581940008
11/17/2017;06:00:00;90.5567456150251
11/17/2017;07:00:00;91.0865743130604
11/17/2017;08:00:00;90.9925060574402
11/17/2017;09:00:00;90.5409890140179
11/17/2017;10:00:00;90.4572133850478
11/17/2017;11:00:00;91.0573729494846
11/17/2017;12:00:00;90.5387547428701
11/17/2017;13:00:00;89.8048764983311
11/17/2017;14:00:00;89.1645162591306
11/17/2017;15:00:00;89.8580444976994
11/17/2017;16:00:00;90.742419805993
11/17/2017;17:00:00;91.2555474332972
11/17/2017;18:00:00;90.8972434269587
11/17/2017;19:00:00;90.4333415335538
11/17/2017;20:00:00;89.8755683531901
11/17/2017;21:00:00;88.5872617985742
11/17/2017;22:00:00;88.0375121605724
11/17/2017;23:00:00;87.8595803116139
11/18/2017;00:00:00;87.0462718614551
11/18/2017;01:00:00;86.1022933393656
11/18/2017;02:00:00;86.7256223284103
11/18/2017;03:00:00;87.9098448896531
11/18/2017;04:00:00;88.541668724881
11/18/2017;05:00:00;88.376389681504
11/18/2017;06:00:00;88.5043120136678
11/18/2017;07:00:00;88.0059823655302
11/18/2017;08:00:00;87.7455610228738
11/18/2017;09:00:00;87.5900043930978
11/18/2017;10:00:00;87.8308250367457
11/18/2017;11:00:00;88.990959120274
11/18/2017;12:00:00;90.0080573360725
11/18/2017;13:00:00;90.4623487277515
11/18/2017;14:00:00;90.7232718910694
11/18/2017;15:00:00;90.957015639996
11/18/2017;16:00:00;90.6927851138953
11/18/2017;17:00:00;89.7540530113289
11/18/2017;18:00:00;89.1847280830721
11/18/2017;19:00:00;89.4137422860624
11/18/2017;20:00:00;89.7169442141737
11/18/2017;21:00:00;89.5716771145673
11/18/2017;22:00:00;88.610715459124
11/18/2017;23:00:00;87.6016766344374
11/19/2017;00:00:00;86.4783459092124
11/19/2017;01:00:00;86.5977850620843
11/19/2017;02:00:00;86.5859742390216
11/19/2017;03:00:00;86.6769516177813
11/19/2017;04:00:00;87.1105534592397
11/19/2017;05:00:00;87.4883671300929
11/19/2017;06:00:00;87.7666175969116
11/19/2017;07:00:00;87.8402413732993
11/19/2017;08:00:00;88.0644768711648
11/19/2017;09:00:00;88.1838266533663
11/19/2017;10:00:00;88.5436643922573
11/19/2017;11:00:00;88.8643140099596
11/19/2017;12:00:00;89.2308378041519
11/19/2017;13:00:00;89.2390368325899
11/19/2017;14:00:00;89.2458332894267
11/19/2017;15:00:00;88.7239656145343
11/19/2017;16:00:00;88.9454887206967
11/19/2017;17:00:00;88.79444016018
11/19/2017;18:00:00;88.8768144998033
11/19/2017;19:00:00;88.2641658109682
11/19/2017;20:00:00;88.3191737914975
11/19/2017;21:00:00;87.5060091722078
11/19/2017;22:00:00;87.4283795952236
11/19/2017;23:00:00;87.270421472182
11/20/2017;00:00:00;87.5106838503269
11/20/2017;01:00:00;87.5084153637476
11/20/2017;02:00:00;87.545349322269
11/20/2017;03:00:00;87.3226413349611
11/20/2017;04:00:00;86.5777970595781
11/20/2017;05:00:00;85.3350291135469
11/20/2017;06:00:00;84.8997254248081
11/20/2017;07:00:00;84.9970956662335
11/20/2017;08:00:00;84.8997205950179
11/20/2017;09:00:00;84.95570478347
11/20/2017;10:00:00;84.7722341725741
11/20/2017;11:00:00;84.4481493699886
11/20/2017;12:00:00;84.6605848017675
11/20/2017;13:00:00;84.2121030349817
11/20/2017;14:00:00;83.8926533956986
11/20/2017;15:00:00;83.8114816550348
11/20/2017;16:00:00;83.9652760171248
11/20/2017;17:00:00;83.7835221370057
11/20/2017;18:00:00;84.0772283312301
11/20/2017;19:00:00;84.4623537000385
11/20/2017;20:00:00;85.5372136581856
11/20/2017;21:00:00;86.3692302414036
11/20/2017;22:00:00;87.0006300517262
11/20/2017;23:00:00;87.2284798577409
11/21/2017;00:00:00;87.1131830300211
11/21/2017;01:00:00;86.9108461989498
11/21/2017;02:00:00;86.5495914862103
11/21/2017;03:00:00;86.1920891448928
11/21/2017;04:00:00;86.2080575797696
11/21/2017;05:00:00;86.6004104539175
11/21/2017;06:00:00;86.9280472325505
11/21/2017;07:00:00;86.9486236144293
11/21/2017;08:00:00;84.8162946774199
11/21/2017;09:00:00;83.0451091390733
11/21/2017;10:00:00;83.9700275501364
11/21/2017;11:00:00;85.5058040510649
11/21/2017;12:00:00;86.8919233529146
11/21/2017;13:00:00;87.7400044623939
11/21/2017;14:00:00;87.0152462464609
11/21/2017;15:00:00;86.557832222218
11/21/2017;16:00:00;87.5413647110282
11/21/2017;17:00:00;87.619603103959
11/21/2017;18:00:00;85.8853039969889
11/21/2017;19:00:00;85.8827510438864
11/21/2017;20:00:00;85.3847311794184
11/21/2017;21:00:00;85.013483410511
11/21/2017;22:00:00;85.0380454040582
11/21/2017;23:00:00;85.576337196518
11/22/2017;00:00:00;84.0184194265845
11/22/2017;01:00:00;83.2171037137732
11/22/2017;02:00:00;82.3651375283304
11/22/2017;03:00:00;82.5623732743372
11/22/2017;04:00:00;82.6810990978466
11/22/2017;05:00:00;83.0077774246072
11/22/2017;06:00:00;83.2501389546657
11/22/2017;07:00:00;83.3050038013729
11/22/2017;08:00:00;83.429441254235
11/22/2017;09:00:00;83.7069528192876
11/22/2017;10:00:00;83.1954966693926
11/22/2017;11:00:00;82.6277832617327
11/22/2017;12:00:00;82.557432087304
11/22/2017;13:00:00;83.8507867383976
11/22/2017;14:00:00;85.6944419731571
11/22/2017;15:00:00;86.4114558099118
11/22/2017;16:00:00;85.8409147735626
11/22/2017;17:00:00;86.834711128362
11/22/2017;18:00:00;87.1324994211523
11/22/2017;19:00:00;87.4723610373243
11/22/2017;20:00:00;87.9545662050048
11/22/2017;21:00:00;89.5502726022222
11/22/2017;22:00:00;91.2095587098989
11/22/2017;23:00:00;92.6256799124595
11/23/2017;00:00:00;93.2565385930685
11/23/2017;01:00:00;93.2050793427464
11/23/2017;02:00:00;93.0003442338682
11/23/2017;03:00:00;93.1979106380883
11/23/2017;04:00:00;93.7332018553266
11/23/2017;05:00:00;94.2216544456234
11/23/2017;06:00:00;94.2040325333167
11/23/2017;07:00:00;94.548482194255
11/23/2017;08:00:00;93.2293345224267
11/23/2017;09:00:00;92.0718160255034
11/23/2017;10:00:00;93.0301156469089
11/23/2017;11:00:00;94.3001174036654
11/23/2017;12:00:00;95.1206768990786
11/23/2017;13:00:00;95.8795212513507
11/23/2017;14:00:00;95.9032660221652
11/23/2017;15:00:00;96.2488940917975
11/23/2017;16:00:00;95.1879300204132
11/23/2017;17:00:00;94.5716765258566
11/23/2017;18:00:00;94.6798614470693
11/23/2017;19:00:00;95.0798434384253
11/23/2017;20:00:00;95.2969526120894
11/23/2017;21:00:00;94.5709793815978
11/23/2017;22:00:00;93.3625983035347
11/23/2017;23:00:00;93.016450304885
11/24/2017;00:00:00;93.0668146979763
11/24/2017;01:00:00;92.8581297700067
11/24/2017;02:00:00;92.8434054156335
11/24/2017;03:00:00;93.0123630923119
11/24/2017;04:00:00;93.2527624080133
11/24/2017;05:00:00;93.3754345936753
11/24/2017;06:00:00;93.3265328162961
11/24/2017;07:00:00;93.1765305488009
11/24/2017;08:00:00;93.0486252504489
11/24/2017;09:00:00;93.3008229976983
11/24/2017;10:00:00;93.7313812701426
11/24/2017;11:00:00;94.7644472267624
11/24/2017;12:00:00;95.2600748809964
11/24/2017;13:00:00;95.7900458953934
11/24/2017;14:00:00;95.9852872133823
11/24/2017;15:00:00;95.3704342346365
11/24/2017;16:00:00;95.3895847827572
11/24/2017;17:00:00;96.2197086576365
11/24/2017;18:00:00;95.9979841179681
11/24/2017;19:00:00;95.0590964998749
11/24/2017;20:00:00;94.7182671478041
11/24/2017;21:00:00;94.7506899656585
11/24/2017;22:00:00;94.7272263614683
11/24/2017;23:00:00;94.4541855494358
11/25/2017;00:00:00;94.0545205834357
11/25/2017;01:00:00;93.8631258836314
11/25/2017;02:00:00;94.0395804318636
11/25/2017;03:00:00;93.9807028627641
11/25/2017;04:00:00;92.225718181965
11/25/2017;05:00:00;91.648345391913
11/25/2017;06:00:00;91.3432042004512
11/25/2017;07:00:00;91.5912995636854
11/25/2017;08:00:00;91.9718717853181
11/25/2017;09:00:00;90.4531822191738
11/25/2017;10:00:00;89.0543259846469
11/25/2017;11:00:00;88.2105862555871
11/25/2017;12:00:00;88.0215257281562
11/25/2017;13:00:00;88.6381983743053
11/25/2017;14:00:00;89.3155263506203
11/25/2017;15:00:00;92.3538669112372
11/25/2017;16:00:00;94.2027649375567
11/25/2017;17:00:00;94.1394492398555
11/25/2017;18:00:00;93.7747383875663
11/25/2017;19:00:00;93.5369447080563
11/25/2017;20:00:00;92.5822534477056
11/25/2017;21:00:00;90.7974059934138
11/25/2017;22:00:00;89.1120972525493
11/25/2017;23:00:00;87.8516825131859
11/26/2017;00:00:00;86.6726538210324
11/26/2017;01:00:00;84.5801953543694
11/26/2017;02:00:00;82.8965441798045
11/26/2017;03:00:00;83.5188766028596
11/26/2017;04:00:00;83.5905571201432
11/26/2017;05:00:00;84.229722196307
11/26/2017;06:00:00;84.9879272379858
11/26/2017;07:00:00;84.4937540767586
11/26/2017;08:00:00;84.9465211678142
11/26/2017;09:00:00;85.1161129007477
11/26/2017;10:00:00;84.0920253861344
11/26/2017;11:00:00;83.8227178098915
11/26/2017;12:00:00;83.8366158133492
11/26/2017;13:00:00;84.7664298435909
11/26/2017;14:00:00;84.6043023376494
11/26/2017;15:00:00;85.0084929717516
11/26/2017;16:00:00;84.5805662811852
11/26/2017;17:00:00;85.5431838411331
11/26/2017;18:00:00;85.9308373008703
11/26/2017;19:00:00;85.8905544178267
11/26/2017;20:00:00;86.4147120427281
11/26/2017;21:00:00;86.6376454538668
11/26/2017;22:00:00;86.5580520548739
11/26/2017;23:00:00;86.620977057735
11/27/2017;00:00:00;86.5164083473489
11/27/2017;01:00:00;86.2629174083394
11/27/2017;02:00:00;86.0698656724531
11/27/2017;03:00:00;85.9755633156691
11/27/2017;04:00:00;85.6445900865695
11/27/2017;05:00:00;85.7288732962463
11/27/2017;06:00:00;86.3745838542307
11/27/2017;07:00:00;89.8355209327835
11/27/2017;08:00:00;90.7204618986982
11/27/2017;09:00:00;86.4878921931137
11/27/2017;10:00:00;66.036373025031
11/27/2017;11:00:00;49.1064628724426
11/27/2017;12:00:00;36.5129051370146
11/27/2017;13:00:00;29.242580837052
11/27/2017;14:00:00;26.0733726588392
11/27/2017;15:00:00;24.7637640053028
11/27/2017;16:00:00;23.5625254810623
11/27/2017;17:00:00;21.4254529427878
11/27/2017;18:00:00;19.9897156535618
11/27/2017;19:00:00;18.8685218973781
11/27/2017;20:00:00;17.7705723937695
11/27/2017;21:00:00;17.1806538134985
11/27/2017;22:00:00;16.6693595807349
11/27/2017;23:00:00;16.3536150717896
11/28/2017;00:00:00;15.9252902446237
11/28/2017;01:00:00;14.9326437279191
11/28/2017;02:00:00;13.2886408087528
11/28/2017;03:00:00;12.5437546658722
11/28/2017;04:00:00;12.8594451759741
11/28/2017;05:00:00;12.8916630361229
11/28/2017;06:00:00;12.8316749592904
11/28/2017;07:00:00;12.975262070334
11/28/2017;08:00:00;13.6312462687122
11/28/2017;09:00:00;14.2466606587035
11/28/2017;10:00:00;14.6700033993579
11/28/2017;11:00:00;14.6187408768487
11/28/2017;12:00:00;14.8528580635744
11/28/2017;13:00:00;15.3517255043094
11/28/2017;14:00:00;15.2823955070647
11/28/2017;15:00:00;14.9747017233001
11/28/2017;16:00:00;14.9566682503481
11/28/2017;17:00:00;16.058037961844
11/28/2017;18:00:00;16.9533059775861
11/28/2017;19:00:00;18.2136037600653
11/28/2017;20:00:00;18.6077752441092
11/28/2017;21:00:00;18.9148582399878
11/28/2017;22:00:00;19.8202543744683
11/28/2017;23:00:00;21.1723389983358
11/29/2017;00:00:00;21.1537599536004
11/29/2017;01:00:00;20.556999972614
11/29/2017;02:00:00;20.1366145288068
11/29/2017;03:00:00;19.9100099215236
11/29/2017;04:00:00;19.1461345371193
11/29/2017;05:00:00;18.2023524432324
11/29/2017;06:00:00;18.6223742377752
11/29/2017;07:00:00;17.4823749043964
11/29/2017;08:00:00;17.2915250014823
11/29/2017;09:00:00;18.3008155208837
11/29/2017;10:00:00;18.7664042392199
11/29/2017;11:00:00;17.8440437360924
11/29/2017;12:00:00;16.6950237328175
11/29/2017;13:00:00;15.7798545686347
11/29/2017;14:00:00;14.8807005804764
11/29/2017;15:00:00;14.385138100133
11/29/2017;16:00:00;14.1486159949729
11/29/2017;17:00:00;14.7081626410158
11/29/2017;18:00:00;16.7442832755741
11/29/2017;19:00:00;18.061653183352
11/29/2017;20:00:00;18.1522308946017
11/29/2017;21:00:00;17.4088896795575
11/29/2017;22:00:00;17.8844219169504
11/29/2017;23:00:00;19.5062473253877
11/30/2017;00:00:00;20.7362254967521
11/30/2017;01:00:00;21.805540360674
11/30/2017;02:00:00;22.0845918858187
11/30/2017;03:00:00;21.1836373250726
11/30/2017;04:00:00;20.3902866568937
11/30/2017;05:00:00;19.3361351806543
11/30/2017;06:00:00;18.5270911772421
11/30/2017;07:00:00;18.1802652346964
11/30/2017;08:00:00;18.5363202745294
11/30/2017;09:00:00;16.486972844521
11/30/2017;10:00:00;17.292540265401
11/30/2017;11:00:00;18.1789665609448
11/30/2017;12:00:00;18.3683815029665
11/30/2017;13:00:00;19.275308011202
11/30/2017;14:00:00;19.4039949152177
11/30/2017;15:00:00;19.4501407152604
11/30/2017;16:00:00;19.6666715348471
11/30/2017;17:00:00;19.6749984023234
11/30/2017;18:00:00;19.2165320361376
11/30/2017;19:00:00;18.4251623260435
11/30/2017;20:00:00;17.8373603682452
11/30/2017;21:00:00;17.5575081544752
11/30/2017;22:00:00;17.4047304305744
11/30/2017;23:00:00;17.1865309144077
12/01/2017;00:00:00;17.067920099066
12/01/2017;01:00:00;16.9105526084004
12/01/2017;02:00:00;16.6150113408207
12/01/2017;03:00:00;15.4347473033305
12/01/2017;04:00:00;14.2829323821921
12/01/2017;05:00:00;13.5420933075401
12/01/2017;06:00:00;13.3359644607971
12/01/2017;07:00:00;12.9215281347504
12/01/2017;08:00:00;12.3548802354849
12/01/2017;09:00:00;12.065560787204
12/01/2017;10:00:00;12.0012397754197
12/01/2017;11:00:00;12.0519529962723
12/01/2017;12:00:00;12.1041841244783
12/01/2017;13:00:00;12.4517946144513
12/01/2017;14:00:00;12.8833213096627
12/01/2017;15:00:00;13.1744417372545
12/01/2017;16:00:00;13.819433771588
12/01/2017;17:00:00;14.5191654124569
12/01/2017;18:00:00;14.9363176578611
12/01/2017;19:00:00;36.6896203626602
12/01/2017;20:00:00;66.2270598953194
12/01/2017;21:00:00;84.6269984017269
12/01/2017;22:00:00;91.7811403070266
12/01/2017;23:00:00;101.750727391538
12/02/2017;00:00:00;101.325265452119
12/02/2017;01:00:00;97.3604372655432
12/02/2017;02:00:00;94.3372256414153
12/02/2017;03:00:00;95.0940275916733
12/02/2017;04:00:00;94.4997427661323
12/02/2017;05:00:00;94.2697075277156
12/02/2017;06:00:00;94.9962402229223
12/02/2017;07:00:00;95.6134708443374
12/02/2017;08:00:00;94.2560415727205
12/02/2017;09:00:00;90.7532310502808
12/02/2017;10:00:00;88.6659987151667
12/02/2017;11:00:00;87.5869670400733
12/02/2017;12:00:00;87.7043092032493
12/02/2017;13:00:00;88.8899560502913
12/02/2017;14:00:00;89.4236182643198
12/02/2017;15:00:00;89.775386879753
12/02/2017;16:00:00;91.7840089472641
12/02/2017;17:00:00;91.9114088603537
12/02/2017;18:00:00;91.0397235330546
12/02/2017;19:00:00;90.5305895757918
12/02/2017;20:00:00;88.7201627674311
12/02/2017;21:00:00;89.2809435765891
12/02/2017;22:00:00;88.9719076084791
12/02/2017;23:00:00;87.9157951072552
12/03/2017;00:00:00;88.5313890222812
12/03/2017;01:00:00;88.0726535469182
12/03/2017;02:00:00;87.6099950954009
12/03/2017;03:00:00;86.7583702320748
12/03/2017;04:00:00;86.3302872978307
12/03/2017;05:00:00;86.4923581354376
12/03/2017;06:00:00;86.4415282902006
12/03/2017;07:00:00;87.2698944154976
12/03/2017;08:00:00;86.6473448645182
12/03/2017;09:00:00;86.3998554167798
12/03/2017;10:00:00;86.6607133810631
12/03/2017;11:00:00;86.668331116309
12/03/2017;12:00:00;86.2596153063529
12/03/2017;13:00:00;85.3438896880158
12/03/2017;14:00:00;85.9923445334278
12/03/2017;15:00:00;86.2052836209386
12/03/2017;16:00:00;85.8595894633819
12/03/2017;17:00:00;86.2533072217139
12/03/2017;18:00:00;86.5694947599123
12/03/2017;19:00:00;86.6173228755185
12/03/2017;20:00:00;86.5673064803925
12/03/2017;21:00:00;86.67076391957
12/03/2017;22:00:00;86.5488833662631
12/03/2017;23:00:00;85.6531980207607
12/04/2017;00:00:00;85.2140486176976
12/04/2017;01:00:00;84.394594449978
12/04/2017;02:00:00;84.8045674947654
12/04/2017;03:00:00;84.8602880218724
12/04/2017;04:00:00;84.6968109420947
12/04/2017;05:00:00;84.0483476016689
12/04/2017;06:00:00;84.0194468171285
12/04/2017;07:00:00;84.0824977657852
12/04/2017;08:00:00;84.1751317097176
12/04/2017;09:00:00;84.728057460389
12/04/2017;10:00:00;84.4643154816564
12/04/2017;11:00:00;84.6009576144854
12/04/2017;12:00:00;85.6422187656817
12/04/2017;13:00:00;86.2579634476573
12/04/2017;14:00:00;87.8717126396212
12/04/2017;15:00:00;89.0744262299474
12/04/2017;16:00:00;90.3479117361068
12/04/2017;17:00:00;90.7454183387452
12/04/2017;18:00:00;90.801806722709
12/04/2017;19:00:00;90.4749223707795
12/04/2017;20:00:00;90.3871558067187
12/04/2017;21:00:00;90.4887505680966
12/04/2017;22:00:00;90.1836227042457
12/04/2017;23:00:00;88.6335174817072
12/05/2017;00:00:00;87.5501474991366
12/05/2017;01:00:00;88.0298368552148
12/05/2017;02:00:00;89.3801223270193
12/05/2017;03:00:00;89.4973005780914
12/05/2017;04:00:00;89.4116042212224
12/05/2017;05:00:00;88.1654351520678
12/05/2017;06:00:00;87.3825002327445
12/05/2017;07:00:00;87.5294432261179
12/05/2017;08:00:00;87.3154368980615
12/05/2017;09:00:00;87.5694976882776
12/05/2017;10:00:00;87.6824402136597
12/05/2017;11:00:00;88.1913749626973
12/05/2017;12:00:00;89.0872238050793
12/05/2017;13:00:00;89.6496815795676
12/05/2017;14:00:00;90.353765330889
12/05/2017;15:00:00;90.35597034542
12/05/2017;16:00:00;89.6586203142475
12/05/2017;17:00:00;89.2740239543937
12/05/2017;18:00:00;88.534558822553
12/05/2017;19:00:00;87.7628359271745
12/05/2017;20:00:00;87.5906984085922
12/05/2017;21:00:00;87.2666763077295
12/05/2017;22:00:00;86.8838907678608
12/05/2017;23:00:00;86.9543092454922
12/06/2017;00:00:00;86.7839058795434
12/06/2017;01:00:00;86.4862559498732
12/06/2017;02:00:00;86.1675016744355
12/06/2017;03:00:00;86.9113704666265
12/06/2017;04:00:00;87.6018078721514
12/06/2017;05:00:00;88.0977673243551
12/06/2017;06:00:00;88.2058341552476
12/06/2017;07:00:00;88.1383533606839
12/06/2017;08:00:00;87.7407730781771
12/06/2017;09:00:00;86.7642458654345
12/06/2017;10:00:00;87.1586646909219
12/06/2017;11:00:00;87.0235458661341
12/06/2017;12:00:00;87.1067596847653
12/06/2017;13:00:00;88.287545358214
12/06/2017;14:00:00;88.6352819681461
12/06/2017;15:00:00;89.0179051518232
12/06/2017;16:00:00;89.3626439802004
12/06/2017;17:00:00;89.3356284486571
12/06/2017;18:00:00;89.2317509555187
12/06/2017;19:00:00;89.1894404941295
12/06/2017;20:00:00;89.4124788311324
12/06/2017;21:00:00;89.6572332433229
12/06/2017;22:00:00;89.9277813979696
12/06/2017;23:00:00;90.1454204201204
12/07/2017;00:00:00;90.2409671831103
12/07/2017;01:00:00;90.2882025220687
12/07/2017;02:00:00;90.3854215259549
12/07/2017;03:00:00;90.4590258560012
12/07/2017;04:00:00;90.7997207563345
12/07/2017;05:00:00;90.6118826955012
12/07/2017;06:00:00;91.2657531030756
12/07/2017;07:00:00;91.6100001109695
12/07/2017;08:00:00;91.6506949606251
12/07/2017;09:00:00;91.4069569006382
12/07/2017;10:00:00;90.1012531058169
12/07/2017;11:00:00;89.6147401714155
12/07/2017;12:00:00;89.1442891036509
12/07/2017;13:00:00;88.9417965883717
12/07/2017;14:00:00;89.8408257090179
12/07/2017;15:00:00;90.3462362646081
12/07/2017;16:00:00;91.0059816660417
12/07/2017;17:00:00;91.3570769894686
12/07/2017;18:00:00;91.0746652706504
12/07/2017;19:00:00;90.9189612856588
12/07/2017;20:00:00;90.9319505308224
12/07/2017;21:00:00;90.1665432981449
12/07/2017;22:00:00;89.8915259283653
12/07/2017;23:00:00;90.2087369204036
12/08/2017;00:00:00;90.088757800319
12/08/2017;01:00:00;89.7455736155081
12/08/2017;02:00:00;89.7027666029879
12/08/2017;03:00:00;90.0836146621013
12/08/2017;04:00:00;91.3480168264611
12/08/2017;05:00:00;91.6201488486971
12/08/2017;06:00:00;91.3452801862308
12/08/2017;07:00:00;91.2218172269697
12/08/2017;08:00:00;90.925281274803
12/08/2017;09:00:00;90.605296429412
12/08/2017;10:00:00;89.9569500173238
12/08/2017;11:00:00;90.229863181774
12/08/2017;12:00:00;90.0311257366591
12/08/2017;13:00:00;90.3134635974187
12/08/2017;14:00:00;90.2311767557946
12/08/2017;15:00:00;90.834645128306
12/08/2017;16:00:00;91.2319461888946
12/08/2017;17:00:00;91.6156926999413
12/08/2017;18:00:00;91.6062641976557
12/08/2017;19:00:00;90.3737714881726
12/08/2017;20:00:00;89.1807096685558
12/08/2017;21:00:00;89.1708434759394
12/08/2017;22:00:00;88.8141702462116
12/08/2017;23:00:00;88.0233444615075
12/09/2017;00:00:00;87.8440237053599
12/09/2017;01:00:00;88.0245890329116
12/09/2017;02:00:00;88.2140254010532
12/09/2017;03:00:00;88.4391718747828
12/09/2017;04:00:00;88.3203534534826
12/09/2017;05:00:00;87.8509115142265
12/09/2017;06:00:00;87.5609824602509
12/09/2017;07:00:00;87.2715907463713
12/09/2017;08:00:00;87.2071534718594
12/09/2017;09:00:00;86.7310526971789
12/09/2017;10:00:00;86.3891269006326
12/09/2017;11:00:00;86.8964831505964
12/09/2017;12:00:00;87.3858642591093
12/09/2017;13:00:00;87.4508456761925
12/09/2017;14:00:00;87.1027894997155
12/09/2017;15:00:00;86.8102707839577
12/09/2017;16:00:00;86.9085498037738
12/09/2017;17:00:00;87.0896500323081
12/09/2017;18:00:00;87.3487442546175
12/09/2017;19:00:00;87.4977842451433
12/09/2017;20:00:00;87.5629070355986
12/09/2017;21:00:00;87.8228754724568
12/09/2017;22:00:00;87.1953563534176
12/09/2017;23:00:00;85.7618240158695
12/10/2017;00:00:00;83.9393284592505
12/10/2017;01:00:00;83.7647079264513
12/10/2017;02:00:00;84.4854173458985
12/10/2017;03:00:00;85.1060366897096
12/10/2017;04:00:00;85.4527089859594
12/10/2017;05:00:00;85.5501382875298
12/10/2017;06:00:00;85.7826401640138
12/10/2017;07:00:00;85.89387736495
12/10/2017;08:00:00;86.6041574868802
12/10/2017;09:00:00;86.2810020360621
12/10/2017;10:00:00;85.6595720905573
12/10/2017;11:00:00;85.2298698078511
12/10/2017;12:00:00;85.4447094274853
12/10/2017;13:00:00;85.9847259707009
12/10/2017;14:00:00;85.8329753494577
12/10/2017;15:00:00;86.0950654562527
12/10/2017;16:00:00;85.9729403428818
12/10/2017;17:00:00;85.1833493588519
12/10/2017;18:00:00;84.5375080572989
12/10/2017;19:00:00;84.7434642027415
12/10/2017;20:00:00;85.5329055357572
12/10/2017;21:00:00;85.9629119298367
12/10/2017;22:00:00;86.0636088887079
12/10/2017;23:00:00;85.5773680071787
12/11/2017;00:00:00;85.382495821939
12/11/2017;01:00:00;86.0545765870448
12/11/2017;02:00:00;86.8713691119928
12/11/2017;03:00:00;87.4395763367657
12/11/2017;04:00:00;87.7752669001828
12/11/2017;05:00:00;88.1434844199185
12/11/2017;06:00:00;87.6740244926525
12/11/2017;07:00:00;87.6083407181965
12/11/2017;08:00:00;88.1499994474057
12/11/2017;09:00:00;88.2706872441432
12/11/2017;10:00:00;88.8254862670284
12/11/2017;11:00:00;89.3690696547556
12/11/2017;12:00:00;90.8594704310299
12/11/2017;13:00:00;91.4500338859348
12/11/2017;14:00:00;92.2550853300993
12/11/2017;15:00:00;98.4868620668491
12/11/2017;16:00:00;100.776563610009
12/11/2017;17:00:00;100.850508718943
12/11/2017;18:00:00;100.527156550673
12/11/2017;19:00:00;100.626091856786
12/11/2017;20:00:00;101.431800993326
12/11/2017;21:00:00;101.760146083206
12/11/2017;22:00:00;101.29632728102
12/11/2017;23:00:00;101.141704797736
12/12/2017;00:00:00;101.283783019163
12/12/2017;01:00:00;101.517922703786
12/12/2017;02:00:00;101.68776717039
12/12/2017;03:00:00;102.424835956723
12/12/2017;04:00:00;103.299996263848
12/12/2017;05:00:00;103.58875403287
12/12/2017;06:00:00;102.702793056702
12/12/2017;07:00:00;102.454450041421
12/12/2017;08:00:00;102.806940646525
12/12/2017;09:00:00;99.3133361439657
12/12/2017;10:00:00;100.864518556701
12/12/2017;11:00:00;99.8706743314791
12/12/2017;12:00:00;99.0400202499593
12/12/2017;13:00:00;98.8542944574833
12/12/2017;14:00:00;98.7433463229889
12/12/2017;15:00:00;97.3651768336708
12/12/2017;16:00:00;94.9208668241895
12/12/2017;17:00:00;93.384455497567
12/12/2017;18:00:00;93.9408265675942
12/12/2017;19:00:00;94.1411091381762
12/12/2017;20:00:00;94.5706953109561
12/12/2017;21:00:00;94.5159764786693
12/12/2017;22:00:00;94.0340386549077
12/12/2017;23:00:00;93.8622151427566
12/13/2017;00:00:00;94.0669536018965
12/13/2017;01:00:00;93.2700942145898
12/13/2017;02:00:00;93.2736787996681
12/13/2017;03:00:00;93.2098649952996
12/13/2017;04:00:00;93.3533311149016
12/13/2017;05:00:00;94.1197078327582
12/13/2017;06:00:00;94.3604345476577
12/13/2017;07:00:00;94.6160946834227
12/13/2017;08:00:00;94.7472237017666
12/13/2017;09:00:00;95.4991537939834
12/13/2017;10:00:00;95.9447197904883
12/13/2017;11:00:00;96.442498808737
12/13/2017;12:00:00;96.9616721960793
12/13/2017;13:00:00;97.2240196157146
12/13/2017;14:00:00;97.2155597525334
12/13/2017;15:00:00;97.238745921104
12/13/2017;16:00:00;97.682214421431
12/13/2017;17:00:00;97.8174415235137
12/13/2017;18:00:00;98.6069917643715
12/13/2017;19:00:00;98.0663123180134
12/13/2017;20:00:00;97.7738459539016
12/13/2017;21:00:00;97.2123533638101
12/13/2017;22:00:00;96.8526560333948
12/13/2017;23:00:00;96.798346990527
12/14/2017;00:00:00;96.4781989486464
12/14/2017;01:00:00;95.9227888851166
12/14/2017;02:00:00;96.0788835460971
12/14/2017;03:00:00;96.3343075237282
12/14/2017;04:00:00;96.3427932622592
12/14/2017;05:00:00;96.5669061767457
12/14/2017;06:00:00;96.812533096914
12/14/2017;07:00:00;97.1213366734223
12/14/2017;08:00:00;96.9928420948065
12/14/2017;09:00:00;96.2286191216188
12/14/2017;10:00:00;95.3518234148912
12/14/2017;11:00:00;95.4938917737888
12/14/2017;12:00:00;95.7236090800277
12/14/2017;13:00:00;96.027499439743
12/14/2017;14:00:00;96.9057085406779
12/14/2017;15:00:00;95.3180232359934
12/14/2017;16:00:00;95.0424262525563
12/14/2017;17:00:00;95.0739882017822
12/14/2017;18:00:00;93.6654952374749
12/14/2017;19:00:00;93.6154157929697
12/14/2017;20:00:00;94.4530475751699
12/14/2017;21:00:00;95.5224816311369
12/14/2017;22:00:00;95.7534700764758
12/14/2017;23:00:00;95.6508343030764
12/15/2017;00:00:00;95.9748579072486
12/15/2017;01:00:00;96.1315290787583
12/15/2017;02:00:00;95.8808296700867
12/15/2017;03:00:00;96.661107727108
12/15/2017;04:00:00;96.9579185589928
12/15/2017;05:00:00;96.9797222500755
12/15/2017;06:00:00;97.2176458419428
12/15/2017;07:00:00;97.6455482795509
12/15/2017;08:00:00;98.0447201646685
12/15/2017;09:00:00;96.6960058891524
12/15/2017;10:00:00;95.8401430782822
12/15/2017;11:00:00;96.1333414282896
12/15/2017;12:00:00;95.4347264214769
12/15/2017;13:00:00;95.3175054364157
12/15/2017;14:00:00;94.7854364899081
12/15/2017;15:00:00;94.5376408958126
12/15/2017;16:00:00;94.5813175263804
12/15/2017;17:00:00;95.191731434463
12/15/2017;18:00:00;96.1976175640517
12/15/2017;19:00:00;97.4324939195883
12/15/2017;20:00:00;98.4820782908404
12/15/2017;21:00:00;97.2967103745399
12/15/2017;22:00:00;96.472649348557
12/15/2017;23:00:00;96.2494364187044
12/16/2017;00:00:00;96.1198858949413
12/16/2017;01:00:00;95.7145927203238
12/16/2017;02:00:00;95.0689013130523
12/16/2017;03:00:00;94.6618039621722
12/16/2017;04:00:00;95.3462257003508
12/16/2017;05:00:00;97.1463737099995
12/16/2017;06:00:00;97.6065294392467
12/16/2017;07:00:00;98.1780628908586
12/16/2017;08:00:00;98.7536855771655
12/16/2017;09:00:00;99.4104546781356
12/16/2017;10:00:00;99.7704096293007
12/16/2017;11:00:00;99.7765336465187
12/16/2017;12:00:00;98.7161868269477
12/16/2017;13:00:00;97.0589969567881
12/16/2017;14:00:00;96.738158896688
12/16/2017;15:00:00;97.5778248633728
12/16/2017;16:00:00;97.1966673554428
12/16/2017;17:00:00;96.7740470597003
12/16/2017;18:00:00;96.4936159092904
12/16/2017;19:00:00;96.8133885433217
12/16/2017;20:00:00;96.8157700640005
12/16/2017;21:00:00;96.9736109815697
12/16/2017;22:00:00;96.7898584325139
12/16/2017;23:00:00;96.8084827311902
12/17/2017;00:00:00;96.7080781456593
12/17/2017;01:00:00;95.9078311327357
12/17/2017;02:00:00;95.8581479498308
12/17/2017;03:00:00;95.8366686844063
12/17/2017;04:00:00;95.9923617269202
12/17/2017;05:00:00;96.6230529756979
12/17/2017;06:00:00;97.0122134485712
12/17/2017;07:00:00;97.0048769458687
12/17/2017;08:00:00;97.0447066918497
12/17/2017;09:00:00;97.5533451871857
12/17/2017;10:00:00;97.4212485859721
12/17/2017;11:00:00;97.4420846913126
12/17/2017;12:00:00;97.3825041026577
12/17/2017;13:00:00;97.0408577200764
12/17/2017;14:00:00;97.1024894012377
12/17/2017;15:00:00;97.2475010852403
12/17/2017;16:00:00;97.4111152257199
12/17/2017;17:00:00;97.6329279674022
12/17/2017;18:00:00;96.706132334958
12/17/2017;19:00:00;96.463874079826
12/17/2017;20:00:00;96.909179116682
12/17/2017;21:00:00;97.1340230655901
12/17/2017;22:00:00;97.3211103273209
