DATE;TIME;FC0517.PV
10/31/2017;00:00:00;67.8449697414976
10/31/2017;01:00:00;67.831654329319
10/31/2017;02:00:00;67.8284525571383
10/31/2017;03:00:00;67.891798144125
10/31/2017;04:00:00;67.8028982647483
10/31/2017;05:00:00;67.8397149865383
10/31/2017;06:00:00;67.8798015580422
10/31/2017;07:00:00;67.8436096569343
10/31/2017;08:00:00;67.8189024939925
10/31/2017;09:00:00;67.8906357317472
10/31/2017;10:00:00;67.8618238051725
10/31/2017;11:00:00;67.8059817564417
10/31/2017;12:00:00;67.8526641647738
10/31/2017;13:00:00;67.862748197954
10/31/2017;14:00:00;67.8488785515297
10/31/2017;15:00:00;67.8511784237618
10/31/2017;16:00:00;67.8644600045166
10/31/2017;17:00:00;67.8317289935854
10/31/2017;18:00:00;67.8773403192469
10/31/2017;19:00:00;67.8675819866881
10/31/2017;20:00:00;67.8210752221315
10/31/2017;21:00:00;67.8117157879099
10/31/2017;22:00:00;67.9212117230712
10/31/2017;23:00:00;67.8484059006025
11/01/2017;00:00:00;67.8739964320689
11/01/2017;01:00:00;67.8458987343234
11/01/2017;02:00:00;67.868850572359
11/01/2017;03:00:00;67.868708120268
11/01/2017;04:00:00;67.8713119849733
11/01/2017;05:00:00;67.8378773378288
11/01/2017;06:00:00;67.8489972473566
11/01/2017;07:00:00;67.8196551430719
11/01/2017;08:00:00;67.8624118092466
11/01/2017;09:00:00;67.8587273211097
11/01/2017;10:00:00;67.791847259788
11/01/2017;11:00:00;67.8095208690808
11/01/2017;12:00:00;67.88627073372
11/01/2017;13:00:00;67.8624211879377
11/01/2017;14:00:00;67.8726968838265
11/01/2017;15:00:00;67.8818522143936
11/01/2017;16:00:00;67.8639758172583
11/01/2017;17:00:00;67.8527497595261
11/01/2017;18:00:00;67.7925086895304
11/01/2017;19:00:00;67.8887549575525
11/01/2017;20:00:00;67.8407629915715
11/01/2017;21:00:00;67.862769319392
11/01/2017;22:00:00;67.8633753819765
11/01/2017;23:00:00;67.8388432155871
11/02/2017;00:00:00;67.8313400547827
11/02/2017;01:00:00;67.8397492154242
11/02/2017;02:00:00;67.8606254236382
11/02/2017;03:00:00;67.8402586466845
11/02/2017;04:00:00;67.8100743230018
11/02/2017;05:00:00;67.8599269988614
11/02/2017;06:00:00;67.8661940666567
11/02/2017;07:00:00;67.8925638797363
11/02/2017;08:00:00;67.8552924238916
11/02/2017;09:00:00;67.8488835281557
11/02/2017;10:00:00;67.862791556279
11/02/2017;11:00:00;67.8374545490649
11/02/2017;12:00:00;67.8371874078013
11/02/2017;13:00:00;67.8469716881668
11/02/2017;14:00:00;67.9005417551871
11/02/2017;15:00:00;67.8493689337835
11/02/2017;16:00:00;67.8242214245956
11/02/2017;17:00:00;67.8701483685024
11/02/2017;18:00:00;67.8695685071698
11/02/2017;19:00:00;67.8347006980573
11/02/2017;20:00:00;67.8544796172667
11/02/2017;21:00:00;67.9024563098468
11/02/2017;22:00:00;67.8629731197457
11/02/2017;23:00:00;67.8710915500766
11/03/2017;00:00:00;67.8397847847852
11/03/2017;01:00:00;67.7835529586458
11/03/2017;02:00:00;67.8875036759143
11/03/2017;03:00:00;67.8380814735728
11/03/2017;04:00:00;67.8379907531427
11/03/2017;05:00:00;67.8722418493077
11/03/2017;06:00:00;67.8538353338501
11/03/2017;07:00:00;67.8399217439965
11/03/2017;08:00:00;67.8181740915111
11/03/2017;09:00:00;67.8359315495791
11/03/2017;10:00:00;67.8461152730587
11/03/2017;11:00:00;67.8657305312988
11/03/2017;12:00:00;67.8623246440866
11/03/2017;13:00:00;67.8357766474492
11/03/2017;14:00:00;67.8342309122148
11/03/2017;15:00:00;67.8703016870625
11/03/2017;16:00:00;67.8511895952418
11/03/2017;17:00:00;67.8685858432709
11/03/2017;18:00:00;67.8504007809311
11/03/2017;19:00:00;67.8524245736416
11/03/2017;20:00:00;67.8591704948798
11/03/2017;21:00:00;67.8197700998882
11/03/2017;22:00:00;67.8292577137319
11/03/2017;23:00:00;67.8952201656903
11/04/2017;00:00:00;67.8512229848581
11/04/2017;01:00:00;67.8786308036146
11/04/2017;02:00:00;67.8816140265433
11/04/2017;03:00:00;67.8481352259742
11/04/2017;04:00:00;67.8320407616283
11/04/2017;05:00:00;67.8141945466731
11/04/2017;06:00:00;67.8164927163684
11/04/2017;07:00:00;67.8785123543899
11/04/2017;08:00:00;67.8388254245637
11/04/2017;09:00:00;67.8215457017428
11/04/2017;10:00:00;67.8411789612267
11/04/2017;11:00:00;67.8968392028816
11/04/2017;12:00:00;67.8459290731052
11/04/2017;13:00:00;67.8555748852636
11/04/2017;14:00:00;67.8759140105364
11/04/2017;15:00:00;67.8457404004396
11/04/2017;16:00:00;67.8513079204228
11/04/2017;17:00:00;67.864748525294
11/04/2017;18:00:00;67.8706192693959
11/04/2017;19:00:00;67.8733093902248
11/04/2017;20:00:00;67.8678588201768
11/04/2017;21:00:00;67.7980236609974
11/04/2017;22:00:00;67.8899442134831
11/04/2017;23:00:00;67.8535816932865
11/05/2017;00:00:00;67.8526789657528
11/05/2017;01:00:00;67.8713202579283
11/05/2017;02:00:00;67.8317510505575
11/05/2017;03:00:00;67.8930159584095
11/05/2017;04:00:00;67.8628858553352
11/05/2017;05:00:00;67.8556462054384
11/05/2017;06:00:00;67.8564647194764
11/05/2017;07:00:00;67.8948930045153
11/05/2017;08:00:00;67.7980725780501
11/05/2017;09:00:00;67.8839866379636
11/05/2017;10:00:00;67.7888143829334
11/05/2017;11:00:00;67.8509615006581
11/05/2017;12:00:00;67.8488247771367
11/05/2017;13:00:00;67.8444404124082
11/05/2017;14:00:00;67.8540313677269
11/05/2017;15:00:00;67.8347507503099
11/05/2017;16:00:00;67.8577915220607
11/05/2017;17:00:00;67.832634589717
11/05/2017;18:00:00;67.8576693713786
11/05/2017;19:00:00;67.8571879274779
11/05/2017;20:00:00;67.8547837006602
11/05/2017;21:00:00;67.8292495207712
11/05/2017;22:00:00;67.8364863348022
11/05/2017;23:00:00;67.8927113182474
11/06/2017;00:00:00;67.8662459658901
11/06/2017;01:00:00;67.8455900147495
11/06/2017;02:00:00;67.860970284694
11/06/2017;03:00:00;67.8775295710368
11/06/2017;04:00:00;67.870291573814
11/06/2017;05:00:00;67.8004388655247
11/06/2017;06:00:00;67.8640820137269
11/06/2017;07:00:00;67.8542381132248
11/06/2017;08:00:00;67.8222335219523
11/06/2017;09:00:00;67.8213849733255
11/06/2017;10:00:00;67.8570728670278
11/06/2017;11:00:00;67.8661456972264
11/06/2017;12:00:00;67.849545413589
11/06/2017;13:00:00;67.8314475430349
11/06/2017;14:00:00;67.8532038714026
11/06/2017;15:00:00;67.8409290163197
11/06/2017;16:00:00;67.8582444626083
11/06/2017;17:00:00;67.8309441693147
11/06/2017;18:00:00;67.8391918426851
11/06/2017;19:00:00;67.8319553387439
11/06/2017;20:00:00;67.8717056671577
11/06/2017;21:00:00;67.8353193111266
11/06/2017;22:00:00;67.867663395513
11/06/2017;23:00:00;67.8913348579406
11/07/2017;00:00:00;67.8828114977135
11/07/2017;01:00:00;67.8302051824944
11/07/2017;02:00:00;67.8572138645801
11/07/2017;03:00:00;67.8578803463314
11/07/2017;04:00:00;67.8499496201387
11/07/2017;05:00:00;67.7890320173853
11/07/2017;06:00:00;67.8044357246746
11/07/2017;07:00:00;67.8817980790474
11/07/2017;08:00:00;67.8185008805792
11/07/2017;09:00:00;67.8621605212658
11/07/2017;10:00:00;67.8540121190193
11/07/2017;11:00:00;67.8550510342671
11/07/2017;12:00:00;67.8617713294902
11/07/2017;13:00:00;67.8564763870323
11/07/2017;14:00:00;67.8567363530962
11/07/2017;15:00:00;67.8668402610735
11/07/2017;16:00:00;67.8739118586474
11/07/2017;17:00:00;67.8706170622274
11/07/2017;18:00:00;67.8679750827087
11/07/2017;19:00:00;67.8490158198502
11/07/2017;20:00:00;67.8577695464675
11/07/2017;21:00:00;67.8549504755785
11/07/2017;22:00:00;67.8238321478564
11/07/2017;23:00:00;67.8639581304193
11/08/2017;00:00:00;67.8229155488649
11/08/2017;01:00:00;67.8626445524447
11/08/2017;02:00:00;67.8522988369208
11/08/2017;03:00:00;67.8130532882868
11/08/2017;04:00:00;67.8735156572137
11/08/2017;05:00:00;67.8273985327305
11/08/2017;06:00:00;67.9771180937479
11/08/2017;07:00:00;67.9825949556168
11/08/2017;08:00:00;68.0326674705206
11/08/2017;09:00:00;68.0082638348627
11/08/2017;10:00:00;67.9882197399535
11/08/2017;11:00:00;67.9760572348321
11/08/2017;12:00:00;67.9753492008195
11/08/2017;13:00:00;68.0083928079418
11/08/2017;14:00:00;67.9651773266528
11/08/2017;15:00:00;68.0028977212123
11/08/2017;16:00:00;67.9889837077834
11/08/2017;17:00:00;67.9998684730153
11/08/2017;18:00:00;68.0273121281115
11/08/2017;19:00:00;67.9988275129462
11/08/2017;20:00:00;67.9780424147948
11/08/2017;21:00:00;68.021879973912
11/08/2017;22:00:00;67.9668290489765
11/08/2017;23:00:00;67.965937323129
11/09/2017;00:00:00;68.0399527076612
11/09/2017;01:00:00;68.0226717152676
11/09/2017;02:00:00;67.972699801908
11/09/2017;03:00:00;68.0179089611359
11/09/2017;04:00:00;68.012853028002
11/09/2017;05:00:00;68.0034370604162
11/09/2017;06:00:00;68.0127537674613
11/09/2017;07:00:00;67.9720389613132
11/09/2017;08:00:00;67.9969159979271
11/09/2017;09:00:00;67.9494114254292
11/09/2017;10:00:00;68.0016943517742
11/09/2017;11:00:00;68.0235803259588
11/09/2017;12:00:00;68.578445100561
11/09/2017;13:00:00;69.0767179234927
11/09/2017;14:00:00;69.0308478276447
11/09/2017;15:00:00;68.9917325671271
11/09/2017;16:00:00;68.9870997801255
11/09/2017;17:00:00;69.0148479034697
11/09/2017;18:00:00;69.0276579399979
11/09/2017;19:00:00;68.9669027176643
11/09/2017;20:00:00;69.0226974395027
11/09/2017;21:00:00;68.9368571026647
11/09/2017;22:00:00;69.0035306467146
11/09/2017;23:00:00;68.9617568880702
11/10/2017;00:00:00;68.9948987184511
11/10/2017;01:00:00;68.9965461204017
11/10/2017;02:00:00;69.0163308129405
11/10/2017;03:00:00;69.0210533152316
11/10/2017;04:00:00;68.9910958712716
11/10/2017;05:00:00;69.5214808195714
11/10/2017;06:00:00;69.9630857921642
11/10/2017;07:00:00;70.0409303670863
11/10/2017;08:00:00;69.9762164700509
11/10/2017;09:00:00;69.9368748608178
11/10/2017;10:00:00;69.9648512984217
11/10/2017;11:00:00;70.0076522479401
11/10/2017;12:00:00;69.9747863064538
11/10/2017;13:00:00;70.0621045891391
11/10/2017;14:00:00;70.0282060253588
11/10/2017;15:00:00;69.9890298396043
11/10/2017;16:00:00;69.976468061377
11/10/2017;17:00:00;70.0261578265114
11/10/2017;18:00:00;70.020372111727
11/10/2017;19:00:00;70.892681402516
11/10/2017;20:00:00;70.9761945529593
11/10/2017;21:00:00;70.9953698042469
11/10/2017;22:00:00;71.0405153007655
11/10/2017;23:00:00;70.9799704215558
11/11/2017;00:00:00;70.9899189296667
11/11/2017;01:00:00;70.9475532285673
11/11/2017;02:00:00;70.9595109130299
11/11/2017;03:00:00;70.9836730663109
11/11/2017;04:00:00;71.0192779825389
11/11/2017;05:00:00;70.9851328697584
11/11/2017;06:00:00;71.0321825244647
11/11/2017;07:00:00;70.9652839183978
11/11/2017;08:00:00;70.9818183793538
11/11/2017;09:00:00;70.9765125580461
11/11/2017;10:00:00;71.0383402355656
11/11/2017;11:00:00;70.9913091514441
11/11/2017;12:00:00;71.0575262651156
11/11/2017;13:00:00;70.9010264093757
11/11/2017;14:00:00;70.9926466862221
11/11/2017;15:00:00;71.0014702870328
11/11/2017;16:00:00;70.9877521439597
11/11/2017;17:00:00;71.0095616689233
11/11/2017;18:00:00;71.0135644889313
11/11/2017;19:00:00;70.9889928001738
11/11/2017;20:00:00;71.0027464881153
11/11/2017;21:00:00;71.0429307620951
11/11/2017;22:00:00;71.0238159142699
11/11/2017;23:00:00;70.998934188836
11/12/2017;00:00:00;71.0020320296015
11/12/2017;01:00:00;71.0511288166766
11/12/2017;02:00:00;70.9342958257081
11/12/2017;03:00:00;70.9758466148026
11/12/2017;04:00:00;70.9983357516781
11/12/2017;05:00:00;71.0026327268896
11/12/2017;06:00:00;70.996790910373
11/12/2017;07:00:00;71.025864431064
11/12/2017;08:00:00;70.9937219117024
11/12/2017;09:00:00;70.9748145960829
11/12/2017;10:00:00;71.0123190115601
11/12/2017;11:00:00;70.9357188722865
11/12/2017;12:00:00;70.9871074916692
11/12/2017;13:00:00;71.0358101493179
11/12/2017;14:00:00;70.9709023038733
11/12/2017;15:00:00;70.9620999734017
11/12/2017;16:00:00;71.027267643882
11/12/2017;17:00:00;70.9964794893648
11/12/2017;18:00:00;70.9726194613517
11/12/2017;19:00:00;70.9945481923283
11/12/2017;20:00:00;71.0040689532904
11/12/2017;21:00:00;70.9882063804179
11/12/2017;22:00:00;71.013716441706
11/12/2017;23:00:00;70.9848031893941
11/13/2017;00:00:00;70.9998488958748
11/13/2017;01:00:00;71.0389751722342
11/13/2017;02:00:00;71.009566501308
11/13/2017;03:00:00;70.9888748064176
11/13/2017;04:00:00;70.9884673251123
11/13/2017;05:00:00;70.9946267909815
11/13/2017;06:00:00;71.0015525927836
11/13/2017;07:00:00;71.0068159656564
11/13/2017;08:00:00;70.9940221316603
11/13/2017;09:00:00;71.0044584854294
11/13/2017;10:00:00;71.0237277864622
11/13/2017;11:00:00;71.0192615219202
11/13/2017;12:00:00;70.9964909393282
11/13/2017;13:00:00;71.0009811140024
11/13/2017;14:00:00;70.9882244659161
11/13/2017;15:00:00;71.0148189588034
11/13/2017;16:00:00;71.0243734146117
11/13/2017;17:00:00;71.0149398659629
11/13/2017;18:00:00;71.0365742324005
11/13/2017;19:00:00;71.0088763914029
11/13/2017;20:00:00;70.9822515043278
11/13/2017;21:00:00;70.9560761402753
11/13/2017;22:00:00;71.0143851247866
11/13/2017;23:00:00;70.9867611883001
11/14/2017;00:00:00;71.0183892198478
11/14/2017;01:00:00;70.9661226549958
11/14/2017;02:00:00;71.0338026267102
11/14/2017;03:00:00;71.0270882592661
11/14/2017;04:00:00;71.0659322622325
11/14/2017;05:00:00;71.0133066069441
11/14/2017;06:00:00;70.9824343261969
11/14/2017;07:00:00;71.0248188413195
11/14/2017;08:00:00;71.0219970410254
11/14/2017;09:00:00;70.9772919640842
11/14/2017;10:00:00;70.9799478406744
11/14/2017;11:00:00;71.0369070411212
11/14/2017;12:00:00;71.0105667204267
11/14/2017;13:00:00;70.9735365501834
11/14/2017;14:00:00;71.0042624482433
11/14/2017;15:00:00;70.9384880370445
11/14/2017;16:00:00;70.9809275085859
11/14/2017;17:00:00;71.030087553459
11/14/2017;18:00:00;70.9687102023462
11/14/2017;19:00:00;70.9821524527591
11/14/2017;20:00:00;70.92496546377
11/14/2017;21:00:00;70.9688366965987
11/14/2017;22:00:00;70.9594270292928
11/14/2017;23:00:00;71.0051074354726
11/15/2017;00:00:00;70.9830142574372
11/15/2017;01:00:00;70.9508039915726
11/15/2017;02:00:00;71.0280642412084
11/15/2017;03:00:00;70.9650351832034
11/15/2017;04:00:00;70.9452082583684
11/15/2017;05:00:00;71.0091090270876
11/15/2017;06:00:00;71.010254253654
11/15/2017;07:00:00;71.0010559245429
11/15/2017;08:00:00;71.0437097670911
11/15/2017;09:00:00;70.9809565430227
11/15/2017;10:00:00;71.0209700189321
11/15/2017;11:00:00;70.9786274066525
11/15/2017;12:00:00;70.9910674977766
11/15/2017;13:00:00;70.9624662853549
11/15/2017;14:00:00;70.9480448816222
11/15/2017;15:00:00;70.9649186095904
11/15/2017;16:00:00;70.9943185881279
11/15/2017;17:00:00;71.0460968416395
11/15/2017;18:00:00;70.9953146674954
11/15/2017;19:00:00;71.0243758793437
11/15/2017;20:00:00;71.0094660120679
11/15/2017;21:00:00;71.0574174185166
11/15/2017;22:00:00;70.9766259167906
11/15/2017;23:00:00;70.9980912923122
11/16/2017;00:00:00;71.0318450859564
11/16/2017;01:00:00;70.9704664546984
11/16/2017;02:00:00;71.0499740270255
11/16/2017;03:00:00;71.0072596228716
11/16/2017;04:00:00;70.9937106560029
11/16/2017;05:00:00;71.0146642577703
11/16/2017;06:00:00;71.0280811003186
11/16/2017;07:00:00;70.9986676751991
11/16/2017;08:00:00;71.0031551023582
11/16/2017;09:00:00;71.0152656907995
11/16/2017;10:00:00;71.0551648622108
11/16/2017;11:00:00;70.9908803837241
11/16/2017;12:00:00;70.9758455442166
11/16/2017;13:00:00;71.0289951013937
11/16/2017;14:00:00;70.9782895695174
11/16/2017;15:00:00;70.9969464165667
11/16/2017;16:00:00;71.0146905033345
11/16/2017;17:00:00;71.0113140565047
11/16/2017;18:00:00;71.0249022744435
11/16/2017;19:00:00;70.9982608044555
11/16/2017;20:00:00;70.998340268953
11/16/2017;21:00:00;70.97515841133
11/16/2017;22:00:00;70.9942024238953
11/16/2017;23:00:00;71.0406718861298
11/17/2017;00:00:00;70.9802235382473
11/17/2017;01:00:00;70.9953925208763
11/17/2017;02:00:00;71.0025306949598
11/17/2017;03:00:00;71.0110899015001
11/17/2017;04:00:00;71.0162643130188
11/17/2017;05:00:00;71.0160769077314
11/17/2017;06:00:00;71.0124831643517
11/17/2017;07:00:00;70.9878327473368
11/17/2017;08:00:00;70.9661562039045
11/17/2017;09:00:00;71.0077479666879
11/17/2017;10:00:00;71.0158814678947
11/17/2017;11:00:00;70.9971301102319
11/17/2017;12:00:00;68.4164366581665
11/17/2017;13:00:00;70.0333239597098
11/17/2017;14:00:00;69.9826885461593
11/17/2017;15:00:00;69.9385411084068
11/17/2017;16:00:00;70.0194514197745
11/17/2017;17:00:00;69.9939789909939
11/17/2017;18:00:00;70.0093332883795
11/17/2017;19:00:00;70.0757032516014
11/17/2017;20:00:00;69.9877397716732
11/17/2017;21:00:00;69.9800227804329
11/17/2017;22:00:00;69.9826370987294
11/17/2017;23:00:00;70.0108481678897
11/18/2017;00:00:00;69.9776971657873
11/18/2017;01:00:00;70.029153917592
11/18/2017;02:00:00;69.9724332414627
11/18/2017;03:00:00;70.04912115433
11/18/2017;04:00:00;69.9855355853561
11/18/2017;05:00:00;70.0495849468176
11/18/2017;06:00:00;70.015729502515
11/18/2017;07:00:00;70.0263807064747
11/18/2017;08:00:00;69.9862716607704
11/18/2017;09:00:00;70.0154453554819
11/18/2017;10:00:00;70.0021871334984
11/18/2017;11:00:00;69.9684812278944
11/18/2017;12:00:00;70.0199883599829
11/18/2017;13:00:00;69.9890658927936
11/18/2017;14:00:00;70.0058568427953
11/18/2017;15:00:00;70.0440832203752
11/18/2017;16:00:00;69.9912700725951
11/18/2017;17:00:00;69.9958049244262
11/18/2017;18:00:00;70.0058557018745
11/18/2017;19:00:00;70.0039527973764
11/18/2017;20:00:00;70.0117144477225
11/18/2017;21:00:00;69.9724532779469
11/18/2017;22:00:00;69.9904525321072
11/18/2017;23:00:00;70.005564500053
11/19/2017;00:00:00;70.0087960639407
11/19/2017;01:00:00;70.0249300196409
11/19/2017;02:00:00;69.9735886204115
11/19/2017;03:00:00;69.9856671348086
11/19/2017;04:00:00;70.0295477201058
11/19/2017;05:00:00;70.009021682418
11/19/2017;06:00:00;69.993682041734
11/19/2017;07:00:00;70.0275605806429
11/19/2017;08:00:00;70.0600699553118
11/19/2017;09:00:00;69.9817978845463
11/19/2017;10:00:00;70.0280010241629
11/19/2017;11:00:00;70.0220327167873
11/19/2017;12:00:00;69.9186952493259
11/19/2017;13:00:00;70.0361196755064
11/19/2017;14:00:00;69.9770470523001
11/19/2017;15:00:00;70.0202528411223
11/19/2017;16:00:00;69.9962212984505
11/19/2017;17:00:00;69.9995895938306
11/19/2017;18:00:00;69.9788641421771
11/19/2017;19:00:00;69.9707316875124
11/19/2017;20:00:00;69.9469169950973
11/19/2017;21:00:00;70.0478762219785
11/19/2017;22:00:00;70.0081714422228
11/19/2017;23:00:00;69.9753453540451
11/20/2017;00:00:00;69.9881383545052
11/20/2017;01:00:00;69.9707763633101
11/20/2017;02:00:00;69.9597019349402
11/20/2017;03:00:00;69.9964601381804
11/20/2017;04:00:00;69.9809024579694
11/20/2017;05:00:00;70.0381845986667
11/20/2017;06:00:00;70.0299112584378
11/20/2017;07:00:00;70.0196432171542
11/20/2017;08:00:00;69.9992377289103
11/20/2017;09:00:00;69.995625094817
11/20/2017;10:00:00;70.0217277497486
11/20/2017;11:00:00;70.0359673963206
11/20/2017;12:00:00;70.0021050710678
11/20/2017;13:00:00;70.0288317811278
11/20/2017;14:00:00;70.0157622181437
11/20/2017;15:00:00;70.0026817567655
11/20/2017;16:00:00;70.0388315301463
11/20/2017;17:00:00;70.0289548953619
11/20/2017;18:00:00;70.0164695502774
11/20/2017;19:00:00;70.0184925050894
11/20/2017;20:00:00;70.0277701871077
11/20/2017;21:00:00;70.0169817478377
11/20/2017;22:00:00;69.9736507086836
11/20/2017;23:00:00;70.0088212442212
11/21/2017;00:00:00;70.030646659122
11/21/2017;01:00:00;70.00817489043
11/21/2017;02:00:00;70.0432169709083
11/21/2017;03:00:00;69.9980219764186
11/21/2017;04:00:00;69.9699074760261
11/21/2017;05:00:00;69.9943248005272
11/21/2017;06:00:00;70.0369361850145
11/21/2017;07:00:00;69.9813335502376
11/21/2017;08:00:00;69.9883932519807
11/21/2017;09:00:00;70.0342822580534
11/21/2017;10:00:00;69.9599737863715
11/21/2017;11:00:00;69.9791022471666
11/21/2017;12:00:00;70.0442552237599
11/21/2017;13:00:00;70.0214650006295
11/21/2017;14:00:00;70.0108872709855
11/21/2017;15:00:00;69.9935360137233
11/21/2017;16:00:00;69.9846766560773
11/21/2017;17:00:00;69.9912889834606
11/21/2017;18:00:00;70.0144782983215
11/21/2017;19:00:00;70.0107765127573
11/21/2017;20:00:00;70.0245842693646
11/21/2017;21:00:00;69.9848260780145
11/21/2017;22:00:00;70.0202607336271
11/21/2017;23:00:00;69.9763601401891
11/22/2017;00:00:00;69.9809861589064
11/22/2017;01:00:00;69.9914619635672
11/22/2017;02:00:00;69.9966740144897
11/22/2017;03:00:00;69.990714831396
11/22/2017;04:00:00;69.9996210534848
11/22/2017;05:00:00;70.0024490840341
11/22/2017;06:00:00;70.013621403738
11/22/2017;07:00:00;70.0143151742202
11/22/2017;08:00:00;69.9687847056715
11/22/2017;09:00:00;70.0256223273707
11/22/2017;10:00:00;70.0204632692746
11/22/2017;11:00:00;69.9864191497477
11/22/2017;12:00:00;70.0262163892452
11/22/2017;13:00:00;69.9704361427571
11/22/2017;14:00:00;70.0499772801792
11/22/2017;15:00:00;69.9702242689876
11/22/2017;16:00:00;69.9858535063048
11/22/2017;17:00:00;70.0115903231463
11/22/2017;18:00:00;70.011092924419
11/22/2017;19:00:00;70.0203260008236
11/22/2017;20:00:00;70.0084272501963
11/22/2017;21:00:00;70.0131732216032
11/22/2017;22:00:00;69.980354495281
11/22/2017;23:00:00;69.9657371244567
11/23/2017;00:00:00;69.9763406765528
11/23/2017;01:00:00;70.0017305719747
11/23/2017;02:00:00;70.0560844024679
11/23/2017;03:00:00;69.9461997136116
11/23/2017;04:00:00;70.0127019695713
11/23/2017;05:00:00;69.9737645229472
11/23/2017;06:00:00;70.0032532245812
11/23/2017;07:00:00;70.0138061891673
11/23/2017;08:00:00;69.9952194660173
11/23/2017;09:00:00;69.978121029242
11/23/2017;10:00:00;70.0039634127811
11/23/2017;11:00:00;69.9881836651631
11/23/2017;12:00:00;70.0263195079009
11/23/2017;13:00:00;69.9311680867748
11/23/2017;14:00:00;69.994035569812
11/23/2017;15:00:00;69.9824180859714
11/23/2017;16:00:00;69.9932888176921
11/23/2017;17:00:00;70.0430047631555
11/23/2017;18:00:00;70.0104296382005
11/23/2017;19:00:00;69.9856773928917
11/23/2017;20:00:00;70.016470481639
11/23/2017;21:00:00;69.9553876400476
11/23/2017;22:00:00;70.0383910569562
11/23/2017;23:00:00;70.0216835603661
11/24/2017;00:00:00;69.9943584023243
11/24/2017;01:00:00;70.00517183401
11/24/2017;02:00:00;69.9602734224065
11/24/2017;03:00:00;69.9851824230943
11/24/2017;04:00:00;70.0200750057596
11/24/2017;05:00:00;70.0344230591885
11/24/2017;06:00:00;69.9740213982115
11/24/2017;07:00:00;69.9977504965873
11/24/2017;08:00:00;70.0018222690806
11/24/2017;09:00:00;69.9598987193168
11/24/2017;10:00:00;69.998163487322
11/24/2017;11:00:00;69.9970765484394
11/24/2017;12:00:00;69.9802762865971
11/24/2017;13:00:00;69.983224244109
11/24/2017;14:00:00;70.0213082540979
11/24/2017;15:00:00;69.9743401608892
11/24/2017;16:00:00;69.9591389198388
11/24/2017;17:00:00;69.9975813698085
11/24/2017;18:00:00;70.030800803704
11/24/2017;19:00:00;70.0060763590492
11/24/2017;20:00:00;69.99475615403
11/24/2017;21:00:00;70.0392011789041
11/24/2017;22:00:00;70.0035353661822
11/24/2017;23:00:00;70.0407666240361
11/25/2017;00:00:00;69.9866944662865
11/25/2017;01:00:00;70.0314820004648
11/25/2017;02:00:00;70.0041600484134
11/25/2017;03:00:00;70.0759483718658
11/25/2017;04:00:00;70.0034555777905
11/25/2017;05:00:00;70.0352755050683
11/25/2017;06:00:00;70.0121504486761
11/25/2017;07:00:00;70.0146026983907
11/25/2017;08:00:00;70.0016786634288
11/25/2017;09:00:00;69.9849284152915
11/25/2017;10:00:00;69.9902825774772
11/25/2017;11:00:00;70.0129119919074
11/25/2017;12:00:00;70.004976922304
11/25/2017;13:00:00;70.0000682902463
11/25/2017;14:00:00;70.0142621236773
11/25/2017;15:00:00;70.0028263716125
11/25/2017;16:00:00;69.984460915791
11/25/2017;17:00:00;70.0210546989232
11/25/2017;18:00:00;70.0041731530155
11/25/2017;19:00:00;70.0193658744232
11/25/2017;20:00:00;70.0223414732836
11/25/2017;21:00:00;69.9759087728448
11/25/2017;22:00:00;69.9939184403984
11/25/2017;23:00:00;69.9717242362409
11/26/2017;00:00:00;70.0061002379128
11/26/2017;01:00:00;69.9530529736331
11/26/2017;02:00:00;70.0393906481474
11/26/2017;03:00:00;70.0472842600242
11/26/2017;04:00:00;69.8694754950382
11/26/2017;05:00:00;68.9737206381621
11/26/2017;06:00:00;69.0032173633522
11/26/2017;07:00:00;69.0503476145775
11/26/2017;08:00:00;69.0230984908801
11/26/2017;09:00:00;68.947926416043
11/26/2017;10:00:00;68.9502573663378
11/26/2017;11:00:00;69.0082095465117
11/26/2017;12:00:00;69.0230505907055
11/26/2017;13:00:00;68.9894791586742
11/26/2017;14:00:00;69.0365240285949
11/26/2017;15:00:00;69.0195843603422
11/26/2017;16:00:00;68.8996992380953
11/26/2017;17:00:00;68.8295862080629
11/26/2017;18:00:00;66.4842668150743
11/26/2017;19:00:00;66.4949065763147
11/26/2017;20:00:00;66.4567897382806
11/26/2017;21:00:00;66.5042424335008
11/26/2017;22:00:00;66.5276086605169
11/26/2017;23:00:00;66.468604416983
11/27/2017;00:00:00;66.5029858399948
11/27/2017;01:00:00;66.5145001113905
11/27/2017;02:00:00;66.4925526015485
11/27/2017;03:00:00;65.9176476452047
11/27/2017;04:00:00;63.6876066722431
11/27/2017;05:00:00;61.6334439660011
11/27/2017;06:00:00;50.3917396919761
11/27/2017;07:00:00;35.8484644763754
11/27/2017;08:00:00;31.9886085995433
11/27/2017;09:00:00;32.0152703419981
11/27/2017;10:00:00;43.8134304744494
11/27/2017;11:00:00;59.9915220977286
11/27/2017;12:00:00;59.9757521987201
11/27/2017;13:00:00;60.0059344910927
11/27/2017;14:00:00;60.0074873676657
11/27/2017;15:00:00;59.9751570784753
11/27/2017;16:00:00;60.0078200026885
11/27/2017;17:00:00;60.0250221689917
11/27/2017;18:00:00;59.9935522574743
11/27/2017;19:00:00;60.0195134409537
11/27/2017;20:00:00;57.956720811547
11/27/2017;21:00:00;54.9969386832892
11/27/2017;22:00:00;54.984351623489
11/27/2017;23:00:00;54.9884436238565
11/28/2017;00:00:00;54.9964818692452
11/28/2017;01:00:00;55.0056558788269
11/28/2017;02:00:00;55.0067142770205
11/28/2017;03:00:00;55.012647362432
11/28/2017;04:00:00;55.0131073899773
11/28/2017;05:00:00;54.9899021478752
11/28/2017;06:00:00;55.2388602543484
11/28/2017;07:00:00;24.0241597152309
11/28/2017;08:00:00;0.0283397094517411
11/28/2017;09:00:00;0.0191842917242741
11/28/2017;10:00:00;0.0997891784864954
11/28/2017;11:00:00;0.0605139214456462
11/28/2017;12:00:00;0.0140141995818779
11/28/2017;13:00:00;0.0141341919592689
11/28/2017;14:00:00;0.0145088308921374
11/28/2017;15:00:00;0.0148834698250059
11/28/2017;16:00:00;0.0152581087578745
11/28/2017;17:00:00;0.0156327476907429
11/28/2017;18:00:00;0.0160073866236114
11/28/2017;19:00:00;0.0163820255564799
11/28/2017;20:00:00;0.0167615005279986
11/28/2017;21:00:00;0.017174866055492
11/28/2017;22:00:00;0.0175947786125255
11/28/2017;23:00:00;0.0180146911695589
11/29/2017;00:00:00;0.0184346037265923
11/29/2017;01:00:00;0.0188545162836257
11/29/2017;02:00:00;0.0192744288406591
11/29/2017;03:00:00;0.0196943413976925
11/29/2017;04:00:00;0.0200147745576648
11/29/2017;05:00:00;0.0197539793193386
11/29/2017;06:00:00;0.0193988746942722
11/29/2017;07:00:00;0.0190437700692057
11/29/2017;08:00:00;0.0186886654441393
11/29/2017;09:00:00;0.0183335608190728
11/29/2017;10:00:00;0.0179784561940064
11/29/2017;11:00:00;0.0176233515689399
11/29/2017;12:00:00;0.0178902282610872
11/29/2017;13:00:00;0.0188510063893684
11/29/2017;14:00:00;0.0168486133833695
11/29/2017;15:00:00;0.014541471991097
11/29/2017;16:00:00;0.0122343305988246
11/29/2017;17:00:00;0.00992718920655217
11/29/2017;18:00:00;0.00762004781427973
11/29/2017;19:00:00;0.00531290642200729
11/29/2017;20:00:00;0.00300576502973485
11/29/2017;21:00:00;0.00131947387367508
11/29/2017;22:00:00;0.00119584329486964
11/29/2017;23:00:00;0.00114775613401295
11/30/2017;00:00:00;0.00109966897315627
11/30/2017;01:00:00;0.00105158181229959
11/30/2017;02:00:00;0.0010034946514429
11/30/2017;03:00:00;0.00095540749058622
11/30/2017;04:00:00;0.000907320329729537
11/30/2017;05:00:00;0.000925322873525694
11/30/2017;06:00:00;0.00110657021269566
11/30/2017;07:00:00;0.00129540429425678
11/30/2017;08:00:00;0.0014842383758179
11/30/2017;09:00:00;0.00167307245737902
11/30/2017;10:00:00;0.00186190653894014
11/30/2017;11:00:00;0.00205074062050126
11/30/2017;12:00:00;0.00223957470206237
11/30/2017;13:00:00;2.96212341095902
11/30/2017;14:00:00;6.58421895841756
11/30/2017;15:00:00;13.5472916999737
11/30/2017;16:00:00;9.88057888788665
11/30/2017;17:00:00;36.6586987376473
11/30/2017;18:00:00;37.5754284851008
11/30/2017;19:00:00;42.0677078913444
11/30/2017;20:00:00;41.7569163860868
11/30/2017;21:00:00;41.5389608058689
11/30/2017;22:00:00;41.3575122991703
11/30/2017;23:00:00;41.3857088029124
12/01/2017;00:00:00;41.5189255527328
12/01/2017;01:00:00;41.7038947301594
12/01/2017;02:00:00;41.7966417326119
12/01/2017;03:00:00;41.8508377704935
12/01/2017;04:00:00;41.6133613992813
12/01/2017;05:00:00;41.3679285521427
12/01/2017;06:00:00;41.4653451102164
12/01/2017;07:00:00;41.5704863045844
12/01/2017;08:00:00;41.5827516997901
12/01/2017;09:00:00;41.4247966415121
12/01/2017;10:00:00;41.2528241799086
12/01/2017;11:00:00;41.1158622158972
12/01/2017;12:00:00;41.2632983804135
12/01/2017;13:00:00;41.1089790338822
12/01/2017;14:00:00;40.9247005519038
12/01/2017;15:00:00;46.8062092832293
12/01/2017;16:00:00;48.842144808835
12/01/2017;17:00:00;51.9198145605076
12/01/2017;18:00:00;64.5654567254788
12/01/2017;19:00:00;64.550848438041
12/01/2017;20:00:00;64.6016672660939
12/01/2017;21:00:00;64.573921638512
12/01/2017;22:00:00;64.5524507887377
12/01/2017;23:00:00;64.5764440323045
12/02/2017;00:00:00;64.5607632771227
12/02/2017;01:00:00;64.5981433049848
12/02/2017;02:00:00;64.5642491963867
12/02/2017;03:00:00;64.2551900550099
12/02/2017;04:00:00;64.0048828037794
12/02/2017;05:00:00;63.9661111349847
12/02/2017;06:00:00;63.9782072357598
12/02/2017;07:00:00;63.9788806257812
12/02/2017;08:00:00;64.0125645771103
12/02/2017;09:00:00;63.9848216184392
12/02/2017;10:00:00;64.0074649416648
12/02/2017;11:00:00;64.0229863014274
12/02/2017;12:00:00;63.9959666583503
12/02/2017;13:00:00;63.9698807400228
12/02/2017;14:00:00;64.0098156469367
12/02/2017;15:00:00;63.9713456690334
12/02/2017;16:00:00;63.9481520048007
12/02/2017;17:00:00;63.9865307480223
12/02/2017;18:00:00;64.0112504770413
12/02/2017;19:00:00;63.9811270896198
12/02/2017;20:00:00;64.0206722060474
12/02/2017;21:00:00;63.9781436865067
12/02/2017;22:00:00;63.9855582098651
12/02/2017;23:00:00;63.9897089955817
12/03/2017;00:00:00;64.014340087322
12/03/2017;01:00:00;63.9702474080738
12/03/2017;02:00:00;64.0174231084343
12/03/2017;03:00:00;64.0052838236485
12/03/2017;04:00:00;64.0222026970887
12/03/2017;05:00:00;64.0068152079179
12/03/2017;06:00:00;63.7308564657413
12/03/2017;07:00:00;63.0170958551264
12/03/2017;08:00:00;62.9955581033164
12/03/2017;09:00:00;62.9661975550607
12/03/2017;10:00:00;63.0046662591727
12/03/2017;11:00:00;62.9981671143555
12/03/2017;12:00:00;62.9767408389377
12/03/2017;13:00:00;62.9726088064387
12/03/2017;14:00:00;62.9704101494022
12/03/2017;15:00:00;63.0187872539453
12/03/2017;16:00:00;63.0238988020327
12/03/2017;17:00:00;62.98630811479
12/03/2017;18:00:00;62.9830944662499
12/03/2017;19:00:00;62.2879267376899
12/03/2017;20:00:00;61.9982415227279
12/03/2017;21:00:00;61.9811092129088
12/03/2017;22:00:00;62.0066062734556
12/03/2017;23:00:00;61.9900087685392
12/04/2017;00:00:00;62.0066268723491
12/04/2017;01:00:00;61.9942410559154
12/04/2017;02:00:00;61.9982958240041
12/04/2017;03:00:00;62.007479297157
12/04/2017;04:00:00;61.980115954606
12/04/2017;05:00:00;62.0281159681716
12/04/2017;06:00:00;62.0015015466495
12/04/2017;07:00:00;62.0015952187426
12/04/2017;08:00:00;62.0006427404745
12/04/2017;09:00:00;62.0092542009267
12/04/2017;10:00:00;61.9819119514151
12/04/2017;11:00:00;62.0219658022837
12/04/2017;12:00:00;61.9885475246428
12/04/2017;13:00:00;62.0313450455547
12/04/2017;14:00:00;61.9745049296839
12/04/2017;15:00:00;61.9892543251749
12/04/2017;16:00:00;61.9985621900664
12/04/2017;17:00:00;62.0312141774475
12/04/2017;18:00:00;61.9992840924339
12/04/2017;19:00:00;62.0113436688329
12/04/2017;20:00:00;61.9904943331642
12/04/2017;21:00:00;62.0037775676785
12/04/2017;22:00:00;61.9756928708943
12/04/2017;23:00:00;62.0116720849947
12/05/2017;00:00:00;61.9938073560934
12/05/2017;01:00:00;62.0082690284405
12/05/2017;02:00:00;61.97405625047
12/05/2017;03:00:00;62.0232736110391
12/05/2017;04:00:00;62.0030411544686
12/05/2017;05:00:00;61.0869663040229
12/05/2017;06:00:00;61.0926160084794
12/05/2017;07:00:00;61.0531945711641
12/05/2017;08:00:00;61.0763688767363
12/05/2017;09:00:00;61.0876746093287
12/05/2017;10:00:00;61.0829473972599
12/05/2017;11:00:00;61.0571808657324
12/05/2017;12:00:00;61.0414645092522
12/05/2017;13:00:00;61.0794000591329
12/05/2017;14:00:00;61.0753374976025
12/05/2017;15:00:00;61.0869102697729
12/05/2017;16:00:00;61.0777129257846
12/05/2017;17:00:00;61.0965465804517
12/05/2017;18:00:00;61.0646510827197
12/05/2017;19:00:00;61.0841628749104
12/05/2017;20:00:00;61.0726013602119
12/05/2017;21:00:00;61.1117188123887
12/05/2017;22:00:00;61.0828521040427
12/05/2017;23:00:00;61.0610476027537
12/06/2017;00:00:00;61.0720122138628
12/06/2017;01:00:00;61.0729649499951
12/06/2017;02:00:00;61.0763342605601
12/06/2017;03:00:00;61.0677975869143
12/06/2017;04:00:00;61.0665766694238
12/06/2017;05:00:00;61.0512653294807
12/06/2017;06:00:00;61.0667838385968
12/06/2017;07:00:00;61.0975623389772
12/06/2017;08:00:00;61.0696667494916
12/06/2017;09:00:00;61.0620384181552
12/06/2017;10:00:00;64.5096414003919
12/06/2017;11:00:00;65.8468927703262
12/06/2017;12:00:00;66.6207432424307
12/06/2017;13:00:00;66.6218181080477
12/06/2017;14:00:00;66.6265841288222
12/06/2017;15:00:00;66.6027620712827
12/06/2017;16:00:00;66.6137242464839
12/06/2017;17:00:00;66.6297154712949
12/06/2017;18:00:00;66.6569364460004
12/06/2017;19:00:00;66.6325792023816
12/06/2017;20:00:00;66.6321807702134
12/06/2017;21:00:00;66.6363426952297
12/06/2017;22:00:00;66.6416821746121
12/06/2017;23:00:00;66.6475357421959
12/07/2017;00:00:00;66.6118256412613
12/07/2017;01:00:00;66.627083609662
12/07/2017;02:00:00;66.6330746161188
12/07/2017;03:00:00;66.6113157477848
12/07/2017;04:00:00;66.6518868300867
12/07/2017;05:00:00;66.6096003501656
12/07/2017;06:00:00;66.615083616588
12/07/2017;07:00:00;66.6206459447305
12/07/2017;08:00:00;66.651856961953
12/07/2017;09:00:00;66.6119007563738
12/07/2017;10:00:00;66.6076780869615
12/07/2017;11:00:00;66.6460500630683
12/07/2017;12:00:00;66.613467821274
12/07/2017;13:00:00;66.6157207321873
12/07/2017;14:00:00;66.6425436848614
12/07/2017;15:00:00;66.6230868839934
12/07/2017;16:00:00;66.6160321271307
12/07/2017;17:00:00;66.6439742570362
12/07/2017;18:00:00;66.6311631084643
12/07/2017;19:00:00;66.6340916810239
12/07/2017;20:00:00;66.6013667496313
12/07/2017;21:00:00;66.6268880036366
12/07/2017;22:00:00;66.6198288521115
12/07/2017;23:00:00;66.6574705448856
12/08/2017;00:00:00;66.5980248382724
12/08/2017;01:00:00;66.6068028978279
12/08/2017;02:00:00;66.5928822136306
12/08/2017;03:00:00;66.6108379999035
12/08/2017;04:00:00;66.6404305841032
12/08/2017;05:00:00;66.6305415639175
12/08/2017;06:00:00;66.6283998129618
12/08/2017;07:00:00;66.6141047649076
12/08/2017;08:00:00;66.6148666010629
12/08/2017;09:00:00;66.6138321320232
12/08/2017;10:00:00;66.6561329791344
12/08/2017;11:00:00;66.6705743614364
12/08/2017;12:00:00;66.6202255957964
12/08/2017;13:00:00;66.5937241790855
12/08/2017;14:00:00;66.6131493964935
12/08/2017;15:00:00;66.6142086154927
12/08/2017;16:00:00;66.6192621330666
12/08/2017;17:00:00;66.6085794712645
12/08/2017;18:00:00;66.6371750947353
12/08/2017;19:00:00;66.6029892136665
12/08/2017;20:00:00;66.6096017125935
12/08/2017;21:00:00;66.6283150447834
12/08/2017;22:00:00;66.6719897840405
12/08/2017;23:00:00;66.6017016871633
12/09/2017;00:00:00;66.6010459478402
12/09/2017;01:00:00;66.6105868277433
12/09/2017;02:00:00;66.6368411077322
12/09/2017;03:00:00;66.6329979974671
12/09/2017;04:00:00;66.6000780407739
12/09/2017;05:00:00;66.6311359944651
12/09/2017;06:00:00;66.6356177717592
12/09/2017;07:00:00;66.5972885274383
12/09/2017;08:00:00;66.6058025032406
12/09/2017;09:00:00;66.6377493533205
12/09/2017;10:00:00;66.6109670818736
12/09/2017;11:00:00;66.6288058361337
12/09/2017;12:00:00;66.6328593943005
12/09/2017;13:00:00;66.6206047945487
12/09/2017;14:00:00;66.6045922337488
12/09/2017;15:00:00;66.6197760389286
12/09/2017;16:00:00;66.6195538789066
12/09/2017;17:00:00;66.6424257665556
12/09/2017;18:00:00;66.6202526702003
12/09/2017;19:00:00;66.6134272384933
12/09/2017;20:00:00;66.649182361611
12/09/2017;21:00:00;66.6204744131752
12/09/2017;22:00:00;66.6344600131951
12/09/2017;23:00:00;66.6277117355167
12/10/2017;00:00:00;66.6250874963639
12/10/2017;01:00:00;66.6008324715621
12/10/2017;02:00:00;66.6289664744007
12/10/2017;03:00:00;66.6386045698447
12/10/2017;04:00:00;66.6214520177954
12/10/2017;05:00:00;66.6365919498515
12/10/2017;06:00:00;66.6257394159344
12/10/2017;07:00:00;66.6165472870747
12/10/2017;08:00:00;66.5839341692614
12/10/2017;09:00:00;66.6542541224656
12/10/2017;10:00:00;66.6311113164912
12/10/2017;11:00:00;66.6039843132117
12/10/2017;12:00:00;66.6186436531603
12/10/2017;13:00:00;66.6119604740867
12/10/2017;14:00:00;66.6328928695014
12/10/2017;15:00:00;66.6414658706757
12/10/2017;16:00:00;66.6234894333414
12/10/2017;17:00:00;66.6184458194012
12/10/2017;18:00:00;66.6179091835288
12/10/2017;19:00:00;66.641283563404
12/10/2017;20:00:00;66.6038768898473
12/10/2017;21:00:00;66.634223697091
12/10/2017;22:00:00;66.6528709851554
12/10/2017;23:00:00;66.6317199830349
12/11/2017;00:00:00;66.6089365214193
12/11/2017;01:00:00;66.6360612981225
12/11/2017;02:00:00;66.6382528082489
12/11/2017;03:00:00;66.6114181059816
12/11/2017;04:00:00;66.6348363596253
12/11/2017;05:00:00;66.6451297740029
12/11/2017;06:00:00;66.6131185240828
12/11/2017;07:00:00;66.6458392065012
12/11/2017;08:00:00;66.6419514346503
12/11/2017;09:00:00;66.6033613653331
12/11/2017;10:00:00;66.6334917470597
12/11/2017;11:00:00;66.6305624098849
12/11/2017;12:00:00;66.620746225582
12/11/2017;13:00:00;66.6650056806884
12/11/2017;14:00:00;66.6124346939487
12/11/2017;15:00:00;66.6183269009038
12/11/2017;16:00:00;66.6257221533419
12/11/2017;17:00:00;66.6467346573906
12/11/2017;18:00:00;66.6278997482516
12/11/2017;19:00:00;66.6204825616769
12/11/2017;20:00:00;66.6550926449722
12/11/2017;21:00:00;66.5811506977779
12/11/2017;22:00:00;66.6200082382293
12/11/2017;23:00:00;66.6168016803444
12/12/2017;00:00:00;66.609853949041
12/12/2017;01:00:00;66.59437770246
12/12/2017;02:00:00;66.5986367719614
12/12/2017;03:00:00;66.6213866005088
12/12/2017;04:00:00;66.6178227100677
12/12/2017;05:00:00;66.5983384782954
12/12/2017;06:00:00;66.6394432802415
12/12/2017;07:00:00;66.6203796473119
12/12/2017;08:00:00;66.6469896613382
12/12/2017;09:00:00;66.5842938906963
12/12/2017;10:00:00;67.6505181178169
12/12/2017;11:00:00;72.7229092441195
12/12/2017;12:00:00;73.0917879110278
12/12/2017;13:00:00;71.6905493585853
12/12/2017;14:00:00;67.7041341715528
12/12/2017;15:00:00;66.5929394463738
12/12/2017;16:00:00;66.6082190869525
12/12/2017;17:00:00;66.6523188423409
12/12/2017;18:00:00;66.6403866675277
12/12/2017;19:00:00;66.6126615806501
12/12/2017;20:00:00;66.597978236584
12/12/2017;21:00:00;66.6081587499082
12/12/2017;22:00:00;66.6312599484859
12/12/2017;23:00:00;66.6218503031017
12/13/2017;00:00:00;64.1284002944324
12/13/2017;01:00:00;63.9939974292376
12/13/2017;02:00:00;64.0097747123501
12/13/2017;03:00:00;63.9959546899129
12/13/2017;04:00:00;63.9746670002318
12/13/2017;05:00:00;64.0051861853772
12/13/2017;06:00:00;64.0480671048856
12/13/2017;07:00:00;64.0018578337678
12/13/2017;08:00:00;64.0118966393794
12/13/2017;09:00:00;64.0074967121787
12/13/2017;10:00:00;63.9906339739704
12/13/2017;11:00:00;63.9906632360175
12/13/2017;12:00:00;63.9963879400019
12/13/2017;13:00:00;63.9901953148618
12/13/2017;14:00:00;64.0044928423889
12/13/2017;15:00:00;63.9962397845635
12/13/2017;16:00:00;63.9801809590716
12/13/2017;17:00:00;63.9525580954032
12/13/2017;18:00:00;63.9849272912523
12/13/2017;19:00:00;64.0098204308989
12/13/2017;20:00:00;64.0137598561554
12/13/2017;21:00:00;64.0011069772065
12/13/2017;22:00:00;63.9786498018067
12/13/2017;23:00:00;63.2688861446502
12/14/2017;00:00:00;63.0859780862685
12/14/2017;01:00:00;63.0285949921574
12/14/2017;02:00:00;63.0887301465308
12/14/2017;03:00:00;63.0515055118733
12/14/2017;04:00:00;63.0889977202926
12/14/2017;05:00:00;63.0605271259684
12/14/2017;06:00:00;63.0462322592085
12/14/2017;07:00:00;63.0708794247927
12/14/2017;08:00:00;63.0857231896537
12/14/2017;09:00:00;63.0676974869535
12/14/2017;10:00:00;63.058948738267
12/14/2017;11:00:00;63.0773262573685
12/14/2017;12:00:00;63.0908484421557
12/14/2017;13:00:00;63.0899031441448
12/14/2017;14:00:00;63.0885445017283
12/14/2017;15:00:00;63.0731556723012
12/14/2017;16:00:00;63.0650009725322
12/14/2017;17:00:00;63.0728691694462
12/14/2017;18:00:00;62.5946311684998
12/14/2017;19:00:00;62.0136510659565
12/14/2017;20:00:00;61.9843929793275
12/14/2017;21:00:00;62.0107822591486
12/14/2017;22:00:00;60.0132899576207
12/14/2017;23:00:00;60.0348938731446
12/15/2017;00:00:00;59.9524896495576
12/15/2017;01:00:00;60.0228692996837
12/15/2017;02:00:00;59.9884659018091
12/15/2017;03:00:00;60.0314908414764
12/15/2017;04:00:00;59.9665593808003
12/15/2017;05:00:00;60.0321721999123
12/15/2017;06:00:00;59.4205586793725
12/15/2017;07:00:00;58.1392537711971
12/15/2017;08:00:00;58.1391021125025
12/15/2017;09:00:00;58.1559196978929
12/15/2017;10:00:00;58.1449196569808
12/15/2017;11:00:00;58.1567829907169
12/15/2017;12:00:00;56.8361358643809
12/15/2017;13:00:00;56.0650355875664
12/15/2017;14:00:00;56.0628799595844
12/15/2017;15:00:00;56.0853060941655
12/15/2017;16:00:00;56.0731090923718
12/15/2017;17:00:00;56.0634554829403
12/15/2017;18:00:00;56.0971735313883
12/15/2017;19:00:00;56.0633506825735
12/15/2017;20:00:00;56.0466127731929
12/15/2017;21:00:00;56.0872017091371
12/15/2017;22:00:00;56.064942068861
12/15/2017;23:00:00;56.0705613355167
12/16/2017;00:00:00;56.0312694261065
12/16/2017;01:00:00;56.0843023623914
12/16/2017;02:00:00;56.0665775276506
12/16/2017;03:00:00;56.0840530188439
12/16/2017;04:00:00;56.0409930464529
12/16/2017;05:00:00;56.0543784347673
12/16/2017;06:00:00;56.0688446295652
12/16/2017;07:00:00;56.0411154838043
12/16/2017;08:00:00;56.0690757202205
12/16/2017;09:00:00;56.0816019669356
12/16/2017;10:00:00;56.0665198058399
12/16/2017;11:00:00;56.0347023728491
12/16/2017;12:00:00;56.0690262593191
12/16/2017;13:00:00;56.0757941780894
12/16/2017;14:00:00;56.0708681223234
12/16/2017;15:00:00;56.0267571234141
12/16/2017;16:00:00;56.0561970964772
12/16/2017;17:00:00;56.0770771726953
12/16/2017;18:00:00;56.0627389186173
12/16/2017;19:00:00;56.0755827233868
12/16/2017;20:00:00;56.0869785811197
12/16/2017;21:00:00;56.0601040625813
12/16/2017;22:00:00;56.0470222601254
12/16/2017;23:00:00;56.0730781076668
12/17/2017;00:00:00;56.080467833558
12/17/2017;01:00:00;56.0657781818108
12/17/2017;02:00:00;56.0763290411061
12/17/2017;03:00:00;56.1132253136984
12/17/2017;04:00:00;56.0479868313096
12/17/2017;05:00:00;56.0420347431377
12/17/2017;06:00:00;56.0468977704565
12/17/2017;07:00:00;56.0514443012366
12/17/2017;08:00:00;56.0889831998117
12/17/2017;09:00:00;56.0841869431651
12/17/2017;10:00:00;56.048474357973
12/17/2017;11:00:00;56.0561447343983
12/17/2017;12:00:00;56.0816586078879
12/17/2017;13:00:00;56.023579795863
12/17/2017;14:00:00;56.0787098255069
12/17/2017;15:00:00;56.0460288894154
12/17/2017;16:00:00;56.0569004282719
12/17/2017;17:00:00;56.077850489662
12/17/2017;18:00:00;56.0662419350889
12/17/2017;19:00:00;56.0726792978267
12/17/2017;20:00:00;56.0744035028925
12/17/2017;21:00:00;56.0557344456791
12/17/2017;22:00:00;56.0808240510419
