DATE;TIME;FC0215OUT.PV
10/31/2017;00:00:00;71.0081284354082
10/31/2017;01:00:00;70.9698744962852
10/31/2017;02:00:00;70.949389591612
10/31/2017;03:00:00;70.9291107009668
10/31/2017;04:00:00;70.9048492572635
10/31/2017;05:00:00;70.9437516105878
10/31/2017;06:00:00;70.9428316296716
10/31/2017;07:00:00;70.9844000203903
10/31/2017;08:00:00;70.9626607423172
10/31/2017;09:00:00;71.0363073185746
10/31/2017;10:00:00;71.1748922557309
10/31/2017;11:00:00;71.1936650277095
10/31/2017;12:00:00;71.1085728954319
10/31/2017;13:00:00;71.18037104352
10/31/2017;14:00:00;71.2346831423493
10/31/2017;15:00:00;71.2433826066852
10/31/2017;16:00:00;71.2391499553972
10/31/2017;17:00:00;71.143788246665
10/31/2017;18:00:00;71.253463137378
10/31/2017;19:00:00;71.2101859241086
10/31/2017;20:00:00;71.1847311651225
10/31/2017;21:00:00;71.2161679264778
10/31/2017;22:00:00;71.2510796572793
10/31/2017;23:00:00;71.3069106002539
11/01/2017;00:00:00;71.3916090568192
11/01/2017;01:00:00;71.310690401729
11/01/2017;02:00:00;71.3991984971362
11/01/2017;03:00:00;71.3853612233046
11/01/2017;04:00:00;71.3818852535234
11/01/2017;05:00:00;71.3673455614421
11/01/2017;06:00:00;71.389183480617
11/01/2017;07:00:00;71.4220536492522
11/01/2017;08:00:00;71.4368552285568
11/01/2017;09:00:00;71.3808243762225
11/01/2017;10:00:00;71.4312606905241
11/01/2017;11:00:00;71.3909579211177
11/01/2017;12:00:00;71.3402885984463
11/01/2017;13:00:00;71.3814025349057
11/01/2017;14:00:00;71.3902990380086
11/01/2017;15:00:00;71.3662935252781
11/01/2017;16:00:00;71.3623114155238
11/01/2017;17:00:00;71.3611444830071
11/01/2017;18:00:00;71.3402642181488
11/01/2017;19:00:00;71.3751942929826
11/01/2017;20:00:00;71.3973893293678
11/01/2017;21:00:00;71.4089329018241
11/01/2017;22:00:00;71.4053437365138
11/01/2017;23:00:00;71.4238313396656
11/02/2017;00:00:00;71.4058115245128
11/02/2017;01:00:00;71.4810403337826
11/02/2017;02:00:00;71.439289914889
11/02/2017;03:00:00;71.4388468047841
11/02/2017;04:00:00;71.4580354925804
11/02/2017;05:00:00;71.4226115577461
11/02/2017;06:00:00;71.3519593722214
11/02/2017;07:00:00;71.3724893167592
11/02/2017;08:00:00;71.3777956404939
11/02/2017;09:00:00;71.3026431272181
11/02/2017;10:00:00;71.2551910119056
11/02/2017;11:00:00;71.3258559774727
11/02/2017;12:00:00;71.3877774889593
11/02/2017;13:00:00;71.4196176884636
11/02/2017;14:00:00;71.4434222807938
11/02/2017;15:00:00;71.4699032997071
11/02/2017;16:00:00;71.4922676478235
11/02/2017;17:00:00;71.511809551674
11/02/2017;18:00:00;71.4619078110426
11/02/2017;19:00:00;71.273758315083
11/02/2017;20:00:00;71.2722825301592
11/02/2017;21:00:00;71.2669919448472
11/02/2017;22:00:00;71.2374549598792
11/02/2017;23:00:00;71.2543850889618
11/03/2017;00:00:00;71.2663328643261
11/03/2017;01:00:00;71.2319708320937
11/03/2017;02:00:00;71.2720768111797
11/03/2017;03:00:00;71.2012181301473
11/03/2017;04:00:00;71.2511505865192
11/03/2017;05:00:00;71.2427200594714
11/03/2017;06:00:00;71.3219345433448
11/03/2017;07:00:00;71.2649324216129
11/03/2017;08:00:00;71.3089567784043
11/03/2017;09:00:00;71.3112022958951
11/03/2017;10:00:00;71.3007991958479
11/03/2017;11:00:00;71.3125952938564
11/03/2017;12:00:00;71.3686827812979
11/03/2017;13:00:00;71.3839650032425
11/03/2017;14:00:00;71.3717499319784
11/03/2017;15:00:00;71.3974579661811
11/03/2017;16:00:00;71.3623557109023
11/03/2017;17:00:00;71.3458726125137
11/03/2017;18:00:00;71.4485247774893
11/03/2017;19:00:00;71.5071753523425
11/03/2017;20:00:00;71.5757361005634
11/03/2017;21:00:00;71.5154359336831
11/03/2017;22:00:00;71.4915979624748
11/03/2017;23:00:00;71.5005761652245
11/04/2017;00:00:00;71.4715440087426
11/04/2017;01:00:00;71.3165844873005
11/04/2017;02:00:00;71.3992892431626
11/04/2017;03:00:00;71.4041824006331
11/04/2017;04:00:00;71.3998545465532
11/04/2017;05:00:00;71.414725199463
11/04/2017;06:00:00;71.3532421546376
11/04/2017;07:00:00;71.3962171245953
11/04/2017;08:00:00;71.4042560214484
11/04/2017;09:00:00;71.3630876823054
11/04/2017;10:00:00;71.4092311005474
11/04/2017;11:00:00;71.3864406494654
11/04/2017;12:00:00;71.3895845453091
11/04/2017;13:00:00;71.4027073068274
11/04/2017;14:00:00;71.4247695403914
11/04/2017;15:00:00;71.4159492628758
11/04/2017;16:00:00;71.3647202018608
11/04/2017;17:00:00;71.3859739343907
11/04/2017;18:00:00;71.4127520599666
11/04/2017;19:00:00;71.4659430271325
11/04/2017;20:00:00;71.4127124137812
11/04/2017;21:00:00;71.4537148713589
11/04/2017;22:00:00;71.4236301265322
11/04/2017;23:00:00;71.3359280276519
11/05/2017;00:00:00;71.4047138081047
11/05/2017;01:00:00;71.4301387762083
11/05/2017;02:00:00;71.3536475034934
11/05/2017;03:00:00;71.3653641306655
11/05/2017;04:00:00;71.3343160566425
11/05/2017;05:00:00;71.3985884021949
11/05/2017;06:00:00;71.4132985940639
11/05/2017;07:00:00;71.3437235870889
11/05/2017;08:00:00;71.37354768562
11/05/2017;09:00:00;71.3684152268882
11/05/2017;10:00:00;71.3384240159989
11/05/2017;11:00:00;71.3522805016273
11/05/2017;12:00:00;71.3493079490332
11/05/2017;13:00:00;71.4532618717229
11/05/2017;14:00:00;71.4544317957753
11/05/2017;15:00:00;71.4793833538174
11/05/2017;16:00:00;71.5605511630639
11/05/2017;17:00:00;71.494264496565
11/05/2017;18:00:00;71.4098182869297
11/05/2017;19:00:00;71.4396410844856
11/05/2017;20:00:00;71.4165184571771
11/05/2017;21:00:00;71.4023385376118
11/05/2017;22:00:00;71.4086856268641
11/05/2017;23:00:00;71.358433161813
11/06/2017;00:00:00;71.381827043687
11/06/2017;01:00:00;71.4341183630685
11/06/2017;02:00:00;71.3672018764193
11/06/2017;03:00:00;71.4052063676955
11/06/2017;04:00:00;71.390270997283
11/06/2017;05:00:00;71.4300171708271
11/06/2017;06:00:00;71.3926694763993
11/06/2017;07:00:00;71.3716870430272
11/06/2017;08:00:00;71.3593544189238
11/06/2017;09:00:00;71.3884087229925
11/06/2017;10:00:00;71.4365224309766
11/06/2017;11:00:00;71.4779261991509
11/06/2017;12:00:00;71.5389623497827
11/06/2017;13:00:00;71.4889251771575
11/06/2017;14:00:00;71.5213449188141
11/06/2017;15:00:00;71.4691856526823
11/06/2017;16:00:00;71.5407144059736
11/06/2017;17:00:00;71.5307464878157
11/06/2017;18:00:00;71.5015781368838
11/06/2017;19:00:00;71.4464537058013
11/06/2017;20:00:00;71.4955449630688
11/06/2017;21:00:00;71.4877957075963
11/06/2017;22:00:00;71.5490530889159
11/06/2017;23:00:00;71.5260018998045
11/07/2017;00:00:00;71.5445696849641
11/07/2017;01:00:00;71.5480615972002
11/07/2017;02:00:00;71.5768337813769
11/07/2017;03:00:00;71.6015465821229
11/07/2017;04:00:00;71.5994923267011
11/07/2017;05:00:00;71.5652732735022
11/07/2017;06:00:00;71.5287526619287
11/07/2017;07:00:00;71.526254134461
11/07/2017;08:00:00;71.5573531154096
11/07/2017;09:00:00;71.491659266043
11/07/2017;10:00:00;71.5259041108916
11/07/2017;11:00:00;71.5624764352352
11/07/2017;12:00:00;71.5410807727705
11/07/2017;13:00:00;71.5844353804952
11/07/2017;14:00:00;71.5950846053155
11/07/2017;15:00:00;71.5717005606134
11/07/2017;16:00:00;71.5969077581064
11/07/2017;17:00:00;71.5795688693614
11/07/2017;18:00:00;71.5991473505311
11/07/2017;19:00:00;71.671973465756
11/07/2017;20:00:00;71.6591321671467
11/07/2017;21:00:00;71.6173284723504
11/07/2017;22:00:00;71.5866883486912
11/07/2017;23:00:00;71.573407536604
11/08/2017;00:00:00;71.6041266767168
11/08/2017;01:00:00;71.5810796300138
11/08/2017;02:00:00;71.5463867595159
11/08/2017;03:00:00;71.5829163409051
11/08/2017;04:00:00;71.5748809479581
11/08/2017;05:00:00;71.544786736468
11/08/2017;06:00:00;71.4847971759993
11/08/2017;07:00:00;71.49809344782
11/08/2017;08:00:00;71.5394277095824
11/08/2017;09:00:00;71.4918797285295
11/08/2017;10:00:00;71.4598089125217
11/08/2017;11:00:00;71.4890555049928
11/08/2017;12:00:00;71.4769187700681
11/08/2017;13:00:00;71.5141971880627
11/08/2017;14:00:00;71.496738195905
11/08/2017;15:00:00;71.5528143789729
11/08/2017;16:00:00;71.4912846683413
11/08/2017;17:00:00;71.4978086111709
11/08/2017;18:00:00;71.4473985042418
11/08/2017;19:00:00;71.5109635949955
11/08/2017;20:00:00;71.5559920621392
11/08/2017;21:00:00;71.5244256871084
11/08/2017;22:00:00;71.5194395509975
11/08/2017;23:00:00;71.5997140403488
11/09/2017;00:00:00;71.624928170613
11/09/2017;01:00:00;71.5622880707891
11/09/2017;02:00:00;71.5790230931028
11/09/2017;03:00:00;71.536427779197
11/09/2017;04:00:00;71.5302444207262
11/09/2017;05:00:00;71.5931024336626
11/09/2017;06:00:00;71.4828595353118
11/09/2017;07:00:00;71.5924787951024
11/09/2017;08:00:00;71.5758085041957
11/09/2017;09:00:00;71.4148813251605
11/09/2017;10:00:00;71.3979950272221
11/09/2017;11:00:00;71.3962288862763
11/09/2017;12:00:00;71.3008958035758
11/09/2017;13:00:00;71.3162501568877
11/09/2017;14:00:00;71.3375071317521
11/09/2017;15:00:00;71.3100145731295
11/09/2017;16:00:00;71.3435344144669
11/09/2017;17:00:00;71.4103446655618
11/09/2017;18:00:00;71.381244096461
11/09/2017;19:00:00;71.2865477934847
11/09/2017;20:00:00;71.2884821020327
11/09/2017;21:00:00;71.3906623740745
11/09/2017;22:00:00;71.3828725571397
11/09/2017;23:00:00;71.3157155504351
11/10/2017;00:00:00;71.2837225829996
11/10/2017;01:00:00;71.3575465484617
11/10/2017;02:00:00;71.2826802914534
11/10/2017;03:00:00;71.3200636465343
11/10/2017;04:00:00;71.331093297981
11/10/2017;05:00:00;71.3103329838488
11/10/2017;06:00:00;71.3571261267419
11/10/2017;07:00:00;71.242277778699
11/10/2017;08:00:00;71.3507809529166
11/10/2017;09:00:00;71.3247869061899
11/10/2017;10:00:00;71.3715314511669
11/10/2017;11:00:00;71.3634760906611
11/10/2017;12:00:00;71.373287187547
11/10/2017;13:00:00;71.4091312216761
11/10/2017;14:00:00;71.3864890819196
11/10/2017;15:00:00;71.3853450214177
11/10/2017;16:00:00;71.411139195829
11/10/2017;17:00:00;71.3830449855581
11/10/2017;18:00:00;71.335223206729
11/10/2017;19:00:00;71.330919059478
11/10/2017;20:00:00;71.3036083098524
11/10/2017;21:00:00;71.3136688488101
11/10/2017;22:00:00;71.3251420223882
11/10/2017;23:00:00;71.3184544101635
11/11/2017;00:00:00;71.3124414778549
11/11/2017;01:00:00;71.3714613214071
11/11/2017;02:00:00;71.3807172203387
11/11/2017;03:00:00;71.3707896600173
11/11/2017;04:00:00;71.3896249316793
11/11/2017;05:00:00;71.3794515508018
11/11/2017;06:00:00;71.3368457193282
11/11/2017;07:00:00;71.3688928550312
11/11/2017;08:00:00;71.4014076094556
11/11/2017;09:00:00;71.3756759994739
11/11/2017;10:00:00;71.3929171596253
11/11/2017;11:00:00;71.4096506294657
11/11/2017;12:00:00;71.4059085385712
11/11/2017;13:00:00;71.4040984540122
11/11/2017;14:00:00;71.4011778228548
11/11/2017;15:00:00;71.3909818492992
11/11/2017;16:00:00;71.3880053641577
11/11/2017;17:00:00;71.3647575908162
11/11/2017;18:00:00;71.3221788297201
11/11/2017;19:00:00;71.3590796890331
11/11/2017;20:00:00;71.2384979609606
11/11/2017;21:00:00;71.33207650968
11/11/2017;22:00:00;71.2827767334154
11/11/2017;23:00:00;71.2986742028236
11/12/2017;00:00:00;71.3376156158615
11/12/2017;01:00:00;71.407976496158
11/12/2017;02:00:00;71.414067556158
11/12/2017;03:00:00;71.3901025710832
11/12/2017;04:00:00;71.3829640850165
11/12/2017;05:00:00;71.3867692545316
11/12/2017;06:00:00;71.4148678325427
11/12/2017;07:00:00;71.365450327836
11/12/2017;08:00:00;71.4013805018269
11/12/2017;09:00:00;71.4408752028721
11/12/2017;10:00:00;71.4139213488923
11/12/2017;11:00:00;71.4053698741817
11/12/2017;12:00:00;71.3385638975511
11/12/2017;13:00:00;71.3546886516195
11/12/2017;14:00:00;71.3761095511184
11/12/2017;15:00:00;71.369997408588
11/12/2017;16:00:00;71.3569069265434
11/12/2017;17:00:00;71.3740310705855
11/12/2017;18:00:00;71.3397789408905
11/12/2017;19:00:00;71.3397383975086
11/12/2017;20:00:00;71.3815161489627
11/12/2017;21:00:00;71.3422091066604
11/12/2017;22:00:00;71.3314194484535
11/12/2017;23:00:00;71.3450507668881
11/13/2017;00:00:00;71.3868427808547
11/13/2017;01:00:00;71.4093456985477
11/13/2017;02:00:00;71.3261244852151
11/13/2017;03:00:00;71.3257486213811
11/13/2017;04:00:00;71.2891109102982
11/13/2017;05:00:00;71.3637992506748
11/13/2017;06:00:00;71.3179050996812
11/13/2017;07:00:00;71.3314238529224
11/13/2017;08:00:00;71.3298985442273
11/13/2017;09:00:00;71.3279506657693
11/13/2017;10:00:00;71.3353536718973
11/13/2017;11:00:00;71.3459768340413
11/13/2017;12:00:00;71.346356870881
11/13/2017;13:00:00;71.3442701314634
11/13/2017;14:00:00;71.3834620191506
11/13/2017;15:00:00;71.392194222182
11/13/2017;16:00:00;71.3731716437005
11/13/2017;17:00:00;71.3477693519313
11/13/2017;18:00:00;71.3403056859984
11/13/2017;19:00:00;71.3207163300691
11/13/2017;20:00:00;71.313237843392
11/13/2017;21:00:00;71.3013857252968
11/13/2017;22:00:00;71.2815671177053
11/13/2017;23:00:00;71.2686725940533
11/14/2017;00:00:00;71.300538654727
11/14/2017;01:00:00;71.2824257391202
11/14/2017;02:00:00;71.2980148137378
11/14/2017;03:00:00;71.2638762060478
11/14/2017;04:00:00;71.3047882576938
11/14/2017;05:00:00;71.2887315716742
11/14/2017;06:00:00;71.2677118235806
11/14/2017;07:00:00;71.1860322551831
11/14/2017;08:00:00;71.2853797535178
11/14/2017;09:00:00;71.2442890895478
11/14/2017;10:00:00;71.2483209186151
11/14/2017;11:00:00;71.2382086922215
11/14/2017;12:00:00;71.226773263669
11/14/2017;13:00:00;71.40315037666
11/14/2017;14:00:00;71.3769435478692
11/14/2017;15:00:00;71.4332457311088
11/14/2017;16:00:00;71.3206157595427
11/14/2017;17:00:00;71.3400473837552
11/14/2017;18:00:00;71.2710574852909
11/14/2017;19:00:00;71.3087677237371
11/14/2017;20:00:00;71.2992651889479
11/14/2017;21:00:00;71.2790021027715
11/14/2017;22:00:00;71.2802393474229
11/14/2017;23:00:00;71.2680099102009
11/15/2017;00:00:00;71.2883963808541
11/15/2017;01:00:00;71.3425149197543
11/15/2017;02:00:00;71.3761788059637
11/15/2017;03:00:00;71.4032446778713
11/15/2017;04:00:00;71.3764758780579
11/15/2017;05:00:00;71.4240617715201
11/15/2017;06:00:00;71.4129280692812
11/15/2017;07:00:00;71.4133634551097
11/15/2017;08:00:00;71.4546936561765
11/15/2017;09:00:00;71.4405683567523
11/15/2017;10:00:00;71.4491417030468
11/15/2017;11:00:00;71.490500623369
11/15/2017;12:00:00;71.502767114138
11/15/2017;13:00:00;71.4836686676497
11/15/2017;14:00:00;71.5332835276472
11/15/2017;15:00:00;71.3189008527058
11/15/2017;16:00:00;70.2227723321062
11/15/2017;17:00:00;70.803480217961
11/15/2017;18:00:00;70.7456677158595
11/15/2017;19:00:00;70.8375145748218
11/15/2017;20:00:00;70.827686563167
11/15/2017;21:00:00;70.7351095549134
11/15/2017;22:00:00;70.7397072173852
11/15/2017;23:00:00;70.7236040322028
11/16/2017;00:00:00;70.6515868925685
11/16/2017;01:00:00;70.6822346328404
11/16/2017;02:00:00;70.7607507835902
11/16/2017;03:00:00;70.7107395312241
11/16/2017;04:00:00;70.7051853410601
11/16/2017;05:00:00;70.6959999844883
11/16/2017;06:00:00;70.7703318863188
11/16/2017;07:00:00;70.7224513754611
11/16/2017;08:00:00;70.7329899820941
11/16/2017;09:00:00;70.643924785121
11/16/2017;10:00:00;70.718769026861
11/16/2017;11:00:00;70.7364886290695
11/16/2017;12:00:00;70.6952095157046
11/16/2017;13:00:00;70.6743218470499
11/16/2017;14:00:00;70.6774864549402
11/16/2017;15:00:00;70.6810010371393
11/16/2017;16:00:00;70.6668492785651
11/16/2017;17:00:00;70.6581437528425
11/16/2017;18:00:00;70.5846871112916
11/16/2017;19:00:00;70.5978164129197
11/16/2017;20:00:00;70.6470638965923
11/16/2017;21:00:00;70.6641382836265
11/16/2017;22:00:00;70.6169575038805
11/16/2017;23:00:00;70.6243962846759
11/17/2017;00:00:00;70.6287403606723
11/17/2017;01:00:00;70.6559402778214
11/17/2017;02:00:00;70.6225170607378
11/17/2017;03:00:00;70.6020674097401
11/17/2017;04:00:00;70.5518911751745
11/17/2017;05:00:00;70.6444811208211
11/17/2017;06:00:00;70.6356669478693
11/17/2017;07:00:00;70.6087640131376
11/17/2017;08:00:00;70.5224927698971
11/17/2017;09:00:00;70.644140200635
11/17/2017;10:00:00;70.6217233479287
11/17/2017;11:00:00;70.6607628818097
11/17/2017;12:00:00;70.6801501095914
11/17/2017;13:00:00;70.6598746661418
11/17/2017;14:00:00;70.6265358727544
11/17/2017;15:00:00;70.6811156940363
11/17/2017;16:00:00;70.6954189894792
11/17/2017;17:00:00;70.6303249388851
11/17/2017;18:00:00;70.6271622958053
11/17/2017;19:00:00;70.6242877158399
11/17/2017;20:00:00;70.6208823517811
11/17/2017;21:00:00;70.6433930169756
11/17/2017;22:00:00;70.6305507061881
11/17/2017;23:00:00;70.6004225686322
11/18/2017;00:00:00;70.6026405827462
11/18/2017;01:00:00;70.6568464288918
11/18/2017;02:00:00;70.6566849722547
11/18/2017;03:00:00;70.6138225516811
11/18/2017;04:00:00;70.6167383835281
11/18/2017;05:00:00;70.635277975448
11/18/2017;06:00:00;70.6142929027145
11/18/2017;07:00:00;70.5329513604866
11/18/2017;08:00:00;70.5755472199614
11/18/2017;09:00:00;70.5411311704029
11/18/2017;10:00:00;70.6103058859321
11/18/2017;11:00:00;70.6289836487585
11/18/2017;12:00:00;70.6611899643765
11/18/2017;13:00:00;70.6420916695803
11/18/2017;14:00:00;70.6800891393274
11/18/2017;15:00:00;70.64267980458
11/18/2017;16:00:00;70.6298069624292
11/18/2017;17:00:00;70.6101591871795
11/18/2017;18:00:00;70.6679072972307
11/18/2017;19:00:00;70.6024233275327
11/18/2017;20:00:00;70.65558337357
11/18/2017;21:00:00;70.6953758781905
11/18/2017;22:00:00;70.6541598133023
11/18/2017;23:00:00;70.6193733344867
11/19/2017;00:00:00;70.6197984260963
11/19/2017;01:00:00;70.6385366794338
11/19/2017;02:00:00;70.6576161506657
11/19/2017;03:00:00;70.7665113924401
11/19/2017;04:00:00;70.6550977667074
11/19/2017;05:00:00;70.6929211689075
11/19/2017;06:00:00;70.6909134083338
11/19/2017;07:00:00;70.6408130690863
11/19/2017;08:00:00;70.7270247060444
11/19/2017;09:00:00;70.6851352564332
11/19/2017;10:00:00;70.7152322371674
11/19/2017;11:00:00;70.7471298897619
11/19/2017;12:00:00;70.7176728707296
11/19/2017;13:00:00;70.7145833476126
11/19/2017;14:00:00;70.6997244796121
11/19/2017;15:00:00;70.7140870001172
11/19/2017;16:00:00;70.7265914076531
11/19/2017;17:00:00;70.6883897236232
11/19/2017;18:00:00;70.7068353074881
11/19/2017;19:00:00;70.7022322752431
11/19/2017;20:00:00;70.660692054991
11/19/2017;21:00:00;70.7055906298196
11/19/2017;22:00:00;70.7466629862845
11/19/2017;23:00:00;70.7382838536359
11/20/2017;00:00:00;70.701036424279
11/20/2017;01:00:00;70.6911705581567
11/20/2017;02:00:00;70.7105428046966
11/20/2017;03:00:00;70.7381572968285
11/20/2017;04:00:00;70.8039159461787
11/20/2017;05:00:00;70.733912420715
11/20/2017;06:00:00;70.7047765835654
11/20/2017;07:00:00;70.6261226025742
11/20/2017;08:00:00;70.5900049499948
11/20/2017;09:00:00;70.6118421522761
11/20/2017;10:00:00;70.6544125809666
11/20/2017;11:00:00;70.6407444710097
11/20/2017;12:00:00;70.623040994786
11/20/2017;13:00:00;70.6453708489892
11/20/2017;14:00:00;70.6190068733103
11/20/2017;15:00:00;70.6493216249295
11/20/2017;16:00:00;70.6949426518989
11/20/2017;17:00:00;70.761389247719
11/20/2017;18:00:00;70.7365261624789
11/20/2017;19:00:00;70.6530008239406
11/20/2017;20:00:00;70.7155304285828
11/20/2017;21:00:00;70.6903953352544
11/20/2017;22:00:00;70.7409381021146
11/20/2017;23:00:00;70.6871367180489
11/21/2017;00:00:00;70.7677358755218
11/21/2017;01:00:00;70.7712158638457
11/21/2017;02:00:00;70.7509278420441
11/21/2017;03:00:00;70.7040911021325
11/21/2017;04:00:00;70.7570876473952
11/21/2017;05:00:00;70.7768285022049
11/21/2017;06:00:00;70.7750934407856
11/21/2017;07:00:00;70.7379412634944
11/21/2017;08:00:00;70.7411157948992
11/21/2017;09:00:00;70.7472446019172
11/21/2017;10:00:00;70.7959409001085
11/21/2017;11:00:00;70.7404941413698
11/21/2017;12:00:00;70.799836640409
11/21/2017;13:00:00;70.8302929617995
11/21/2017;14:00:00;70.7842395519879
11/21/2017;15:00:00;70.8138211330557
11/21/2017;16:00:00;70.8509820047247
11/21/2017;17:00:00;70.8744886623788
11/21/2017;18:00:00;70.8731568132201
11/21/2017;19:00:00;70.8031216134428
11/21/2017;20:00:00;70.8328535499186
11/21/2017;21:00:00;70.8486530780175
11/21/2017;22:00:00;70.9034765221195
11/21/2017;23:00:00;70.8244089619924
11/22/2017;00:00:00;70.8431609039754
11/22/2017;01:00:00;70.8242423978994
11/22/2017;02:00:00;70.808261640471
11/22/2017;03:00:00;70.7827060293304
11/22/2017;04:00:00;70.79794189879
11/22/2017;05:00:00;70.7793727057452
11/22/2017;06:00:00;70.8525883504961
11/22/2017;07:00:00;70.8079632459339
11/22/2017;08:00:00;70.8096795503881
11/22/2017;09:00:00;70.818632951273
11/22/2017;10:00:00;70.8596617311529
11/22/2017;11:00:00;70.8644463452395
11/22/2017;12:00:00;70.8652757449466
11/22/2017;13:00:00;70.8950073138143
11/22/2017;14:00:00;70.8755821879593
11/22/2017;15:00:00;70.8978950928091
11/22/2017;16:00:00;70.8906516752805
11/22/2017;17:00:00;70.9022915972679
11/22/2017;18:00:00;70.9639471887706
11/22/2017;19:00:00;70.9713303819683
11/22/2017;20:00:00;70.9483194018007
11/22/2017;21:00:00;70.9144203061126
11/22/2017;22:00:00;71.0043505500304
11/22/2017;23:00:00;70.9946139164282
11/23/2017;00:00:00;71.0035208392438
11/23/2017;01:00:00;70.967480726609
11/23/2017;02:00:00;71.0110443251758
11/23/2017;03:00:00;71.0087300077348
11/23/2017;04:00:00;71.0158018819681
11/23/2017;05:00:00;71.0273729222142
11/23/2017;06:00:00;71.0490022335539
11/23/2017;07:00:00;70.9718780750751
11/23/2017;08:00:00;70.940854345742
11/23/2017;09:00:00;71.0387515710739
11/23/2017;10:00:00;71.0891875531194
11/23/2017;11:00:00;71.0136942734341
11/23/2017;12:00:00;71.0428005519836
11/23/2017;13:00:00;71.0936099479786
11/23/2017;14:00:00;71.1000231055286
11/23/2017;15:00:00;71.1092821482991
11/23/2017;16:00:00;71.1132572059831
11/23/2017;17:00:00;71.0966297567227
11/23/2017;18:00:00;71.0621163213195
11/23/2017;19:00:00;70.9973823840334
11/23/2017;20:00:00;71.0503943051589
11/23/2017;21:00:00;71.0800067471645
11/23/2017;22:00:00;71.0526663113019
11/23/2017;23:00:00;71.0225485670296
11/24/2017;00:00:00;71.0655555042391
11/24/2017;01:00:00;71.0716981367816
11/24/2017;02:00:00;71.0456800877387
11/24/2017;03:00:00;71.1399788383775
11/24/2017;04:00:00;71.1571038297943
11/24/2017;05:00:00;71.085908053577
11/24/2017;06:00:00;71.1312812324378
11/24/2017;07:00:00;71.1285896940703
11/24/2017;08:00:00;71.1279640289835
11/24/2017;09:00:00;71.112527427862
11/24/2017;10:00:00;71.1562898421987
11/24/2017;11:00:00;71.1878572196307
11/24/2017;12:00:00;71.165596289003
11/24/2017;13:00:00;71.1106899436945
11/24/2017;14:00:00;71.1383952858952
11/24/2017;15:00:00;71.0632958096207
11/24/2017;16:00:00;71.1490156899691
11/24/2017;17:00:00;71.1284762439131
11/24/2017;18:00:00;71.1060862325547
11/24/2017;19:00:00;71.0568400406156
11/24/2017;20:00:00;71.0975462738902
11/24/2017;21:00:00;71.1398971460742
11/24/2017;22:00:00;71.1535181901307
11/24/2017;23:00:00;71.1100771763621
11/25/2017;00:00:00;71.1280462332016
11/25/2017;01:00:00;71.1702887851541
11/25/2017;02:00:00;71.1537075710096
11/25/2017;03:00:00;71.0995627638612
11/25/2017;04:00:00;71.2456994459759
11/25/2017;05:00:00;71.2208117722661
11/25/2017;06:00:00;71.2025564117538
11/25/2017;07:00:00;71.1537656457255
11/25/2017;08:00:00;71.1591793930179
11/25/2017;09:00:00;71.1255727475335
11/25/2017;10:00:00;71.1356839890283
11/25/2017;11:00:00;71.155201026317
11/25/2017;12:00:00;71.1334697149025
11/25/2017;13:00:00;71.1293827818098
11/25/2017;14:00:00;71.134166079326
11/25/2017;15:00:00;71.1414458683676
11/25/2017;16:00:00;71.1350116550489
11/25/2017;17:00:00;71.1294200066069
11/25/2017;18:00:00;71.1384197327834
11/25/2017;19:00:00;71.079919925222
11/25/2017;20:00:00;71.1311748171482
11/25/2017;21:00:00;71.0787555634965
11/25/2017;22:00:00;71.0973743438657
11/25/2017;23:00:00;71.1900591001917
11/26/2017;00:00:00;71.1807467909308
11/26/2017;01:00:00;71.1347277567484
11/26/2017;02:00:00;71.0623721738804
11/26/2017;03:00:00;71.0519538214534
11/26/2017;04:00:00;71.0767267988281
11/26/2017;05:00:00;71.0817791505095
11/26/2017;06:00:00;70.9611748410937
11/26/2017;07:00:00;70.9617702326697
11/26/2017;08:00:00;71.0232640310958
11/26/2017;09:00:00;71.0364106303887
11/26/2017;10:00:00;71.0815388884618
11/26/2017;11:00:00;71.0413421598795
11/26/2017;12:00:00;71.0634020228938
11/26/2017;13:00:00;71.0591345410259
11/26/2017;14:00:00;71.0835263355368
11/26/2017;15:00:00;71.0265010987481
11/26/2017;16:00:00;71.1185462717314
11/26/2017;17:00:00;71.0938984871834
11/26/2017;18:00:00;71.1655676151566
11/26/2017;19:00:00;71.1707908893159
11/26/2017;20:00:00;71.0614884393956
11/26/2017;21:00:00;71.005666559946
11/26/2017;22:00:00;71.0305424794335
11/26/2017;23:00:00;71.0208417840717
11/27/2017;00:00:00;70.9930580910396
11/27/2017;01:00:00;70.9827455179369
11/27/2017;02:00:00;70.9857854257443
11/27/2017;03:00:00;70.9624551526909
11/27/2017;04:00:00;70.0164617680904
11/27/2017;05:00:00;68.0119314627053
11/27/2017;06:00:00;66.4697646090917
11/27/2017;07:00:00;66.9706387295634
11/27/2017;08:00:00;61.2084333843655
11/27/2017;09:00:00;15.2224069913228
11/27/2017;10:00:00;15
11/27/2017;11:00:00;3.97961044311523
11/27/2017;12:00:00;0
11/27/2017;13:00:00;0
11/27/2017;14:00:00;0
11/27/2017;15:00:00;0
11/27/2017;16:00:00;0
11/27/2017;17:00:00;0
11/27/2017;18:00:00;0
11/27/2017;19:00:00;0
11/27/2017;20:00:00;0
11/27/2017;21:00:00;0
11/27/2017;22:00:00;0
11/27/2017;23:00:00;0
11/28/2017;00:00:00;0
11/28/2017;01:00:00;0
11/28/2017;02:00:00;0
11/28/2017;03:00:00;0
11/28/2017;04:00:00;0
11/28/2017;05:00:00;0
11/28/2017;06:00:00;0
11/28/2017;07:00:00;0
11/28/2017;08:00:00;0
11/28/2017;09:00:00;0
11/28/2017;10:00:00;0
11/28/2017;11:00:00;0
11/28/2017;12:00:00;0
11/28/2017;13:00:00;0
11/28/2017;14:00:00;0
11/28/2017;15:00:00;0
11/28/2017;16:00:00;0
11/28/2017;17:00:00;0
11/28/2017;18:00:00;0
11/28/2017;19:00:00;0
11/28/2017;20:00:00;0
11/28/2017;21:00:00;0
11/28/2017;22:00:00;0
11/28/2017;23:00:00;0
11/29/2017;00:00:00;0
11/29/2017;01:00:00;0
11/29/2017;02:00:00;0
11/29/2017;03:00:00;0
11/29/2017;04:00:00;0
11/29/2017;05:00:00;0
11/29/2017;06:00:00;0
11/29/2017;07:00:00;0
11/29/2017;08:00:00;0
11/29/2017;09:00:00;0
11/29/2017;10:00:00;0
11/29/2017;11:00:00;0
11/29/2017;12:00:00;0
11/29/2017;13:00:00;0
11/29/2017;14:00:00;0
11/29/2017;15:00:00;0
11/29/2017;16:00:00;0
11/29/2017;17:00:00;0
11/29/2017;18:00:00;0
11/29/2017;19:00:00;0
11/29/2017;20:00:00;0
11/29/2017;21:00:00;0
11/29/2017;22:00:00;0
11/29/2017;23:00:00;0
11/30/2017;00:00:00;0
11/30/2017;01:00:00;0
11/30/2017;02:00:00;0
11/30/2017;03:00:00;0
11/30/2017;04:00:00;0
11/30/2017;05:00:00;0
11/30/2017;06:00:00;0
11/30/2017;07:00:00;0
11/30/2017;08:00:00;0
11/30/2017;09:00:00;0
11/30/2017;10:00:00;0
11/30/2017;11:00:00;0
11/30/2017;12:00:00;0
11/30/2017;13:00:00;0
11/30/2017;14:00:00;0
11/30/2017;15:00:00;0
11/30/2017;16:00:00;0
11/30/2017;17:00:00;0
11/30/2017;18:00:00;0
11/30/2017;19:00:00;0
11/30/2017;20:00:00;0
11/30/2017;21:00:00;0
11/30/2017;22:00:00;0
11/30/2017;23:00:00;0
12/01/2017;00:00:00;0
12/01/2017;01:00:00;0
12/01/2017;02:00:00;0
12/01/2017;03:00:00;0
12/01/2017;04:00:00;0
12/01/2017;05:00:00;0
12/01/2017;06:00:00;0
12/01/2017;07:00:00;0
12/01/2017;08:00:00;0
12/01/2017;09:00:00;0
12/01/2017;10:00:00;0
12/01/2017;11:00:00;0
12/01/2017;12:00:00;0
12/01/2017;13:00:00;0
12/01/2017;14:00:00;0
12/01/2017;15:00:00;8.73608508678831
12/01/2017;16:00:00;13.4456843902082
12/01/2017;17:00:00;20.1525012207031
12/01/2017;18:00:00;23.2431625154283
12/01/2017;19:00:00;33.6846492491828
12/01/2017;20:00:00;40.8681243154738
12/01/2017;21:00:00;40
12/01/2017;22:00:00;42.4721794382731
12/01/2017;23:00:00;44
12/02/2017;00:00:00;44
12/02/2017;01:00:00;44
12/02/2017;02:00:00;44
12/02/2017;03:00:00;44
12/02/2017;04:00:00;44
12/02/2017;05:00:00;44
12/02/2017;06:00:00;49.3378136594841
12/02/2017;07:00:00;61.3537691864844
12/02/2017;08:00:00;62.3695253444928
12/02/2017;09:00:00;61.2083318267184
12/02/2017;10:00:00;61.0962004189177
12/02/2017;11:00:00;61.4803137755527
12/02/2017;12:00:00;60.8886239576477
12/02/2017;13:00:00;60.9246518278086
12/02/2017;14:00:00;74.9220092538034
12/02/2017;15:00:00;58.9085211276562
12/02/2017;16:00:00;59.0387429755687
12/02/2017;17:00:00;59.1051679731005
12/02/2017;18:00:00;58.7745214729439
12/02/2017;19:00:00;50.7044558615542
12/02/2017;20:00:00;50.6651744955451
12/02/2017;21:00:00;50.632964718197
12/02/2017;22:00:00;50.5971816804739
12/02/2017;23:00:00;50.6132632172764
12/03/2017;00:00:00;50.9399401466694
12/03/2017;01:00:00;51.1777983016265
12/03/2017;02:00:00;51.2223680657156
12/03/2017;03:00:00;51.2065036202244
12/03/2017;04:00:00;51.2107342822517
12/03/2017;05:00:00;51.2555487617384
12/03/2017;06:00:00;51.301556203285
12/03/2017;07:00:00;51.2500723733642
12/03/2017;08:00:00;51.2567565497263
12/03/2017;09:00:00;51.2673362321858
12/03/2017;10:00:00;51.1947531087258
12/03/2017;11:00:00;51.1718735947551
12/03/2017;12:00:00;51.1756420227692
12/03/2017;13:00:00;51.2865317017404
12/03/2017;14:00:00;51.2755900984888
12/03/2017;15:00:00;51.2971314453352
12/03/2017;16:00:00;51.2681875938569
12/03/2017;17:00:00;51.2530032331878
12/03/2017;18:00:00;51.2420202033216
12/03/2017;19:00:00;51.2460798121333
12/03/2017;20:00:00;51.1975899710351
12/03/2017;21:00:00;50.1050272849521
12/03/2017;22:00:00;49.0402845036056
12/03/2017;23:00:00;48.9825142523209
12/04/2017;00:00:00;48.9162367477221
12/04/2017;01:00:00;50.0185468626917
12/04/2017;02:00:00;49.3288100330091
12/04/2017;03:00:00;48.9001907571811
12/04/2017;04:00:00;49.0332036425836
12/04/2017;05:00:00;49.0074227068267
12/04/2017;06:00:00;48.9960459882319
12/04/2017;07:00:00;49.0141598030315
12/04/2017;08:00:00;49.5442638855621
12/04/2017;09:00:00;48.9139381424174
12/04/2017;10:00:00;48.926959213508
12/04/2017;11:00:00;48.9064564766114
12/04/2017;12:00:00;48.7760260360726
12/04/2017;13:00:00;48.7076069038912
12/04/2017;14:00:00;48.8445989410832
12/04/2017;15:00:00;48.8553289809315
12/04/2017;16:00:00;48.8602600867339
12/04/2017;17:00:00;48.9335299863609
12/04/2017;18:00:00;48.9778918470009
12/04/2017;19:00:00;48.9708908770563
12/04/2017;20:00:00;48.8125602157797
12/04/2017;21:00:00;48.8339784273513
12/04/2017;22:00:00;48.9061054035276
12/04/2017;23:00:00;48.8923776385234
12/05/2017;00:00:00;48.8781334918834
12/05/2017;01:00:00;48.8845935489728
12/05/2017;02:00:00;48.9298255325961
12/05/2017;03:00:00;48.8804360071133
12/05/2017;04:00:00;48.919426735177
12/05/2017;05:00:00;48.8321033234265
12/05/2017;06:00:00;48.998548148328
12/05/2017;07:00:00;48.9118932710091
12/05/2017;08:00:00;49.0128127572418
12/05/2017;09:00:00;49.0241880739561
12/05/2017;10:00:00;49.0002140995719
12/05/2017;11:00:00;48.9902976180856
12/05/2017;12:00:00;49.0307238214462
12/05/2017;13:00:00;49.1477792780153
12/05/2017;14:00:00;49.1164146130059
12/05/2017;15:00:00;48.9083150367989
12/05/2017;16:00:00;48.6825675590066
12/05/2017;17:00:00;48.790118483585
12/05/2017;18:00:00;49.1213030453426
12/05/2017;19:00:00;49.3882738710785
12/05/2017;20:00:00;49.3342885702684
12/05/2017;21:00:00;49.3098298914335
12/05/2017;22:00:00;49.2818886636689
12/05/2017;23:00:00;49.1822635594733
12/06/2017;00:00:00;49.2703797227578
12/06/2017;01:00:00;49.2980209426069
12/06/2017;02:00:00;49.1324931259221
12/06/2017;03:00:00;49.0166953734515
12/06/2017;04:00:00;48.9791422248083
12/06/2017;05:00:00;48.8658623752413
12/06/2017;06:00:00;48.988767273487
12/06/2017;07:00:00;49.1514764782427
12/06/2017;08:00:00;49.2557984551457
12/06/2017;09:00:00;49.2931200905689
12/06/2017;10:00:00;49.3216195687551
12/06/2017;11:00:00;49.3165801567085
12/06/2017;12:00:00;49.2582279898399
12/06/2017;13:00:00;49.1171522852656
12/06/2017;14:00:00;49.1716960274341
12/06/2017;15:00:00;49.1394596613415
12/06/2017;16:00:00;49.0969132150653
12/06/2017;17:00:00;49.1766959987959
12/06/2017;18:00:00;49.2437875673302
12/06/2017;19:00:00;49.3189756680647
12/06/2017;20:00:00;49.3350749859416
12/06/2017;21:00:00;49.4378337987662
12/06/2017;22:00:00;49.4211693565992
12/06/2017;23:00:00;49.3974008635154
12/07/2017;00:00:00;49.3305626313765
12/07/2017;01:00:00;49.3712878191556
12/07/2017;02:00:00;49.4318156840109
12/07/2017;03:00:00;49.4401130357644
12/07/2017;04:00:00;49.4684423479355
12/07/2017;05:00:00;49.4620497964393
12/07/2017;06:00:00;49.4377387033234
12/07/2017;07:00:00;49.4810411298341
12/07/2017;08:00:00;49.4873565700422
12/07/2017;09:00:00;49.4725520069615
12/07/2017;10:00:00;49.4932129505658
12/07/2017;11:00:00;49.5463922592804
12/07/2017;12:00:00;49.4998590742533
12/07/2017;13:00:00;49.4397010155095
12/07/2017;14:00:00;49.5009335626725
12/07/2017;15:00:00;49.4707377267247
12/07/2017;16:00:00;49.3741777093082
12/07/2017;17:00:00;49.3075366911566
12/07/2017;18:00:00;49.3314278197346
12/07/2017;19:00:00;49.2516201936272
12/07/2017;20:00:00;49.2697628782489
12/07/2017;21:00:00;49.2659126852567
12/07/2017;22:00:00;49.3128735000077
12/07/2017;23:00:00;49.4046187829164
12/08/2017;00:00:00;49.3919433623857
12/08/2017;01:00:00;49.3211945544034
12/08/2017;02:00:00;49.2706570720746
12/08/2017;03:00:00;49.2630006039241
12/08/2017;04:00:00;49.3978356305594
12/08/2017;05:00:00;49.4203964860738
12/08/2017;06:00:00;49.4273233943496
12/08/2017;07:00:00;49.4382377332727
12/08/2017;08:00:00;49.3622557535099
12/08/2017;09:00:00;49.3838405052749
12/08/2017;10:00:00;49.4008848306551
12/08/2017;11:00:00;49.3918958312107
12/08/2017;12:00:00;49.3929070074259
12/08/2017;13:00:00;49.4142382175372
12/08/2017;14:00:00;49.4894359496617
12/08/2017;15:00:00;49.4788550404956
12/08/2017;16:00:00;49.4841739747105
12/08/2017;17:00:00;49.4255070655738
12/08/2017;18:00:00;49.4079441218853
12/08/2017;19:00:00;49.460416357998
12/08/2017;20:00:00;49.4327358711459
12/08/2017;21:00:00;49.4191451371107
12/08/2017;22:00:00;49.4085389343125
12/08/2017;23:00:00;49.4216395444886
12/09/2017;00:00:00;49.3667458363668
12/09/2017;01:00:00;49.383338413129
12/09/2017;02:00:00;49.3390647497287
12/09/2017;03:00:00;49.3966542294856
12/09/2017;04:00:00;49.4553128927254
12/09/2017;05:00:00;49.3452934557938
12/09/2017;06:00:00;49.4165138551869
12/09/2017;07:00:00;49.414579557817
12/09/2017;08:00:00;49.4488942123191
12/09/2017;09:00:00;49.4503555086944
12/09/2017;10:00:00;49.4415980466287
12/09/2017;11:00:00;49.4769570347026
12/09/2017;12:00:00;49.4667144944275
12/09/2017;13:00:00;49.4922221247671
12/09/2017;14:00:00;49.417058073336
12/09/2017;15:00:00;49.4749674591064
12/09/2017;16:00:00;49.3977859354446
12/09/2017;17:00:00;49.4068841043884
12/09/2017;18:00:00;49.2865106412148
12/09/2017;19:00:00;49.5770395415768
12/09/2017;20:00:00;49.6904374468997
12/09/2017;21:00:00;49.6753740120375
12/09/2017;22:00:00;49.7351330436114
12/09/2017;23:00:00;49.7391749723052
12/10/2017;00:00:00;49.7425624198082
12/10/2017;01:00:00;49.7910488345143
12/10/2017;02:00:00;49.8726415703898
12/10/2017;03:00:00;49.8435053992478
12/10/2017;04:00:00;49.7623301727652
12/10/2017;05:00:00;49.7663776630244
12/10/2017;06:00:00;49.8060563547392
12/10/2017;07:00:00;49.7791225436638
12/10/2017;08:00:00;49.8049046047077
12/10/2017;09:00:00;49.7945975110576
12/10/2017;10:00:00;49.7879517129053
12/10/2017;11:00:00;49.8188702396977
12/10/2017;12:00:00;49.8483385084712
12/10/2017;13:00:00;49.8046411609924
12/10/2017;14:00:00;49.7971512328994
12/10/2017;15:00:00;49.8369149408514
12/10/2017;16:00:00;49.8010613135735
12/10/2017;17:00:00;49.7666519530576
12/10/2017;18:00:00;49.7738817281871
12/10/2017;19:00:00;49.7288908540722
12/10/2017;20:00:00;49.796251309562
12/10/2017;21:00:00;49.7817054743823
12/10/2017;22:00:00;49.6940585359513
12/10/2017;23:00:00;49.6438272052279
12/11/2017;00:00:00;49.672846146507
12/11/2017;01:00:00;49.6998089606232
12/11/2017;02:00:00;49.7420414618437
12/11/2017;03:00:00;49.6835954299255
12/11/2017;04:00:00;49.7327255226089
12/11/2017;05:00:00;49.730655965132
12/11/2017;06:00:00;49.8060520342414
12/11/2017;07:00:00;49.808156255618
12/11/2017;08:00:00;49.8544599859208
12/11/2017;09:00:00;49.8290089587987
12/11/2017;10:00:00;49.8311676823553
12/11/2017;11:00:00;49.8301272971531
12/11/2017;12:00:00;49.8965567715237
12/11/2017;13:00:00;49.9189591286114
12/11/2017;14:00:00;49.90998512569
12/11/2017;15:00:00;49.9733912351268
12/11/2017;16:00:00;49.9640457707465
12/11/2017;17:00:00;49.9369124275844
12/11/2017;18:00:00;49.9158765824838
12/11/2017;19:00:00;49.8618503146248
12/11/2017;20:00:00;49.9105679600203
12/11/2017;21:00:00;49.8987410056366
12/11/2017;22:00:00;49.9252202099546
12/11/2017;23:00:00;49.9185225185577
12/12/2017;00:00:00;49.9087546121188
12/12/2017;01:00:00;49.9368357585728
12/12/2017;02:00:00;49.9459012989191
12/12/2017;03:00:00;49.8799463247298
12/12/2017;04:00:00;49.9384338822465
12/12/2017;05:00:00;49.9510788908446
12/12/2017;06:00:00;49.9597724700433
12/12/2017;07:00:00;49.9670561824795
12/12/2017;08:00:00;50.0369770545129
12/12/2017;09:00:00;50.0538949206461
12/12/2017;10:00:00;50.0559713766741
12/12/2017;11:00:00;50.1134515053319
12/12/2017;12:00:00;50.0718258004738
12/12/2017;13:00:00;50.0418427508494
12/12/2017;14:00:00;50.0459220514853
12/12/2017;15:00:00;49.9684490235379
12/12/2017;16:00:00;49.9573330776662
12/12/2017;17:00:00;49.9327479081339
12/12/2017;18:00:00;49.9721596358645
12/12/2017;19:00:00;48.8299127412917
12/12/2017;20:00:00;48.6572722812971
12/12/2017;21:00:00;48.7051896499947
12/12/2017;22:00:00;48.7028707219788
12/12/2017;23:00:00;48.6971022961843
12/13/2017;00:00:00;48.7092806982158
12/13/2017;01:00:00;48.6622829825399
12/13/2017;02:00:00;48.4716059059661
12/13/2017;03:00:00;48.3419476938488
12/13/2017;04:00:00;48.2517616697546
12/13/2017;05:00:00;48.3283457946335
12/13/2017;06:00:00;48.3206664874193
12/13/2017;07:00:00;48.3794580068838
12/13/2017;08:00:00;48.2945766897882
12/13/2017;09:00:00;48.348295070612
12/13/2017;10:00:00;48.3571928157091
12/13/2017;11:00:00;48.271875730229
12/13/2017;12:00:00;48.3243725649664
12/13/2017;13:00:00;48.3408643462147
12/13/2017;14:00:00;48.2597202432797
12/13/2017;15:00:00;48.2699236199482
12/13/2017;16:00:00;48.2795277914321
12/13/2017;17:00:00;48.1691759498964
12/13/2017;18:00:00;48.0915874000995
12/13/2017;19:00:00;48.0947770801294
12/13/2017;20:00:00;48.1128804243011
12/13/2017;21:00:00;48.0986054407419
12/13/2017;22:00:00;48.034268362698
12/13/2017;23:00:00;48.027051706659
12/14/2017;00:00:00;48.2155395669164
12/14/2017;01:00:00;48.0902464059604
12/14/2017;02:00:00;48.0047075909647
12/14/2017;03:00:00;48.0500718213034
12/14/2017;04:00:00;48.0573561635148
12/14/2017;05:00:00;48.1247797763718
12/14/2017;06:00:00;56.8252385823961
12/14/2017;07:00:00;58.3890954692497
12/14/2017;08:00:00;51.1405093888507
12/14/2017;09:00:00;51.2102705303467
12/14/2017;10:00:00;51.2938979249546
12/14/2017;11:00:00;51.2957999574337
12/14/2017;12:00:00;51.2818967779778
12/14/2017;13:00:00;51.737913517031
12/14/2017;14:00:00;52.4182424594035
12/14/2017;15:00:00;54.0723504824601
12/14/2017;16:00:00;55.1294444511124
12/14/2017;17:00:00;58.7043858056489
12/14/2017;18:00:00;60.366412811788
12/14/2017;19:00:00;61.357365767062
12/14/2017;20:00:00;61.7537076999359
12/14/2017;21:00:00;61.7240692057129
12/14/2017;22:00:00;61.5080008987377
12/14/2017;23:00:00;61.5799750009997
12/15/2017;00:00:00;61.6647992339585
12/15/2017;01:00:00;61.6843824849476
12/15/2017;02:00:00;61.6685171705392
12/15/2017;03:00:00;61.7262146884992
12/15/2017;04:00:00;61.6664951475478
12/15/2017;05:00:00;61.3721629387342
12/15/2017;06:00:00;61.5208840663163
12/15/2017;07:00:00;61.6892720666954
12/15/2017;08:00:00;61.6676823081128
12/15/2017;09:00:00;61.6523952464379
12/15/2017;10:00:00;61.6801011136457
12/15/2017;11:00:00;61.6246220991979
12/15/2017;12:00:00;61.6416699692914
12/15/2017;13:00:00;61.6490714437744
12/15/2017;14:00:00;61.6658678594096
12/15/2017;15:00:00;61.7912693860916
12/15/2017;16:00:00;61.6443771250596
12/15/2017;17:00:00;61.7281242227278
12/15/2017;18:00:00;61.5489704250914
12/15/2017;19:00:00;61.5902441372168
12/15/2017;20:00:00;61.5186678637759
12/15/2017;21:00:00;61.2065239926427
12/15/2017;22:00:00;61.7166357364885
12/15/2017;23:00:00;62.0811732421522
12/16/2017;00:00:00;62.0078666279789
12/16/2017;01:00:00;62.1077808026408
12/16/2017;02:00:00;62.1004829432283
12/16/2017;03:00:00;62.1106304206238
12/16/2017;04:00:00;62.0823995633282
12/16/2017;05:00:00;61.9650112490625
12/16/2017;06:00:00;61.9469471904048
12/16/2017;07:00:00;61.7730320925159
12/16/2017;08:00:00;61.7847862108303
12/16/2017;09:00:00;61.6919411301705
12/16/2017;10:00:00;61.6611248128113
12/16/2017;11:00:00;61.5872772478726
12/16/2017;12:00:00;61.5482831203431
12/16/2017;13:00:00;61.6616245057366
12/16/2017;14:00:00;61.515975978048
12/16/2017;15:00:00;61.607348324863
12/16/2017;16:00:00;61.7097563253006
12/16/2017;17:00:00;61.6412727559926
12/16/2017;18:00:00;61.7059590797163
12/16/2017;19:00:00;61.7102225679152
12/16/2017;20:00:00;61.870025446708
12/16/2017;21:00:00;61.9018911867106
12/16/2017;22:00:00;61.8625077215293
12/16/2017;23:00:00;61.813879417236
12/17/2017;00:00:00;61.648949543192
12/17/2017;01:00:00;61.8299422466173
12/17/2017;02:00:00;61.8611371958137
12/17/2017;03:00:00;61.9654089767428
12/17/2017;04:00:00;61.8463301307178
12/17/2017;05:00:00;61.8070747894861
12/17/2017;06:00:00;61.8351500387968
12/17/2017;07:00:00;61.7587693769036
12/17/2017;08:00:00;61.7159611114867
12/17/2017;09:00:00;61.808991530606
12/17/2017;10:00:00;61.7921891575313
12/17/2017;11:00:00;61.8203443485905
12/17/2017;12:00:00;61.8689540897326
12/17/2017;13:00:00;61.8874934590304
12/17/2017;14:00:00;61.95074866684
12/17/2017;15:00:00;61.8517086341812
12/17/2017;16:00:00;61.806104839682
12/17/2017;17:00:00;61.8325227084885
12/17/2017;18:00:00;61.7640479440283
12/17/2017;19:00:00;61.800787202438
12/17/2017;20:00:00;61.877288443792
12/17/2017;21:00:00;61.8073348073858
12/17/2017;22:00:00;61.8568524799937
